Copyright 1986-2021 Xilinx, Inc. All Rights Reserved.
-----------------------------------------------------------------------------------------------------------------------------------------------------------------------------------------------
| Tool Version : Vivado v.2021.1 (win64) Build 3247384 Thu Jun 10 19:36:33 MDT 2021
| Date         : Thu Feb 16 14:53:53 2023
| Host         : DESKTOP-JCRIMS0 running 64-bit major release  (build 9200)
| Command      : report_timing_summary -max_paths 10 -file top_lab3_timing_summary_routed.rpt -pb top_lab3_timing_summary_routed.pb -rpx top_lab3_timing_summary_routed.rpx -warn_on_violation
| Design       : top_lab3
| Device       : 7a35t-cpg236
| Speed File   : -1  PRODUCTION 1.23 2018-06-13
-----------------------------------------------------------------------------------------------------------------------------------------------------------------------------------------------

Timing Summary Report

------------------------------------------------------------------------------------------------
| Timer Settings
| --------------
------------------------------------------------------------------------------------------------

  Enable Multi Corner Analysis               :  Yes
  Enable Pessimism Removal                   :  Yes
  Pessimism Removal Resolution               :  Nearest Common Node
  Enable Input Delay Default Clock           :  No
  Enable Preset / Clear Arcs                 :  No
  Disable Flight Delays                      :  No
  Ignore I/O Paths                           :  No
  Timing Early Launch at Borrowing Latches   :  No
  Borrow Time for Max Delay Exceptions       :  Yes
  Merge Timing Exceptions                    :  Yes

  Corner  Analyze    Analyze    
  Name    Max Paths  Min Paths  
  ------  ---------  ---------  
  Slow    Yes        Yes        
  Fast    Yes        Yes        


------------------------------------------------------------------------------------------------
| Report Methodology
| ------------------
------------------------------------------------------------------------------------------------

Rule       Severity          Description                                                       Violations  
---------  ----------------  ----------------------------------------------------------------  ----------  
TIMING-6   Critical Warning  No common primary clock between related clocks                    2           
TIMING-20  Warning           Non-clocked latch                                                 8           
TIMING-56  Warning           Missing logically or physically excluded clock groups constraint  2           

Note: This report is based on the most recent report_methodology run and may not be up-to-date. Run report_methodology on the current design for the latest report.



check_timing report

Table of Contents
-----------------
1. checking no_clock (32)
2. checking constant_clock (0)
3. checking pulse_width_clock (0)
4. checking unconstrained_internal_endpoints (16)
5. checking no_input_delay (1)
6. checking no_output_delay (13)
7. checking multiple_clock (81)
8. checking generated_clocks (0)
9. checking loops (0)
10. checking partial_input_delay (0)
11. checking partial_output_delay (0)
12. checking latch_loops (0)

1. checking no_clock (32)
-------------------------
 There are 8 register/latch pins with no clock driven by root clock pin: seven_seg_segi/select_reg[0]/Q (HIGH)

 There are 8 register/latch pins with no clock driven by root clock pin: seven_seg_segi/select_reg[1]/Q (HIGH)

 There are 8 register/latch pins with no clock driven by root clock pin: seven_seg_segi/select_reg[2]/Q (HIGH)

 There are 8 register/latch pins with no clock driven by root clock pin: seven_seg_segi/select_reg[3]/Q (HIGH)


2. checking constant_clock (0)
------------------------------
 There are 0 register/latch pins with constant_clock.


3. checking pulse_width_clock (0)
---------------------------------
 There are 0 register/latch pins which need pulse_width check


4. checking unconstrained_internal_endpoints (16)
-------------------------------------------------
 There are 16 pins that are not constrained for maximum delay. (HIGH)

 There are 0 pins that are not constrained for maximum delay due to constant clock.


5. checking no_input_delay (1)
------------------------------
 There is 1 input port with no input delay specified. (HIGH)

 There are 0 input ports with no input delay but user has a false path constraint.


6. checking no_output_delay (13)
--------------------------------
 There are 13 ports with no output delay specified. (HIGH)

 There are 0 ports with no output delay but user has a false path constraint

 There are 0 ports with no output delay but with a timing clock defined on it or propagating through it


7. checking multiple_clock (81)
-------------------------------
 There are 81 register/latch pins with multiple clocks. (HIGH)


8. checking generated_clocks (0)
--------------------------------
 There are 0 generated clocks that are not connected to a clock source.


9. checking loops (0)
---------------------
 There are 0 combinational loops in the design.


10. checking partial_input_delay (0)
------------------------------------
 There are 0 input ports with partial input delay specified.


11. checking partial_output_delay (0)
-------------------------------------
 There are 0 ports with partial output delay specified.


12. checking latch_loops (0)
----------------------------
 There are 0 combinational latch loops in the design through latch input



------------------------------------------------------------------------------------------------
| Design Timing Summary
| ---------------------
------------------------------------------------------------------------------------------------

    WNS(ns)      TNS(ns)  TNS Failing Endpoints  TNS Total Endpoints      WHS(ns)      THS(ns)  THS Failing Endpoints  THS Total Endpoints     WPWS(ns)     TPWS(ns)  TPWS Failing Endpoints  TPWS Total Endpoints  
    -------      -------  ---------------------  -------------------      -------      -------  ---------------------  -------------------     --------     --------  ----------------------  --------------------  
     93.059        0.000                      0                  166        0.058        0.000                      0                  166        3.000        0.000                       0                    87  


All user specified timing constraints are met.


------------------------------------------------------------------------------------------------
| Clock Summary
| -------------
------------------------------------------------------------------------------------------------

Clock                       Waveform(ns)         Period(ns)      Frequency(MHz)
-----                       ------------         ----------      --------------
clk                         {0.000 5.000}        10.000          100.000         
  clk_10Mhz_clk_mmcm_wiz    {0.000 50.000}       100.000         10.000          
  clkfbout_clk_mmcm_wiz     {0.000 10.000}       20.000          50.000          
sys_clk_pin                 {0.000 5.000}        10.000          100.000         
  clk_10Mhz_clk_mmcm_wiz_1  {0.000 50.000}       100.000         10.000          
  clkfbout_clk_mmcm_wiz_1   {0.000 10.000}       20.000          50.000          


------------------------------------------------------------------------------------------------
| Intra Clock Table
| -----------------
------------------------------------------------------------------------------------------------

Clock                           WNS(ns)      TNS(ns)  TNS Failing Endpoints  TNS Total Endpoints      WHS(ns)      THS(ns)  THS Failing Endpoints  THS Total Endpoints     WPWS(ns)     TPWS(ns)  TPWS Failing Endpoints  TPWS Total Endpoints  
-----                           -------      -------  ---------------------  -------------------      -------      -------  ---------------------  -------------------     --------     --------  ----------------------  --------------------  
clk                                                                                                                                                                           3.000        0.000                       0                     1  
  clk_10Mhz_clk_mmcm_wiz         93.059        0.000                      0                  146        0.207        0.000                      0                  146       49.500        0.000                       0                    83  
  clkfbout_clk_mmcm_wiz                                                                                                                                                      17.845        0.000                       0                     3  
sys_clk_pin                                                                                                                                                                   3.000        0.000                       0                     1  
  clk_10Mhz_clk_mmcm_wiz_1       93.069        0.000                      0                  146        0.207        0.000                      0                  146       49.500        0.000                       0                    83  
  clkfbout_clk_mmcm_wiz_1                                                                                                                                                    17.845        0.000                       0                     3  


------------------------------------------------------------------------------------------------
| Inter Clock Table
| -----------------
------------------------------------------------------------------------------------------------

From Clock                To Clock                      WNS(ns)      TNS(ns)  TNS Failing Endpoints  TNS Total Endpoints      WHS(ns)      THS(ns)  THS Failing Endpoints  THS Total Endpoints  
----------                --------                      -------      -------  ---------------------  -------------------      -------      -------  ---------------------  -------------------  
clk_10Mhz_clk_mmcm_wiz_1  clk_10Mhz_clk_mmcm_wiz         93.059        0.000                      0                  146        0.058        0.000                      0                  146  
clk_10Mhz_clk_mmcm_wiz    clk_10Mhz_clk_mmcm_wiz_1       93.059        0.000                      0                  146        0.058        0.000                      0                  146  


------------------------------------------------------------------------------------------------
| Other Path Groups Table
| -----------------------
------------------------------------------------------------------------------------------------

Path Group                From Clock                To Clock                      WNS(ns)      TNS(ns)  TNS Failing Endpoints  TNS Total Endpoints      WHS(ns)      THS(ns)  THS Failing Endpoints  THS Total Endpoints  
----------                ----------                --------                      -------      -------  ---------------------  -------------------      -------      -------  ---------------------  -------------------  
**async_default**         clk_10Mhz_clk_mmcm_wiz    clk_10Mhz_clk_mmcm_wiz         96.847        0.000                      0                   20        0.773        0.000                      0                   20  
**async_default**         clk_10Mhz_clk_mmcm_wiz_1  clk_10Mhz_clk_mmcm_wiz         96.847        0.000                      0                   20        0.624        0.000                      0                   20  
**async_default**         clk_10Mhz_clk_mmcm_wiz    clk_10Mhz_clk_mmcm_wiz_1       96.847        0.000                      0                   20        0.624        0.000                      0                   20  
**async_default**         clk_10Mhz_clk_mmcm_wiz_1  clk_10Mhz_clk_mmcm_wiz_1       96.857        0.000                      0                   20        0.773        0.000                      0                   20  


------------------------------------------------------------------------------------------------
| Timing Details
| --------------
------------------------------------------------------------------------------------------------


---------------------------------------------------------------------------------------------------
From Clock:  clk
  To Clock:  clk

Setup :           NA  Failing Endpoints,  Worst Slack           NA  ,  Total Violation           NA
Hold  :           NA  Failing Endpoints,  Worst Slack           NA  ,  Total Violation           NA
PW    :            0  Failing Endpoints,  Worst Slack        3.000ns,  Total Violation        0.000ns
---------------------------------------------------------------------------------------------------


Pulse Width Checks
--------------------------------------------------------------------------------------
Clock Name:         clk
Waveform(ns):       { 0.000 5.000 }
Period(ns):         10.000
Sources:            { clk }

Check Type        Corner  Lib Pin            Reference Pin  Required(ns)  Actual(ns)  Slack(ns)  Location         Pin
Min Period        n/a     MMCME2_ADV/CLKIN1  n/a            1.249         10.000      8.751      MMCME2_ADV_X1Y0  clock_geni/clk_mmcm_wizi/inst/mmcm_adv_inst/CLKIN1
Max Period        n/a     MMCME2_ADV/CLKIN1  n/a            100.000       10.000      90.000     MMCME2_ADV_X1Y0  clock_geni/clk_mmcm_wizi/inst/mmcm_adv_inst/CLKIN1
Low Pulse Width   Slow    MMCME2_ADV/CLKIN1  n/a            2.000         5.000       3.000      MMCME2_ADV_X1Y0  clock_geni/clk_mmcm_wizi/inst/mmcm_adv_inst/CLKIN1
Low Pulse Width   Fast    MMCME2_ADV/CLKIN1  n/a            2.000         5.000       3.000      MMCME2_ADV_X1Y0  clock_geni/clk_mmcm_wizi/inst/mmcm_adv_inst/CLKIN1
High Pulse Width  Slow    MMCME2_ADV/CLKIN1  n/a            2.000         5.000       3.000      MMCME2_ADV_X1Y0  clock_geni/clk_mmcm_wizi/inst/mmcm_adv_inst/CLKIN1
High Pulse Width  Fast    MMCME2_ADV/CLKIN1  n/a            2.000         5.000       3.000      MMCME2_ADV_X1Y0  clock_geni/clk_mmcm_wizi/inst/mmcm_adv_inst/CLKIN1



---------------------------------------------------------------------------------------------------
From Clock:  clk_10Mhz_clk_mmcm_wiz
  To Clock:  clk_10Mhz_clk_mmcm_wiz

Setup :            0  Failing Endpoints,  Worst Slack       93.059ns,  Total Violation        0.000ns
Hold  :            0  Failing Endpoints,  Worst Slack        0.207ns,  Total Violation        0.000ns
PW    :            0  Failing Endpoints,  Worst Slack       49.500ns,  Total Violation        0.000ns
---------------------------------------------------------------------------------------------------


Max Delay Paths
--------------------------------------------------------------------------------------
Slack (MET) :             93.059ns  (required time - arrival time)
  Source:                 light_sensori/counter_reg[16]/C
                            (rising edge-triggered cell FDRE clocked by clk_10Mhz_clk_mmcm_wiz  {rise@0.000ns fall@50.000ns period=100.000ns})
  Destination:            light_sensori/counter_reg[32]/R
                            (rising edge-triggered cell FDRE clocked by clk_10Mhz_clk_mmcm_wiz  {rise@0.000ns fall@50.000ns period=100.000ns})
  Path Group:             clk_10Mhz_clk_mmcm_wiz
  Path Type:              Setup (Max at Slow Process Corner)
  Requirement:            100.000ns  (clk_10Mhz_clk_mmcm_wiz rise@100.000ns - clk_10Mhz_clk_mmcm_wiz rise@0.000ns)
  Data Path Delay:        6.243ns  (logic 1.244ns (19.925%)  route 4.999ns (80.075%))
  Logic Levels:           4  (LUT5=2 LUT6=2)
  Clock Path Skew:        -0.024ns (DCD - SCD + CPR)
    Destination Clock Delay (DCD):    -1.487ns = ( 98.513 - 100.000 ) 
    Source Clock Delay      (SCD):    -0.887ns
    Clock Pessimism Removal (CPR):    0.576ns
  Clock Uncertainty:      0.149ns  ((TSJ^2 + DJ^2)^1/2) / 2 + PE
    Total System Jitter     (TSJ):    0.071ns
    Discrete Jitter          (DJ):    0.290ns
    Phase Error              (PE):    0.000ns

    Location             Delay type                Incr(ns)  Path(ns)    Netlist Resource(s)
  -------------------------------------------------------------------    -------------------
                         (clock clk_10Mhz_clk_mmcm_wiz rise edge)
                                                      0.000     0.000 r  
    W5                                                0.000     0.000 r  clk (IN)
                         net (fo=0)                   0.000     0.000    clock_geni/clk_mmcm_wizi/inst/clk_in1
    W5                   IBUF (Prop_ibuf_I_O)         1.458     1.458 r  clock_geni/clk_mmcm_wizi/inst/clkin1_ibufg/O
                         net (fo=1, routed)           1.233     2.691    clock_geni/clk_mmcm_wizi/inst/clk_in1_clk_mmcm_wiz
    MMCME2_ADV_X1Y0      MMCME2_ADV (Prop_mmcme2_adv_CLKIN1_CLKOUT0)
                                                     -6.961    -4.269 r  clock_geni/clk_mmcm_wizi/inst/mmcm_adv_inst/CLKOUT0
                         net (fo=1, routed)           1.661    -2.608    clock_geni/clk_mmcm_wizi/inst/clk_10Mhz_clk_mmcm_wiz
    BUFGCTRL_X0Y0        BUFG (Prop_bufg_I_O)         0.096    -2.512 r  clock_geni/clk_mmcm_wizi/inst/clkout1_buf/O
                         net (fo=81, routed)          1.625    -0.887    light_sensori/clk_10Mhz
    SLICE_X60Y93         FDRE                                         r  light_sensori/counter_reg[16]/C
  -------------------------------------------------------------------    -------------------
    SLICE_X60Y93         FDRE (Prop_fdre_C_Q)         0.518    -0.369 r  light_sensori/counter_reg[16]/Q
                         net (fo=4, routed)           1.234     0.865    light_sensori/counter_reg[16]
    SLICE_X61Y92         LUT6 (Prop_lut6_I3_O)        0.124     0.989 r  light_sensori/Reading[7]_i_11/O
                         net (fo=2, routed)           0.677     1.666    light_sensori/Reading[7]_i_11_n_0
    SLICE_X61Y92         LUT5 (Prop_lut5_I4_O)        0.152     1.818 r  light_sensori/JA3_i_3/O
                         net (fo=3, routed)           0.591     2.409    light_sensori/JA3_i_3_n_0
    SLICE_X59Y91         LUT5 (Prop_lut5_I3_O)        0.326     2.735 f  light_sensori/counter[0]_i_4/O
                         net (fo=1, routed)           0.790     3.525    light_sensori/counter[0]_i_4_n_0
    SLICE_X61Y91         LUT6 (Prop_lut6_I2_O)        0.124     3.649 r  light_sensori/counter[0]_i_1/O
                         net (fo=33, routed)          1.707     5.356    light_sensori/counter0
    SLICE_X60Y97         FDRE                                         r  light_sensori/counter_reg[32]/R
  -------------------------------------------------------------------    -------------------

                         (clock clk_10Mhz_clk_mmcm_wiz rise edge)
                                                    100.000   100.000 r  
    W5                                                0.000   100.000 r  clk (IN)
                         net (fo=0)                   0.000   100.000    clock_geni/clk_mmcm_wizi/inst/clk_in1
    W5                   IBUF (Prop_ibuf_I_O)         1.388   101.388 r  clock_geni/clk_mmcm_wizi/inst/clkin1_ibufg/O
                         net (fo=1, routed)           1.162   102.550    clock_geni/clk_mmcm_wizi/inst/clk_in1_clk_mmcm_wiz
    MMCME2_ADV_X1Y0      MMCME2_ADV (Prop_mmcme2_adv_CLKIN1_CLKOUT0)
                                                     -7.217    95.332 r  clock_geni/clk_mmcm_wizi/inst/mmcm_adv_inst/CLKOUT0
                         net (fo=1, routed)           1.581    96.914    clock_geni/clk_mmcm_wizi/inst/clk_10Mhz_clk_mmcm_wiz
    BUFGCTRL_X0Y0        BUFG (Prop_bufg_I_O)         0.091    97.005 r  clock_geni/clk_mmcm_wizi/inst/clkout1_buf/O
                         net (fo=81, routed)          1.509    98.513    light_sensori/clk_10Mhz
    SLICE_X60Y97         FDRE                                         r  light_sensori/counter_reg[32]/C
                         clock pessimism              0.576    99.089    
                         clock uncertainty           -0.149    98.940    
    SLICE_X60Y97         FDRE (Setup_fdre_C_R)       -0.524    98.416    light_sensori/counter_reg[32]
  -------------------------------------------------------------------
                         required time                         98.416    
                         arrival time                          -5.356    
  -------------------------------------------------------------------
                         slack                                 93.059    

Slack (MET) :             93.197ns  (required time - arrival time)
  Source:                 light_sensori/counter_reg[16]/C
                            (rising edge-triggered cell FDRE clocked by clk_10Mhz_clk_mmcm_wiz  {rise@0.000ns fall@50.000ns period=100.000ns})
  Destination:            light_sensori/counter_reg[28]/R
                            (rising edge-triggered cell FDRE clocked by clk_10Mhz_clk_mmcm_wiz  {rise@0.000ns fall@50.000ns period=100.000ns})
  Path Group:             clk_10Mhz_clk_mmcm_wiz
  Path Type:              Setup (Max at Slow Process Corner)
  Requirement:            100.000ns  (clk_10Mhz_clk_mmcm_wiz rise@100.000ns - clk_10Mhz_clk_mmcm_wiz rise@0.000ns)
  Data Path Delay:        6.105ns  (logic 1.244ns (20.377%)  route 4.861ns (79.623%))
  Logic Levels:           4  (LUT5=2 LUT6=2)
  Clock Path Skew:        -0.025ns (DCD - SCD + CPR)
    Destination Clock Delay (DCD):    -1.488ns = ( 98.512 - 100.000 ) 
    Source Clock Delay      (SCD):    -0.887ns
    Clock Pessimism Removal (CPR):    0.576ns
  Clock Uncertainty:      0.149ns  ((TSJ^2 + DJ^2)^1/2) / 2 + PE
    Total System Jitter     (TSJ):    0.071ns
    Discrete Jitter          (DJ):    0.290ns
    Phase Error              (PE):    0.000ns

    Location             Delay type                Incr(ns)  Path(ns)    Netlist Resource(s)
  -------------------------------------------------------------------    -------------------
                         (clock clk_10Mhz_clk_mmcm_wiz rise edge)
                                                      0.000     0.000 r  
    W5                                                0.000     0.000 r  clk (IN)
                         net (fo=0)                   0.000     0.000    clock_geni/clk_mmcm_wizi/inst/clk_in1
    W5                   IBUF (Prop_ibuf_I_O)         1.458     1.458 r  clock_geni/clk_mmcm_wizi/inst/clkin1_ibufg/O
                         net (fo=1, routed)           1.233     2.691    clock_geni/clk_mmcm_wizi/inst/clk_in1_clk_mmcm_wiz
    MMCME2_ADV_X1Y0      MMCME2_ADV (Prop_mmcme2_adv_CLKIN1_CLKOUT0)
                                                     -6.961    -4.269 r  clock_geni/clk_mmcm_wizi/inst/mmcm_adv_inst/CLKOUT0
                         net (fo=1, routed)           1.661    -2.608    clock_geni/clk_mmcm_wizi/inst/clk_10Mhz_clk_mmcm_wiz
    BUFGCTRL_X0Y0        BUFG (Prop_bufg_I_O)         0.096    -2.512 r  clock_geni/clk_mmcm_wizi/inst/clkout1_buf/O
                         net (fo=81, routed)          1.625    -0.887    light_sensori/clk_10Mhz
    SLICE_X60Y93         FDRE                                         r  light_sensori/counter_reg[16]/C
  -------------------------------------------------------------------    -------------------
    SLICE_X60Y93         FDRE (Prop_fdre_C_Q)         0.518    -0.369 r  light_sensori/counter_reg[16]/Q
                         net (fo=4, routed)           1.234     0.865    light_sensori/counter_reg[16]
    SLICE_X61Y92         LUT6 (Prop_lut6_I3_O)        0.124     0.989 r  light_sensori/Reading[7]_i_11/O
                         net (fo=2, routed)           0.677     1.666    light_sensori/Reading[7]_i_11_n_0
    SLICE_X61Y92         LUT5 (Prop_lut5_I4_O)        0.152     1.818 r  light_sensori/JA3_i_3/O
                         net (fo=3, routed)           0.591     2.409    light_sensori/JA3_i_3_n_0
    SLICE_X59Y91         LUT5 (Prop_lut5_I3_O)        0.326     2.735 f  light_sensori/counter[0]_i_4/O
                         net (fo=1, routed)           0.790     3.525    light_sensori/counter[0]_i_4_n_0
    SLICE_X61Y91         LUT6 (Prop_lut6_I2_O)        0.124     3.649 r  light_sensori/counter[0]_i_1/O
                         net (fo=33, routed)          1.569     5.218    light_sensori/counter0
    SLICE_X60Y96         FDRE                                         r  light_sensori/counter_reg[28]/R
  -------------------------------------------------------------------    -------------------

                         (clock clk_10Mhz_clk_mmcm_wiz rise edge)
                                                    100.000   100.000 r  
    W5                                                0.000   100.000 r  clk (IN)
                         net (fo=0)                   0.000   100.000    clock_geni/clk_mmcm_wizi/inst/clk_in1
    W5                   IBUF (Prop_ibuf_I_O)         1.388   101.388 r  clock_geni/clk_mmcm_wizi/inst/clkin1_ibufg/O
                         net (fo=1, routed)           1.162   102.550    clock_geni/clk_mmcm_wizi/inst/clk_in1_clk_mmcm_wiz
    MMCME2_ADV_X1Y0      MMCME2_ADV (Prop_mmcme2_adv_CLKIN1_CLKOUT0)
                                                     -7.217    95.332 r  clock_geni/clk_mmcm_wizi/inst/mmcm_adv_inst/CLKOUT0
                         net (fo=1, routed)           1.581    96.914    clock_geni/clk_mmcm_wizi/inst/clk_10Mhz_clk_mmcm_wiz
    BUFGCTRL_X0Y0        BUFG (Prop_bufg_I_O)         0.091    97.005 r  clock_geni/clk_mmcm_wizi/inst/clkout1_buf/O
                         net (fo=81, routed)          1.508    98.512    light_sensori/clk_10Mhz
    SLICE_X60Y96         FDRE                                         r  light_sensori/counter_reg[28]/C
                         clock pessimism              0.576    99.088    
                         clock uncertainty           -0.149    98.939    
    SLICE_X60Y96         FDRE (Setup_fdre_C_R)       -0.524    98.415    light_sensori/counter_reg[28]
  -------------------------------------------------------------------
                         required time                         98.415    
                         arrival time                          -5.218    
  -------------------------------------------------------------------
                         slack                                 93.197    

Slack (MET) :             93.197ns  (required time - arrival time)
  Source:                 light_sensori/counter_reg[16]/C
                            (rising edge-triggered cell FDRE clocked by clk_10Mhz_clk_mmcm_wiz  {rise@0.000ns fall@50.000ns period=100.000ns})
  Destination:            light_sensori/counter_reg[29]/R
                            (rising edge-triggered cell FDRE clocked by clk_10Mhz_clk_mmcm_wiz  {rise@0.000ns fall@50.000ns period=100.000ns})
  Path Group:             clk_10Mhz_clk_mmcm_wiz
  Path Type:              Setup (Max at Slow Process Corner)
  Requirement:            100.000ns  (clk_10Mhz_clk_mmcm_wiz rise@100.000ns - clk_10Mhz_clk_mmcm_wiz rise@0.000ns)
  Data Path Delay:        6.105ns  (logic 1.244ns (20.377%)  route 4.861ns (79.623%))
  Logic Levels:           4  (LUT5=2 LUT6=2)
  Clock Path Skew:        -0.025ns (DCD - SCD + CPR)
    Destination Clock Delay (DCD):    -1.488ns = ( 98.512 - 100.000 ) 
    Source Clock Delay      (SCD):    -0.887ns
    Clock Pessimism Removal (CPR):    0.576ns
  Clock Uncertainty:      0.149ns  ((TSJ^2 + DJ^2)^1/2) / 2 + PE
    Total System Jitter     (TSJ):    0.071ns
    Discrete Jitter          (DJ):    0.290ns
    Phase Error              (PE):    0.000ns

    Location             Delay type                Incr(ns)  Path(ns)    Netlist Resource(s)
  -------------------------------------------------------------------    -------------------
                         (clock clk_10Mhz_clk_mmcm_wiz rise edge)
                                                      0.000     0.000 r  
    W5                                                0.000     0.000 r  clk (IN)
                         net (fo=0)                   0.000     0.000    clock_geni/clk_mmcm_wizi/inst/clk_in1
    W5                   IBUF (Prop_ibuf_I_O)         1.458     1.458 r  clock_geni/clk_mmcm_wizi/inst/clkin1_ibufg/O
                         net (fo=1, routed)           1.233     2.691    clock_geni/clk_mmcm_wizi/inst/clk_in1_clk_mmcm_wiz
    MMCME2_ADV_X1Y0      MMCME2_ADV (Prop_mmcme2_adv_CLKIN1_CLKOUT0)
                                                     -6.961    -4.269 r  clock_geni/clk_mmcm_wizi/inst/mmcm_adv_inst/CLKOUT0
                         net (fo=1, routed)           1.661    -2.608    clock_geni/clk_mmcm_wizi/inst/clk_10Mhz_clk_mmcm_wiz
    BUFGCTRL_X0Y0        BUFG (Prop_bufg_I_O)         0.096    -2.512 r  clock_geni/clk_mmcm_wizi/inst/clkout1_buf/O
                         net (fo=81, routed)          1.625    -0.887    light_sensori/clk_10Mhz
    SLICE_X60Y93         FDRE                                         r  light_sensori/counter_reg[16]/C
  -------------------------------------------------------------------    -------------------
    SLICE_X60Y93         FDRE (Prop_fdre_C_Q)         0.518    -0.369 r  light_sensori/counter_reg[16]/Q
                         net (fo=4, routed)           1.234     0.865    light_sensori/counter_reg[16]
    SLICE_X61Y92         LUT6 (Prop_lut6_I3_O)        0.124     0.989 r  light_sensori/Reading[7]_i_11/O
                         net (fo=2, routed)           0.677     1.666    light_sensori/Reading[7]_i_11_n_0
    SLICE_X61Y92         LUT5 (Prop_lut5_I4_O)        0.152     1.818 r  light_sensori/JA3_i_3/O
                         net (fo=3, routed)           0.591     2.409    light_sensori/JA3_i_3_n_0
    SLICE_X59Y91         LUT5 (Prop_lut5_I3_O)        0.326     2.735 f  light_sensori/counter[0]_i_4/O
                         net (fo=1, routed)           0.790     3.525    light_sensori/counter[0]_i_4_n_0
    SLICE_X61Y91         LUT6 (Prop_lut6_I2_O)        0.124     3.649 r  light_sensori/counter[0]_i_1/O
                         net (fo=33, routed)          1.569     5.218    light_sensori/counter0
    SLICE_X60Y96         FDRE                                         r  light_sensori/counter_reg[29]/R
  -------------------------------------------------------------------    -------------------

                         (clock clk_10Mhz_clk_mmcm_wiz rise edge)
                                                    100.000   100.000 r  
    W5                                                0.000   100.000 r  clk (IN)
                         net (fo=0)                   0.000   100.000    clock_geni/clk_mmcm_wizi/inst/clk_in1
    W5                   IBUF (Prop_ibuf_I_O)         1.388   101.388 r  clock_geni/clk_mmcm_wizi/inst/clkin1_ibufg/O
                         net (fo=1, routed)           1.162   102.550    clock_geni/clk_mmcm_wizi/inst/clk_in1_clk_mmcm_wiz
    MMCME2_ADV_X1Y0      MMCME2_ADV (Prop_mmcme2_adv_CLKIN1_CLKOUT0)
                                                     -7.217    95.332 r  clock_geni/clk_mmcm_wizi/inst/mmcm_adv_inst/CLKOUT0
                         net (fo=1, routed)           1.581    96.914    clock_geni/clk_mmcm_wizi/inst/clk_10Mhz_clk_mmcm_wiz
    BUFGCTRL_X0Y0        BUFG (Prop_bufg_I_O)         0.091    97.005 r  clock_geni/clk_mmcm_wizi/inst/clkout1_buf/O
                         net (fo=81, routed)          1.508    98.512    light_sensori/clk_10Mhz
    SLICE_X60Y96         FDRE                                         r  light_sensori/counter_reg[29]/C
                         clock pessimism              0.576    99.088    
                         clock uncertainty           -0.149    98.939    
    SLICE_X60Y96         FDRE (Setup_fdre_C_R)       -0.524    98.415    light_sensori/counter_reg[29]
  -------------------------------------------------------------------
                         required time                         98.415    
                         arrival time                          -5.218    
  -------------------------------------------------------------------
                         slack                                 93.197    

Slack (MET) :             93.197ns  (required time - arrival time)
  Source:                 light_sensori/counter_reg[16]/C
                            (rising edge-triggered cell FDRE clocked by clk_10Mhz_clk_mmcm_wiz  {rise@0.000ns fall@50.000ns period=100.000ns})
  Destination:            light_sensori/counter_reg[30]/R
                            (rising edge-triggered cell FDRE clocked by clk_10Mhz_clk_mmcm_wiz  {rise@0.000ns fall@50.000ns period=100.000ns})
  Path Group:             clk_10Mhz_clk_mmcm_wiz
  Path Type:              Setup (Max at Slow Process Corner)
  Requirement:            100.000ns  (clk_10Mhz_clk_mmcm_wiz rise@100.000ns - clk_10Mhz_clk_mmcm_wiz rise@0.000ns)
  Data Path Delay:        6.105ns  (logic 1.244ns (20.377%)  route 4.861ns (79.623%))
  Logic Levels:           4  (LUT5=2 LUT6=2)
  Clock Path Skew:        -0.025ns (DCD - SCD + CPR)
    Destination Clock Delay (DCD):    -1.488ns = ( 98.512 - 100.000 ) 
    Source Clock Delay      (SCD):    -0.887ns
    Clock Pessimism Removal (CPR):    0.576ns
  Clock Uncertainty:      0.149ns  ((TSJ^2 + DJ^2)^1/2) / 2 + PE
    Total System Jitter     (TSJ):    0.071ns
    Discrete Jitter          (DJ):    0.290ns
    Phase Error              (PE):    0.000ns

    Location             Delay type                Incr(ns)  Path(ns)    Netlist Resource(s)
  -------------------------------------------------------------------    -------------------
                         (clock clk_10Mhz_clk_mmcm_wiz rise edge)
                                                      0.000     0.000 r  
    W5                                                0.000     0.000 r  clk (IN)
                         net (fo=0)                   0.000     0.000    clock_geni/clk_mmcm_wizi/inst/clk_in1
    W5                   IBUF (Prop_ibuf_I_O)         1.458     1.458 r  clock_geni/clk_mmcm_wizi/inst/clkin1_ibufg/O
                         net (fo=1, routed)           1.233     2.691    clock_geni/clk_mmcm_wizi/inst/clk_in1_clk_mmcm_wiz
    MMCME2_ADV_X1Y0      MMCME2_ADV (Prop_mmcme2_adv_CLKIN1_CLKOUT0)
                                                     -6.961    -4.269 r  clock_geni/clk_mmcm_wizi/inst/mmcm_adv_inst/CLKOUT0
                         net (fo=1, routed)           1.661    -2.608    clock_geni/clk_mmcm_wizi/inst/clk_10Mhz_clk_mmcm_wiz
    BUFGCTRL_X0Y0        BUFG (Prop_bufg_I_O)         0.096    -2.512 r  clock_geni/clk_mmcm_wizi/inst/clkout1_buf/O
                         net (fo=81, routed)          1.625    -0.887    light_sensori/clk_10Mhz
    SLICE_X60Y93         FDRE                                         r  light_sensori/counter_reg[16]/C
  -------------------------------------------------------------------    -------------------
    SLICE_X60Y93         FDRE (Prop_fdre_C_Q)         0.518    -0.369 r  light_sensori/counter_reg[16]/Q
                         net (fo=4, routed)           1.234     0.865    light_sensori/counter_reg[16]
    SLICE_X61Y92         LUT6 (Prop_lut6_I3_O)        0.124     0.989 r  light_sensori/Reading[7]_i_11/O
                         net (fo=2, routed)           0.677     1.666    light_sensori/Reading[7]_i_11_n_0
    SLICE_X61Y92         LUT5 (Prop_lut5_I4_O)        0.152     1.818 r  light_sensori/JA3_i_3/O
                         net (fo=3, routed)           0.591     2.409    light_sensori/JA3_i_3_n_0
    SLICE_X59Y91         LUT5 (Prop_lut5_I3_O)        0.326     2.735 f  light_sensori/counter[0]_i_4/O
                         net (fo=1, routed)           0.790     3.525    light_sensori/counter[0]_i_4_n_0
    SLICE_X61Y91         LUT6 (Prop_lut6_I2_O)        0.124     3.649 r  light_sensori/counter[0]_i_1/O
                         net (fo=33, routed)          1.569     5.218    light_sensori/counter0
    SLICE_X60Y96         FDRE                                         r  light_sensori/counter_reg[30]/R
  -------------------------------------------------------------------    -------------------

                         (clock clk_10Mhz_clk_mmcm_wiz rise edge)
                                                    100.000   100.000 r  
    W5                                                0.000   100.000 r  clk (IN)
                         net (fo=0)                   0.000   100.000    clock_geni/clk_mmcm_wizi/inst/clk_in1
    W5                   IBUF (Prop_ibuf_I_O)         1.388   101.388 r  clock_geni/clk_mmcm_wizi/inst/clkin1_ibufg/O
                         net (fo=1, routed)           1.162   102.550    clock_geni/clk_mmcm_wizi/inst/clk_in1_clk_mmcm_wiz
    MMCME2_ADV_X1Y0      MMCME2_ADV (Prop_mmcme2_adv_CLKIN1_CLKOUT0)
                                                     -7.217    95.332 r  clock_geni/clk_mmcm_wizi/inst/mmcm_adv_inst/CLKOUT0
                         net (fo=1, routed)           1.581    96.914    clock_geni/clk_mmcm_wizi/inst/clk_10Mhz_clk_mmcm_wiz
    BUFGCTRL_X0Y0        BUFG (Prop_bufg_I_O)         0.091    97.005 r  clock_geni/clk_mmcm_wizi/inst/clkout1_buf/O
                         net (fo=81, routed)          1.508    98.512    light_sensori/clk_10Mhz
    SLICE_X60Y96         FDRE                                         r  light_sensori/counter_reg[30]/C
                         clock pessimism              0.576    99.088    
                         clock uncertainty           -0.149    98.939    
    SLICE_X60Y96         FDRE (Setup_fdre_C_R)       -0.524    98.415    light_sensori/counter_reg[30]
  -------------------------------------------------------------------
                         required time                         98.415    
                         arrival time                          -5.218    
  -------------------------------------------------------------------
                         slack                                 93.197    

Slack (MET) :             93.197ns  (required time - arrival time)
  Source:                 light_sensori/counter_reg[16]/C
                            (rising edge-triggered cell FDRE clocked by clk_10Mhz_clk_mmcm_wiz  {rise@0.000ns fall@50.000ns period=100.000ns})
  Destination:            light_sensori/counter_reg[31]/R
                            (rising edge-triggered cell FDRE clocked by clk_10Mhz_clk_mmcm_wiz  {rise@0.000ns fall@50.000ns period=100.000ns})
  Path Group:             clk_10Mhz_clk_mmcm_wiz
  Path Type:              Setup (Max at Slow Process Corner)
  Requirement:            100.000ns  (clk_10Mhz_clk_mmcm_wiz rise@100.000ns - clk_10Mhz_clk_mmcm_wiz rise@0.000ns)
  Data Path Delay:        6.105ns  (logic 1.244ns (20.377%)  route 4.861ns (79.623%))
  Logic Levels:           4  (LUT5=2 LUT6=2)
  Clock Path Skew:        -0.025ns (DCD - SCD + CPR)
    Destination Clock Delay (DCD):    -1.488ns = ( 98.512 - 100.000 ) 
    Source Clock Delay      (SCD):    -0.887ns
    Clock Pessimism Removal (CPR):    0.576ns
  Clock Uncertainty:      0.149ns  ((TSJ^2 + DJ^2)^1/2) / 2 + PE
    Total System Jitter     (TSJ):    0.071ns
    Discrete Jitter          (DJ):    0.290ns
    Phase Error              (PE):    0.000ns

    Location             Delay type                Incr(ns)  Path(ns)    Netlist Resource(s)
  -------------------------------------------------------------------    -------------------
                         (clock clk_10Mhz_clk_mmcm_wiz rise edge)
                                                      0.000     0.000 r  
    W5                                                0.000     0.000 r  clk (IN)
                         net (fo=0)                   0.000     0.000    clock_geni/clk_mmcm_wizi/inst/clk_in1
    W5                   IBUF (Prop_ibuf_I_O)         1.458     1.458 r  clock_geni/clk_mmcm_wizi/inst/clkin1_ibufg/O
                         net (fo=1, routed)           1.233     2.691    clock_geni/clk_mmcm_wizi/inst/clk_in1_clk_mmcm_wiz
    MMCME2_ADV_X1Y0      MMCME2_ADV (Prop_mmcme2_adv_CLKIN1_CLKOUT0)
                                                     -6.961    -4.269 r  clock_geni/clk_mmcm_wizi/inst/mmcm_adv_inst/CLKOUT0
                         net (fo=1, routed)           1.661    -2.608    clock_geni/clk_mmcm_wizi/inst/clk_10Mhz_clk_mmcm_wiz
    BUFGCTRL_X0Y0        BUFG (Prop_bufg_I_O)         0.096    -2.512 r  clock_geni/clk_mmcm_wizi/inst/clkout1_buf/O
                         net (fo=81, routed)          1.625    -0.887    light_sensori/clk_10Mhz
    SLICE_X60Y93         FDRE                                         r  light_sensori/counter_reg[16]/C
  -------------------------------------------------------------------    -------------------
    SLICE_X60Y93         FDRE (Prop_fdre_C_Q)         0.518    -0.369 r  light_sensori/counter_reg[16]/Q
                         net (fo=4, routed)           1.234     0.865    light_sensori/counter_reg[16]
    SLICE_X61Y92         LUT6 (Prop_lut6_I3_O)        0.124     0.989 r  light_sensori/Reading[7]_i_11/O
                         net (fo=2, routed)           0.677     1.666    light_sensori/Reading[7]_i_11_n_0
    SLICE_X61Y92         LUT5 (Prop_lut5_I4_O)        0.152     1.818 r  light_sensori/JA3_i_3/O
                         net (fo=3, routed)           0.591     2.409    light_sensori/JA3_i_3_n_0
    SLICE_X59Y91         LUT5 (Prop_lut5_I3_O)        0.326     2.735 f  light_sensori/counter[0]_i_4/O
                         net (fo=1, routed)           0.790     3.525    light_sensori/counter[0]_i_4_n_0
    SLICE_X61Y91         LUT6 (Prop_lut6_I2_O)        0.124     3.649 r  light_sensori/counter[0]_i_1/O
                         net (fo=33, routed)          1.569     5.218    light_sensori/counter0
    SLICE_X60Y96         FDRE                                         r  light_sensori/counter_reg[31]/R
  -------------------------------------------------------------------    -------------------

                         (clock clk_10Mhz_clk_mmcm_wiz rise edge)
                                                    100.000   100.000 r  
    W5                                                0.000   100.000 r  clk (IN)
                         net (fo=0)                   0.000   100.000    clock_geni/clk_mmcm_wizi/inst/clk_in1
    W5                   IBUF (Prop_ibuf_I_O)         1.388   101.388 r  clock_geni/clk_mmcm_wizi/inst/clkin1_ibufg/O
                         net (fo=1, routed)           1.162   102.550    clock_geni/clk_mmcm_wizi/inst/clk_in1_clk_mmcm_wiz
    MMCME2_ADV_X1Y0      MMCME2_ADV (Prop_mmcme2_adv_CLKIN1_CLKOUT0)
                                                     -7.217    95.332 r  clock_geni/clk_mmcm_wizi/inst/mmcm_adv_inst/CLKOUT0
                         net (fo=1, routed)           1.581    96.914    clock_geni/clk_mmcm_wizi/inst/clk_10Mhz_clk_mmcm_wiz
    BUFGCTRL_X0Y0        BUFG (Prop_bufg_I_O)         0.091    97.005 r  clock_geni/clk_mmcm_wizi/inst/clkout1_buf/O
                         net (fo=81, routed)          1.508    98.512    light_sensori/clk_10Mhz
    SLICE_X60Y96         FDRE                                         r  light_sensori/counter_reg[31]/C
                         clock pessimism              0.576    99.088    
                         clock uncertainty           -0.149    98.939    
    SLICE_X60Y96         FDRE (Setup_fdre_C_R)       -0.524    98.415    light_sensori/counter_reg[31]
  -------------------------------------------------------------------
                         required time                         98.415    
                         arrival time                          -5.218    
  -------------------------------------------------------------------
                         slack                                 93.197    

Slack (MET) :             93.345ns  (required time - arrival time)
  Source:                 light_sensori/counter_reg[16]/C
                            (rising edge-triggered cell FDRE clocked by clk_10Mhz_clk_mmcm_wiz  {rise@0.000ns fall@50.000ns period=100.000ns})
  Destination:            light_sensori/counter_reg[24]/R
                            (rising edge-triggered cell FDRE clocked by clk_10Mhz_clk_mmcm_wiz  {rise@0.000ns fall@50.000ns period=100.000ns})
  Path Group:             clk_10Mhz_clk_mmcm_wiz
  Path Type:              Setup (Max at Slow Process Corner)
  Requirement:            100.000ns  (clk_10Mhz_clk_mmcm_wiz rise@100.000ns - clk_10Mhz_clk_mmcm_wiz rise@0.000ns)
  Data Path Delay:        5.957ns  (logic 1.244ns (20.884%)  route 4.713ns (79.116%))
  Logic Levels:           4  (LUT5=2 LUT6=2)
  Clock Path Skew:        -0.025ns (DCD - SCD + CPR)
    Destination Clock Delay (DCD):    -1.488ns = ( 98.512 - 100.000 ) 
    Source Clock Delay      (SCD):    -0.887ns
    Clock Pessimism Removal (CPR):    0.576ns
  Clock Uncertainty:      0.149ns  ((TSJ^2 + DJ^2)^1/2) / 2 + PE
    Total System Jitter     (TSJ):    0.071ns
    Discrete Jitter          (DJ):    0.290ns
    Phase Error              (PE):    0.000ns

    Location             Delay type                Incr(ns)  Path(ns)    Netlist Resource(s)
  -------------------------------------------------------------------    -------------------
                         (clock clk_10Mhz_clk_mmcm_wiz rise edge)
                                                      0.000     0.000 r  
    W5                                                0.000     0.000 r  clk (IN)
                         net (fo=0)                   0.000     0.000    clock_geni/clk_mmcm_wizi/inst/clk_in1
    W5                   IBUF (Prop_ibuf_I_O)         1.458     1.458 r  clock_geni/clk_mmcm_wizi/inst/clkin1_ibufg/O
                         net (fo=1, routed)           1.233     2.691    clock_geni/clk_mmcm_wizi/inst/clk_in1_clk_mmcm_wiz
    MMCME2_ADV_X1Y0      MMCME2_ADV (Prop_mmcme2_adv_CLKIN1_CLKOUT0)
                                                     -6.961    -4.269 r  clock_geni/clk_mmcm_wizi/inst/mmcm_adv_inst/CLKOUT0
                         net (fo=1, routed)           1.661    -2.608    clock_geni/clk_mmcm_wizi/inst/clk_10Mhz_clk_mmcm_wiz
    BUFGCTRL_X0Y0        BUFG (Prop_bufg_I_O)         0.096    -2.512 r  clock_geni/clk_mmcm_wizi/inst/clkout1_buf/O
                         net (fo=81, routed)          1.625    -0.887    light_sensori/clk_10Mhz
    SLICE_X60Y93         FDRE                                         r  light_sensori/counter_reg[16]/C
  -------------------------------------------------------------------    -------------------
    SLICE_X60Y93         FDRE (Prop_fdre_C_Q)         0.518    -0.369 r  light_sensori/counter_reg[16]/Q
                         net (fo=4, routed)           1.234     0.865    light_sensori/counter_reg[16]
    SLICE_X61Y92         LUT6 (Prop_lut6_I3_O)        0.124     0.989 r  light_sensori/Reading[7]_i_11/O
                         net (fo=2, routed)           0.677     1.666    light_sensori/Reading[7]_i_11_n_0
    SLICE_X61Y92         LUT5 (Prop_lut5_I4_O)        0.152     1.818 r  light_sensori/JA3_i_3/O
                         net (fo=3, routed)           0.591     2.409    light_sensori/JA3_i_3_n_0
    SLICE_X59Y91         LUT5 (Prop_lut5_I3_O)        0.326     2.735 f  light_sensori/counter[0]_i_4/O
                         net (fo=1, routed)           0.790     3.525    light_sensori/counter[0]_i_4_n_0
    SLICE_X61Y91         LUT6 (Prop_lut6_I2_O)        0.124     3.649 r  light_sensori/counter[0]_i_1/O
                         net (fo=33, routed)          1.420     5.070    light_sensori/counter0
    SLICE_X60Y95         FDRE                                         r  light_sensori/counter_reg[24]/R
  -------------------------------------------------------------------    -------------------

                         (clock clk_10Mhz_clk_mmcm_wiz rise edge)
                                                    100.000   100.000 r  
    W5                                                0.000   100.000 r  clk (IN)
                         net (fo=0)                   0.000   100.000    clock_geni/clk_mmcm_wizi/inst/clk_in1
    W5                   IBUF (Prop_ibuf_I_O)         1.388   101.388 r  clock_geni/clk_mmcm_wizi/inst/clkin1_ibufg/O
                         net (fo=1, routed)           1.162   102.550    clock_geni/clk_mmcm_wizi/inst/clk_in1_clk_mmcm_wiz
    MMCME2_ADV_X1Y0      MMCME2_ADV (Prop_mmcme2_adv_CLKIN1_CLKOUT0)
                                                     -7.217    95.332 r  clock_geni/clk_mmcm_wizi/inst/mmcm_adv_inst/CLKOUT0
                         net (fo=1, routed)           1.581    96.914    clock_geni/clk_mmcm_wizi/inst/clk_10Mhz_clk_mmcm_wiz
    BUFGCTRL_X0Y0        BUFG (Prop_bufg_I_O)         0.091    97.005 r  clock_geni/clk_mmcm_wizi/inst/clkout1_buf/O
                         net (fo=81, routed)          1.508    98.512    light_sensori/clk_10Mhz
    SLICE_X60Y95         FDRE                                         r  light_sensori/counter_reg[24]/C
                         clock pessimism              0.576    99.088    
                         clock uncertainty           -0.149    98.939    
    SLICE_X60Y95         FDRE (Setup_fdre_C_R)       -0.524    98.415    light_sensori/counter_reg[24]
  -------------------------------------------------------------------
                         required time                         98.415    
                         arrival time                          -5.070    
  -------------------------------------------------------------------
                         slack                                 93.345    

Slack (MET) :             93.345ns  (required time - arrival time)
  Source:                 light_sensori/counter_reg[16]/C
                            (rising edge-triggered cell FDRE clocked by clk_10Mhz_clk_mmcm_wiz  {rise@0.000ns fall@50.000ns period=100.000ns})
  Destination:            light_sensori/counter_reg[25]/R
                            (rising edge-triggered cell FDRE clocked by clk_10Mhz_clk_mmcm_wiz  {rise@0.000ns fall@50.000ns period=100.000ns})
  Path Group:             clk_10Mhz_clk_mmcm_wiz
  Path Type:              Setup (Max at Slow Process Corner)
  Requirement:            100.000ns  (clk_10Mhz_clk_mmcm_wiz rise@100.000ns - clk_10Mhz_clk_mmcm_wiz rise@0.000ns)
  Data Path Delay:        5.957ns  (logic 1.244ns (20.884%)  route 4.713ns (79.116%))
  Logic Levels:           4  (LUT5=2 LUT6=2)
  Clock Path Skew:        -0.025ns (DCD - SCD + CPR)
    Destination Clock Delay (DCD):    -1.488ns = ( 98.512 - 100.000 ) 
    Source Clock Delay      (SCD):    -0.887ns
    Clock Pessimism Removal (CPR):    0.576ns
  Clock Uncertainty:      0.149ns  ((TSJ^2 + DJ^2)^1/2) / 2 + PE
    Total System Jitter     (TSJ):    0.071ns
    Discrete Jitter          (DJ):    0.290ns
    Phase Error              (PE):    0.000ns

    Location             Delay type                Incr(ns)  Path(ns)    Netlist Resource(s)
  -------------------------------------------------------------------    -------------------
                         (clock clk_10Mhz_clk_mmcm_wiz rise edge)
                                                      0.000     0.000 r  
    W5                                                0.000     0.000 r  clk (IN)
                         net (fo=0)                   0.000     0.000    clock_geni/clk_mmcm_wizi/inst/clk_in1
    W5                   IBUF (Prop_ibuf_I_O)         1.458     1.458 r  clock_geni/clk_mmcm_wizi/inst/clkin1_ibufg/O
                         net (fo=1, routed)           1.233     2.691    clock_geni/clk_mmcm_wizi/inst/clk_in1_clk_mmcm_wiz
    MMCME2_ADV_X1Y0      MMCME2_ADV (Prop_mmcme2_adv_CLKIN1_CLKOUT0)
                                                     -6.961    -4.269 r  clock_geni/clk_mmcm_wizi/inst/mmcm_adv_inst/CLKOUT0
                         net (fo=1, routed)           1.661    -2.608    clock_geni/clk_mmcm_wizi/inst/clk_10Mhz_clk_mmcm_wiz
    BUFGCTRL_X0Y0        BUFG (Prop_bufg_I_O)         0.096    -2.512 r  clock_geni/clk_mmcm_wizi/inst/clkout1_buf/O
                         net (fo=81, routed)          1.625    -0.887    light_sensori/clk_10Mhz
    SLICE_X60Y93         FDRE                                         r  light_sensori/counter_reg[16]/C
  -------------------------------------------------------------------    -------------------
    SLICE_X60Y93         FDRE (Prop_fdre_C_Q)         0.518    -0.369 r  light_sensori/counter_reg[16]/Q
                         net (fo=4, routed)           1.234     0.865    light_sensori/counter_reg[16]
    SLICE_X61Y92         LUT6 (Prop_lut6_I3_O)        0.124     0.989 r  light_sensori/Reading[7]_i_11/O
                         net (fo=2, routed)           0.677     1.666    light_sensori/Reading[7]_i_11_n_0
    SLICE_X61Y92         LUT5 (Prop_lut5_I4_O)        0.152     1.818 r  light_sensori/JA3_i_3/O
                         net (fo=3, routed)           0.591     2.409    light_sensori/JA3_i_3_n_0
    SLICE_X59Y91         LUT5 (Prop_lut5_I3_O)        0.326     2.735 f  light_sensori/counter[0]_i_4/O
                         net (fo=1, routed)           0.790     3.525    light_sensori/counter[0]_i_4_n_0
    SLICE_X61Y91         LUT6 (Prop_lut6_I2_O)        0.124     3.649 r  light_sensori/counter[0]_i_1/O
                         net (fo=33, routed)          1.420     5.070    light_sensori/counter0
    SLICE_X60Y95         FDRE                                         r  light_sensori/counter_reg[25]/R
  -------------------------------------------------------------------    -------------------

                         (clock clk_10Mhz_clk_mmcm_wiz rise edge)
                                                    100.000   100.000 r  
    W5                                                0.000   100.000 r  clk (IN)
                         net (fo=0)                   0.000   100.000    clock_geni/clk_mmcm_wizi/inst/clk_in1
    W5                   IBUF (Prop_ibuf_I_O)         1.388   101.388 r  clock_geni/clk_mmcm_wizi/inst/clkin1_ibufg/O
                         net (fo=1, routed)           1.162   102.550    clock_geni/clk_mmcm_wizi/inst/clk_in1_clk_mmcm_wiz
    MMCME2_ADV_X1Y0      MMCME2_ADV (Prop_mmcme2_adv_CLKIN1_CLKOUT0)
                                                     -7.217    95.332 r  clock_geni/clk_mmcm_wizi/inst/mmcm_adv_inst/CLKOUT0
                         net (fo=1, routed)           1.581    96.914    clock_geni/clk_mmcm_wizi/inst/clk_10Mhz_clk_mmcm_wiz
    BUFGCTRL_X0Y0        BUFG (Prop_bufg_I_O)         0.091    97.005 r  clock_geni/clk_mmcm_wizi/inst/clkout1_buf/O
                         net (fo=81, routed)          1.508    98.512    light_sensori/clk_10Mhz
    SLICE_X60Y95         FDRE                                         r  light_sensori/counter_reg[25]/C
                         clock pessimism              0.576    99.088    
                         clock uncertainty           -0.149    98.939    
    SLICE_X60Y95         FDRE (Setup_fdre_C_R)       -0.524    98.415    light_sensori/counter_reg[25]
  -------------------------------------------------------------------
                         required time                         98.415    
                         arrival time                          -5.070    
  -------------------------------------------------------------------
                         slack                                 93.345    

Slack (MET) :             93.345ns  (required time - arrival time)
  Source:                 light_sensori/counter_reg[16]/C
                            (rising edge-triggered cell FDRE clocked by clk_10Mhz_clk_mmcm_wiz  {rise@0.000ns fall@50.000ns period=100.000ns})
  Destination:            light_sensori/counter_reg[26]/R
                            (rising edge-triggered cell FDRE clocked by clk_10Mhz_clk_mmcm_wiz  {rise@0.000ns fall@50.000ns period=100.000ns})
  Path Group:             clk_10Mhz_clk_mmcm_wiz
  Path Type:              Setup (Max at Slow Process Corner)
  Requirement:            100.000ns  (clk_10Mhz_clk_mmcm_wiz rise@100.000ns - clk_10Mhz_clk_mmcm_wiz rise@0.000ns)
  Data Path Delay:        5.957ns  (logic 1.244ns (20.884%)  route 4.713ns (79.116%))
  Logic Levels:           4  (LUT5=2 LUT6=2)
  Clock Path Skew:        -0.025ns (DCD - SCD + CPR)
    Destination Clock Delay (DCD):    -1.488ns = ( 98.512 - 100.000 ) 
    Source Clock Delay      (SCD):    -0.887ns
    Clock Pessimism Removal (CPR):    0.576ns
  Clock Uncertainty:      0.149ns  ((TSJ^2 + DJ^2)^1/2) / 2 + PE
    Total System Jitter     (TSJ):    0.071ns
    Discrete Jitter          (DJ):    0.290ns
    Phase Error              (PE):    0.000ns

    Location             Delay type                Incr(ns)  Path(ns)    Netlist Resource(s)
  -------------------------------------------------------------------    -------------------
                         (clock clk_10Mhz_clk_mmcm_wiz rise edge)
                                                      0.000     0.000 r  
    W5                                                0.000     0.000 r  clk (IN)
                         net (fo=0)                   0.000     0.000    clock_geni/clk_mmcm_wizi/inst/clk_in1
    W5                   IBUF (Prop_ibuf_I_O)         1.458     1.458 r  clock_geni/clk_mmcm_wizi/inst/clkin1_ibufg/O
                         net (fo=1, routed)           1.233     2.691    clock_geni/clk_mmcm_wizi/inst/clk_in1_clk_mmcm_wiz
    MMCME2_ADV_X1Y0      MMCME2_ADV (Prop_mmcme2_adv_CLKIN1_CLKOUT0)
                                                     -6.961    -4.269 r  clock_geni/clk_mmcm_wizi/inst/mmcm_adv_inst/CLKOUT0
                         net (fo=1, routed)           1.661    -2.608    clock_geni/clk_mmcm_wizi/inst/clk_10Mhz_clk_mmcm_wiz
    BUFGCTRL_X0Y0        BUFG (Prop_bufg_I_O)         0.096    -2.512 r  clock_geni/clk_mmcm_wizi/inst/clkout1_buf/O
                         net (fo=81, routed)          1.625    -0.887    light_sensori/clk_10Mhz
    SLICE_X60Y93         FDRE                                         r  light_sensori/counter_reg[16]/C
  -------------------------------------------------------------------    -------------------
    SLICE_X60Y93         FDRE (Prop_fdre_C_Q)         0.518    -0.369 r  light_sensori/counter_reg[16]/Q
                         net (fo=4, routed)           1.234     0.865    light_sensori/counter_reg[16]
    SLICE_X61Y92         LUT6 (Prop_lut6_I3_O)        0.124     0.989 r  light_sensori/Reading[7]_i_11/O
                         net (fo=2, routed)           0.677     1.666    light_sensori/Reading[7]_i_11_n_0
    SLICE_X61Y92         LUT5 (Prop_lut5_I4_O)        0.152     1.818 r  light_sensori/JA3_i_3/O
                         net (fo=3, routed)           0.591     2.409    light_sensori/JA3_i_3_n_0
    SLICE_X59Y91         LUT5 (Prop_lut5_I3_O)        0.326     2.735 f  light_sensori/counter[0]_i_4/O
                         net (fo=1, routed)           0.790     3.525    light_sensori/counter[0]_i_4_n_0
    SLICE_X61Y91         LUT6 (Prop_lut6_I2_O)        0.124     3.649 r  light_sensori/counter[0]_i_1/O
                         net (fo=33, routed)          1.420     5.070    light_sensori/counter0
    SLICE_X60Y95         FDRE                                         r  light_sensori/counter_reg[26]/R
  -------------------------------------------------------------------    -------------------

                         (clock clk_10Mhz_clk_mmcm_wiz rise edge)
                                                    100.000   100.000 r  
    W5                                                0.000   100.000 r  clk (IN)
                         net (fo=0)                   0.000   100.000    clock_geni/clk_mmcm_wizi/inst/clk_in1
    W5                   IBUF (Prop_ibuf_I_O)         1.388   101.388 r  clock_geni/clk_mmcm_wizi/inst/clkin1_ibufg/O
                         net (fo=1, routed)           1.162   102.550    clock_geni/clk_mmcm_wizi/inst/clk_in1_clk_mmcm_wiz
    MMCME2_ADV_X1Y0      MMCME2_ADV (Prop_mmcme2_adv_CLKIN1_CLKOUT0)
                                                     -7.217    95.332 r  clock_geni/clk_mmcm_wizi/inst/mmcm_adv_inst/CLKOUT0
                         net (fo=1, routed)           1.581    96.914    clock_geni/clk_mmcm_wizi/inst/clk_10Mhz_clk_mmcm_wiz
    BUFGCTRL_X0Y0        BUFG (Prop_bufg_I_O)         0.091    97.005 r  clock_geni/clk_mmcm_wizi/inst/clkout1_buf/O
                         net (fo=81, routed)          1.508    98.512    light_sensori/clk_10Mhz
    SLICE_X60Y95         FDRE                                         r  light_sensori/counter_reg[26]/C
                         clock pessimism              0.576    99.088    
                         clock uncertainty           -0.149    98.939    
    SLICE_X60Y95         FDRE (Setup_fdre_C_R)       -0.524    98.415    light_sensori/counter_reg[26]
  -------------------------------------------------------------------
                         required time                         98.415    
                         arrival time                          -5.070    
  -------------------------------------------------------------------
                         slack                                 93.345    

Slack (MET) :             93.345ns  (required time - arrival time)
  Source:                 light_sensori/counter_reg[16]/C
                            (rising edge-triggered cell FDRE clocked by clk_10Mhz_clk_mmcm_wiz  {rise@0.000ns fall@50.000ns period=100.000ns})
  Destination:            light_sensori/counter_reg[27]/R
                            (rising edge-triggered cell FDRE clocked by clk_10Mhz_clk_mmcm_wiz  {rise@0.000ns fall@50.000ns period=100.000ns})
  Path Group:             clk_10Mhz_clk_mmcm_wiz
  Path Type:              Setup (Max at Slow Process Corner)
  Requirement:            100.000ns  (clk_10Mhz_clk_mmcm_wiz rise@100.000ns - clk_10Mhz_clk_mmcm_wiz rise@0.000ns)
  Data Path Delay:        5.957ns  (logic 1.244ns (20.884%)  route 4.713ns (79.116%))
  Logic Levels:           4  (LUT5=2 LUT6=2)
  Clock Path Skew:        -0.025ns (DCD - SCD + CPR)
    Destination Clock Delay (DCD):    -1.488ns = ( 98.512 - 100.000 ) 
    Source Clock Delay      (SCD):    -0.887ns
    Clock Pessimism Removal (CPR):    0.576ns
  Clock Uncertainty:      0.149ns  ((TSJ^2 + DJ^2)^1/2) / 2 + PE
    Total System Jitter     (TSJ):    0.071ns
    Discrete Jitter          (DJ):    0.290ns
    Phase Error              (PE):    0.000ns

    Location             Delay type                Incr(ns)  Path(ns)    Netlist Resource(s)
  -------------------------------------------------------------------    -------------------
                         (clock clk_10Mhz_clk_mmcm_wiz rise edge)
                                                      0.000     0.000 r  
    W5                                                0.000     0.000 r  clk (IN)
                         net (fo=0)                   0.000     0.000    clock_geni/clk_mmcm_wizi/inst/clk_in1
    W5                   IBUF (Prop_ibuf_I_O)         1.458     1.458 r  clock_geni/clk_mmcm_wizi/inst/clkin1_ibufg/O
                         net (fo=1, routed)           1.233     2.691    clock_geni/clk_mmcm_wizi/inst/clk_in1_clk_mmcm_wiz
    MMCME2_ADV_X1Y0      MMCME2_ADV (Prop_mmcme2_adv_CLKIN1_CLKOUT0)
                                                     -6.961    -4.269 r  clock_geni/clk_mmcm_wizi/inst/mmcm_adv_inst/CLKOUT0
                         net (fo=1, routed)           1.661    -2.608    clock_geni/clk_mmcm_wizi/inst/clk_10Mhz_clk_mmcm_wiz
    BUFGCTRL_X0Y0        BUFG (Prop_bufg_I_O)         0.096    -2.512 r  clock_geni/clk_mmcm_wizi/inst/clkout1_buf/O
                         net (fo=81, routed)          1.625    -0.887    light_sensori/clk_10Mhz
    SLICE_X60Y93         FDRE                                         r  light_sensori/counter_reg[16]/C
  -------------------------------------------------------------------    -------------------
    SLICE_X60Y93         FDRE (Prop_fdre_C_Q)         0.518    -0.369 r  light_sensori/counter_reg[16]/Q
                         net (fo=4, routed)           1.234     0.865    light_sensori/counter_reg[16]
    SLICE_X61Y92         LUT6 (Prop_lut6_I3_O)        0.124     0.989 r  light_sensori/Reading[7]_i_11/O
                         net (fo=2, routed)           0.677     1.666    light_sensori/Reading[7]_i_11_n_0
    SLICE_X61Y92         LUT5 (Prop_lut5_I4_O)        0.152     1.818 r  light_sensori/JA3_i_3/O
                         net (fo=3, routed)           0.591     2.409    light_sensori/JA3_i_3_n_0
    SLICE_X59Y91         LUT5 (Prop_lut5_I3_O)        0.326     2.735 f  light_sensori/counter[0]_i_4/O
                         net (fo=1, routed)           0.790     3.525    light_sensori/counter[0]_i_4_n_0
    SLICE_X61Y91         LUT6 (Prop_lut6_I2_O)        0.124     3.649 r  light_sensori/counter[0]_i_1/O
                         net (fo=33, routed)          1.420     5.070    light_sensori/counter0
    SLICE_X60Y95         FDRE                                         r  light_sensori/counter_reg[27]/R
  -------------------------------------------------------------------    -------------------

                         (clock clk_10Mhz_clk_mmcm_wiz rise edge)
                                                    100.000   100.000 r  
    W5                                                0.000   100.000 r  clk (IN)
                         net (fo=0)                   0.000   100.000    clock_geni/clk_mmcm_wizi/inst/clk_in1
    W5                   IBUF (Prop_ibuf_I_O)         1.388   101.388 r  clock_geni/clk_mmcm_wizi/inst/clkin1_ibufg/O
                         net (fo=1, routed)           1.162   102.550    clock_geni/clk_mmcm_wizi/inst/clk_in1_clk_mmcm_wiz
    MMCME2_ADV_X1Y0      MMCME2_ADV (Prop_mmcme2_adv_CLKIN1_CLKOUT0)
                                                     -7.217    95.332 r  clock_geni/clk_mmcm_wizi/inst/mmcm_adv_inst/CLKOUT0
                         net (fo=1, routed)           1.581    96.914    clock_geni/clk_mmcm_wizi/inst/clk_10Mhz_clk_mmcm_wiz
    BUFGCTRL_X0Y0        BUFG (Prop_bufg_I_O)         0.091    97.005 r  clock_geni/clk_mmcm_wizi/inst/clkout1_buf/O
                         net (fo=81, routed)          1.508    98.512    light_sensori/clk_10Mhz
    SLICE_X60Y95         FDRE                                         r  light_sensori/counter_reg[27]/C
                         clock pessimism              0.576    99.088    
                         clock uncertainty           -0.149    98.939    
    SLICE_X60Y95         FDRE (Setup_fdre_C_R)       -0.524    98.415    light_sensori/counter_reg[27]
  -------------------------------------------------------------------
                         required time                         98.415    
                         arrival time                          -5.070    
  -------------------------------------------------------------------
                         slack                                 93.345    

Slack (MET) :             93.493ns  (required time - arrival time)
  Source:                 light_sensori/counter_reg[16]/C
                            (rising edge-triggered cell FDRE clocked by clk_10Mhz_clk_mmcm_wiz  {rise@0.000ns fall@50.000ns period=100.000ns})
  Destination:            light_sensori/counter_reg[20]/R
                            (rising edge-triggered cell FDRE clocked by clk_10Mhz_clk_mmcm_wiz  {rise@0.000ns fall@50.000ns period=100.000ns})
  Path Group:             clk_10Mhz_clk_mmcm_wiz
  Path Type:              Setup (Max at Slow Process Corner)
  Requirement:            100.000ns  (clk_10Mhz_clk_mmcm_wiz rise@100.000ns - clk_10Mhz_clk_mmcm_wiz rise@0.000ns)
  Data Path Delay:        5.808ns  (logic 1.244ns (21.418%)  route 4.564ns (78.582%))
  Logic Levels:           4  (LUT5=2 LUT6=2)
  Clock Path Skew:        -0.025ns (DCD - SCD + CPR)
    Destination Clock Delay (DCD):    -1.488ns = ( 98.512 - 100.000 ) 
    Source Clock Delay      (SCD):    -0.887ns
    Clock Pessimism Removal (CPR):    0.576ns
  Clock Uncertainty:      0.149ns  ((TSJ^2 + DJ^2)^1/2) / 2 + PE
    Total System Jitter     (TSJ):    0.071ns
    Discrete Jitter          (DJ):    0.290ns
    Phase Error              (PE):    0.000ns

    Location             Delay type                Incr(ns)  Path(ns)    Netlist Resource(s)
  -------------------------------------------------------------------    -------------------
                         (clock clk_10Mhz_clk_mmcm_wiz rise edge)
                                                      0.000     0.000 r  
    W5                                                0.000     0.000 r  clk (IN)
                         net (fo=0)                   0.000     0.000    clock_geni/clk_mmcm_wizi/inst/clk_in1
    W5                   IBUF (Prop_ibuf_I_O)         1.458     1.458 r  clock_geni/clk_mmcm_wizi/inst/clkin1_ibufg/O
                         net (fo=1, routed)           1.233     2.691    clock_geni/clk_mmcm_wizi/inst/clk_in1_clk_mmcm_wiz
    MMCME2_ADV_X1Y0      MMCME2_ADV (Prop_mmcme2_adv_CLKIN1_CLKOUT0)
                                                     -6.961    -4.269 r  clock_geni/clk_mmcm_wizi/inst/mmcm_adv_inst/CLKOUT0
                         net (fo=1, routed)           1.661    -2.608    clock_geni/clk_mmcm_wizi/inst/clk_10Mhz_clk_mmcm_wiz
    BUFGCTRL_X0Y0        BUFG (Prop_bufg_I_O)         0.096    -2.512 r  clock_geni/clk_mmcm_wizi/inst/clkout1_buf/O
                         net (fo=81, routed)          1.625    -0.887    light_sensori/clk_10Mhz
    SLICE_X60Y93         FDRE                                         r  light_sensori/counter_reg[16]/C
  -------------------------------------------------------------------    -------------------
    SLICE_X60Y93         FDRE (Prop_fdre_C_Q)         0.518    -0.369 r  light_sensori/counter_reg[16]/Q
                         net (fo=4, routed)           1.234     0.865    light_sensori/counter_reg[16]
    SLICE_X61Y92         LUT6 (Prop_lut6_I3_O)        0.124     0.989 r  light_sensori/Reading[7]_i_11/O
                         net (fo=2, routed)           0.677     1.666    light_sensori/Reading[7]_i_11_n_0
    SLICE_X61Y92         LUT5 (Prop_lut5_I4_O)        0.152     1.818 r  light_sensori/JA3_i_3/O
                         net (fo=3, routed)           0.591     2.409    light_sensori/JA3_i_3_n_0
    SLICE_X59Y91         LUT5 (Prop_lut5_I3_O)        0.326     2.735 f  light_sensori/counter[0]_i_4/O
                         net (fo=1, routed)           0.790     3.525    light_sensori/counter[0]_i_4_n_0
    SLICE_X61Y91         LUT6 (Prop_lut6_I2_O)        0.124     3.649 r  light_sensori/counter[0]_i_1/O
                         net (fo=33, routed)          1.272     4.921    light_sensori/counter0
    SLICE_X60Y94         FDRE                                         r  light_sensori/counter_reg[20]/R
  -------------------------------------------------------------------    -------------------

                         (clock clk_10Mhz_clk_mmcm_wiz rise edge)
                                                    100.000   100.000 r  
    W5                                                0.000   100.000 r  clk (IN)
                         net (fo=0)                   0.000   100.000    clock_geni/clk_mmcm_wizi/inst/clk_in1
    W5                   IBUF (Prop_ibuf_I_O)         1.388   101.388 r  clock_geni/clk_mmcm_wizi/inst/clkin1_ibufg/O
                         net (fo=1, routed)           1.162   102.550    clock_geni/clk_mmcm_wizi/inst/clk_in1_clk_mmcm_wiz
    MMCME2_ADV_X1Y0      MMCME2_ADV (Prop_mmcme2_adv_CLKIN1_CLKOUT0)
                                                     -7.217    95.332 r  clock_geni/clk_mmcm_wizi/inst/mmcm_adv_inst/CLKOUT0
                         net (fo=1, routed)           1.581    96.914    clock_geni/clk_mmcm_wizi/inst/clk_10Mhz_clk_mmcm_wiz
    BUFGCTRL_X0Y0        BUFG (Prop_bufg_I_O)         0.091    97.005 r  clock_geni/clk_mmcm_wizi/inst/clkout1_buf/O
                         net (fo=81, routed)          1.508    98.512    light_sensori/clk_10Mhz
    SLICE_X60Y94         FDRE                                         r  light_sensori/counter_reg[20]/C
                         clock pessimism              0.576    99.088    
                         clock uncertainty           -0.149    98.939    
    SLICE_X60Y94         FDRE (Setup_fdre_C_R)       -0.524    98.415    light_sensori/counter_reg[20]
  -------------------------------------------------------------------
                         required time                         98.415    
                         arrival time                          -4.921    
  -------------------------------------------------------------------
                         slack                                 93.493    





Min Delay Paths
--------------------------------------------------------------------------------------
Slack (MET) :             0.207ns  (arrival time - required time)
  Source:                 light_sensori/toofast_reg[0]/C
                            (rising edge-triggered cell FDRE clocked by clk_10Mhz_clk_mmcm_wiz  {rise@0.000ns fall@50.000ns period=100.000ns})
  Destination:            light_sensori/toofast_reg[1]/D
                            (rising edge-triggered cell FDRE clocked by clk_10Mhz_clk_mmcm_wiz  {rise@0.000ns fall@50.000ns period=100.000ns})
  Path Group:             clk_10Mhz_clk_mmcm_wiz
  Path Type:              Hold (Min at Fast Process Corner)
  Requirement:            0.000ns  (clk_10Mhz_clk_mmcm_wiz rise@0.000ns - clk_10Mhz_clk_mmcm_wiz rise@0.000ns)
  Data Path Delay:        0.254ns  (logic 0.141ns (55.503%)  route 0.113ns (44.497%))
  Logic Levels:           0  
  Clock Path Skew:        0.000ns (DCD - SCD - CPR)
    Destination Clock Delay (DCD):    -0.826ns
    Source Clock Delay      (SCD):    -0.588ns
    Clock Pessimism Removal (CPR):    -0.238ns

    Location             Delay type                Incr(ns)  Path(ns)    Netlist Resource(s)
  -------------------------------------------------------------------    -------------------
                         (clock clk_10Mhz_clk_mmcm_wiz rise edge)
                                                      0.000     0.000 r  
    W5                                                0.000     0.000 r  clk (IN)
                         net (fo=0)                   0.000     0.000    clock_geni/clk_mmcm_wizi/inst/clk_in1
    W5                   IBUF (Prop_ibuf_I_O)         0.226     0.226 r  clock_geni/clk_mmcm_wizi/inst/clkin1_ibufg/O
                         net (fo=1, routed)           0.440     0.667    clock_geni/clk_mmcm_wizi/inst/clk_in1_clk_mmcm_wiz
    MMCME2_ADV_X1Y0      MMCME2_ADV (Prop_mmcme2_adv_CLKIN1_CLKOUT0)
                                                     -2.360    -1.693 r  clock_geni/clk_mmcm_wizi/inst/mmcm_adv_inst/CLKOUT0
                         net (fo=1, routed)           0.486    -1.207    clock_geni/clk_mmcm_wizi/inst/clk_10Mhz_clk_mmcm_wiz
    BUFGCTRL_X0Y0        BUFG (Prop_bufg_I_O)         0.026    -1.181 r  clock_geni/clk_mmcm_wizi/inst/clkout1_buf/O
                         net (fo=81, routed)          0.593    -0.588    light_sensori/clk_10Mhz
    SLICE_X63Y93         FDRE                                         r  light_sensori/toofast_reg[0]/C
  -------------------------------------------------------------------    -------------------
    SLICE_X63Y93         FDRE (Prop_fdre_C_Q)         0.141    -0.447 r  light_sensori/toofast_reg[0]/Q
                         net (fo=2, routed)           0.113    -0.334    light_sensori/toofast[0]
    SLICE_X63Y93         FDRE                                         r  light_sensori/toofast_reg[1]/D
  -------------------------------------------------------------------    -------------------

                         (clock clk_10Mhz_clk_mmcm_wiz rise edge)
                                                      0.000     0.000 r  
    W5                                                0.000     0.000 r  clk (IN)
                         net (fo=0)                   0.000     0.000    clock_geni/clk_mmcm_wizi/inst/clk_in1
    W5                   IBUF (Prop_ibuf_I_O)         0.414     0.414 r  clock_geni/clk_mmcm_wizi/inst/clkin1_ibufg/O
                         net (fo=1, routed)           0.480     0.894    clock_geni/clk_mmcm_wizi/inst/clk_in1_clk_mmcm_wiz
    MMCME2_ADV_X1Y0      MMCME2_ADV (Prop_mmcme2_adv_CLKIN1_CLKOUT0)
                                                     -3.142    -2.248 r  clock_geni/clk_mmcm_wizi/inst/mmcm_adv_inst/CLKOUT0
                         net (fo=1, routed)           0.530    -1.718    clock_geni/clk_mmcm_wizi/inst/clk_10Mhz_clk_mmcm_wiz
    BUFGCTRL_X0Y0        BUFG (Prop_bufg_I_O)         0.029    -1.689 r  clock_geni/clk_mmcm_wizi/inst/clkout1_buf/O
                         net (fo=81, routed)          0.863    -0.826    light_sensori/clk_10Mhz
    SLICE_X63Y93         FDRE                                         r  light_sensori/toofast_reg[1]/C
                         clock pessimism              0.238    -0.588    
    SLICE_X63Y93         FDRE (Hold_fdre_C_D)         0.047    -0.541    light_sensori/toofast_reg[1]
  -------------------------------------------------------------------
                         required time                          0.541    
                         arrival time                          -0.334    
  -------------------------------------------------------------------
                         slack                                  0.207    

Slack (MET) :             0.213ns  (arrival time - required time)
  Source:                 light_sensori/toofast_reg[3]/C
                            (rising edge-triggered cell FDRE clocked by clk_10Mhz_clk_mmcm_wiz  {rise@0.000ns fall@50.000ns period=100.000ns})
  Destination:            light_sensori/Reading_reg[3]/D
                            (rising edge-triggered cell FDRE clocked by clk_10Mhz_clk_mmcm_wiz  {rise@0.000ns fall@50.000ns period=100.000ns})
  Path Group:             clk_10Mhz_clk_mmcm_wiz
  Path Type:              Hold (Min at Fast Process Corner)
  Requirement:            0.000ns  (clk_10Mhz_clk_mmcm_wiz rise@0.000ns - clk_10Mhz_clk_mmcm_wiz rise@0.000ns)
  Data Path Delay:        0.273ns  (logic 0.141ns (51.656%)  route 0.132ns (48.344%))
  Logic Levels:           0  
  Clock Path Skew:        0.013ns (DCD - SCD - CPR)
    Destination Clock Delay (DCD):    -0.826ns
    Source Clock Delay      (SCD):    -0.588ns
    Clock Pessimism Removal (CPR):    -0.251ns

    Location             Delay type                Incr(ns)  Path(ns)    Netlist Resource(s)
  -------------------------------------------------------------------    -------------------
                         (clock clk_10Mhz_clk_mmcm_wiz rise edge)
                                                      0.000     0.000 r  
    W5                                                0.000     0.000 r  clk (IN)
                         net (fo=0)                   0.000     0.000    clock_geni/clk_mmcm_wizi/inst/clk_in1
    W5                   IBUF (Prop_ibuf_I_O)         0.226     0.226 r  clock_geni/clk_mmcm_wizi/inst/clkin1_ibufg/O
                         net (fo=1, routed)           0.440     0.667    clock_geni/clk_mmcm_wizi/inst/clk_in1_clk_mmcm_wiz
    MMCME2_ADV_X1Y0      MMCME2_ADV (Prop_mmcme2_adv_CLKIN1_CLKOUT0)
                                                     -2.360    -1.693 r  clock_geni/clk_mmcm_wizi/inst/mmcm_adv_inst/CLKOUT0
                         net (fo=1, routed)           0.486    -1.207    clock_geni/clk_mmcm_wizi/inst/clk_10Mhz_clk_mmcm_wiz
    BUFGCTRL_X0Y0        BUFG (Prop_bufg_I_O)         0.026    -1.181 r  clock_geni/clk_mmcm_wizi/inst/clkout1_buf/O
                         net (fo=81, routed)          0.593    -0.588    light_sensori/clk_10Mhz
    SLICE_X63Y93         FDRE                                         r  light_sensori/toofast_reg[3]/C
  -------------------------------------------------------------------    -------------------
    SLICE_X63Y93         FDRE (Prop_fdre_C_Q)         0.141    -0.447 r  light_sensori/toofast_reg[3]/Q
                         net (fo=2, routed)           0.132    -0.315    light_sensori/toofast[3]
    SLICE_X62Y93         FDRE                                         r  light_sensori/Reading_reg[3]/D
  -------------------------------------------------------------------    -------------------

                         (clock clk_10Mhz_clk_mmcm_wiz rise edge)
                                                      0.000     0.000 r  
    W5                                                0.000     0.000 r  clk (IN)
                         net (fo=0)                   0.000     0.000    clock_geni/clk_mmcm_wizi/inst/clk_in1
    W5                   IBUF (Prop_ibuf_I_O)         0.414     0.414 r  clock_geni/clk_mmcm_wizi/inst/clkin1_ibufg/O
                         net (fo=1, routed)           0.480     0.894    clock_geni/clk_mmcm_wizi/inst/clk_in1_clk_mmcm_wiz
    MMCME2_ADV_X1Y0      MMCME2_ADV (Prop_mmcme2_adv_CLKIN1_CLKOUT0)
                                                     -3.142    -2.248 r  clock_geni/clk_mmcm_wizi/inst/mmcm_adv_inst/CLKOUT0
                         net (fo=1, routed)           0.530    -1.718    clock_geni/clk_mmcm_wizi/inst/clk_10Mhz_clk_mmcm_wiz
    BUFGCTRL_X0Y0        BUFG (Prop_bufg_I_O)         0.029    -1.689 r  clock_geni/clk_mmcm_wizi/inst/clkout1_buf/O
                         net (fo=81, routed)          0.863    -0.826    light_sensori/clk_10Mhz
    SLICE_X62Y93         FDRE                                         r  light_sensori/Reading_reg[3]/C
                         clock pessimism              0.251    -0.575    
    SLICE_X62Y93         FDRE (Hold_fdre_C_D)         0.047    -0.528    light_sensori/Reading_reg[3]
  -------------------------------------------------------------------
                         required time                          0.528    
                         arrival time                          -0.315    
  -------------------------------------------------------------------
                         slack                                  0.213    

Slack (MET) :             0.218ns  (arrival time - required time)
  Source:                 light_sensori/toofast_reg[1]/C
                            (rising edge-triggered cell FDRE clocked by clk_10Mhz_clk_mmcm_wiz  {rise@0.000ns fall@50.000ns period=100.000ns})
  Destination:            light_sensori/Reading_reg[1]/D
                            (rising edge-triggered cell FDRE clocked by clk_10Mhz_clk_mmcm_wiz  {rise@0.000ns fall@50.000ns period=100.000ns})
  Path Group:             clk_10Mhz_clk_mmcm_wiz
  Path Type:              Hold (Min at Fast Process Corner)
  Requirement:            0.000ns  (clk_10Mhz_clk_mmcm_wiz rise@0.000ns - clk_10Mhz_clk_mmcm_wiz rise@0.000ns)
  Data Path Delay:        0.290ns  (logic 0.141ns (48.596%)  route 0.149ns (51.404%))
  Logic Levels:           0  
  Clock Path Skew:        0.013ns (DCD - SCD - CPR)
    Destination Clock Delay (DCD):    -0.826ns
    Source Clock Delay      (SCD):    -0.588ns
    Clock Pessimism Removal (CPR):    -0.251ns

    Location             Delay type                Incr(ns)  Path(ns)    Netlist Resource(s)
  -------------------------------------------------------------------    -------------------
                         (clock clk_10Mhz_clk_mmcm_wiz rise edge)
                                                      0.000     0.000 r  
    W5                                                0.000     0.000 r  clk (IN)
                         net (fo=0)                   0.000     0.000    clock_geni/clk_mmcm_wizi/inst/clk_in1
    W5                   IBUF (Prop_ibuf_I_O)         0.226     0.226 r  clock_geni/clk_mmcm_wizi/inst/clkin1_ibufg/O
                         net (fo=1, routed)           0.440     0.667    clock_geni/clk_mmcm_wizi/inst/clk_in1_clk_mmcm_wiz
    MMCME2_ADV_X1Y0      MMCME2_ADV (Prop_mmcme2_adv_CLKIN1_CLKOUT0)
                                                     -2.360    -1.693 r  clock_geni/clk_mmcm_wizi/inst/mmcm_adv_inst/CLKOUT0
                         net (fo=1, routed)           0.486    -1.207    clock_geni/clk_mmcm_wizi/inst/clk_10Mhz_clk_mmcm_wiz
    BUFGCTRL_X0Y0        BUFG (Prop_bufg_I_O)         0.026    -1.181 r  clock_geni/clk_mmcm_wizi/inst/clkout1_buf/O
                         net (fo=81, routed)          0.593    -0.588    light_sensori/clk_10Mhz
    SLICE_X63Y93         FDRE                                         r  light_sensori/toofast_reg[1]/C
  -------------------------------------------------------------------    -------------------
    SLICE_X63Y93         FDRE (Prop_fdre_C_Q)         0.141    -0.447 r  light_sensori/toofast_reg[1]/Q
                         net (fo=2, routed)           0.149    -0.298    light_sensori/toofast[1]
    SLICE_X62Y93         FDRE                                         r  light_sensori/Reading_reg[1]/D
  -------------------------------------------------------------------    -------------------

                         (clock clk_10Mhz_clk_mmcm_wiz rise edge)
                                                      0.000     0.000 r  
    W5                                                0.000     0.000 r  clk (IN)
                         net (fo=0)                   0.000     0.000    clock_geni/clk_mmcm_wizi/inst/clk_in1
    W5                   IBUF (Prop_ibuf_I_O)         0.414     0.414 r  clock_geni/clk_mmcm_wizi/inst/clkin1_ibufg/O
                         net (fo=1, routed)           0.480     0.894    clock_geni/clk_mmcm_wizi/inst/clk_in1_clk_mmcm_wiz
    MMCME2_ADV_X1Y0      MMCME2_ADV (Prop_mmcme2_adv_CLKIN1_CLKOUT0)
                                                     -3.142    -2.248 r  clock_geni/clk_mmcm_wizi/inst/mmcm_adv_inst/CLKOUT0
                         net (fo=1, routed)           0.530    -1.718    clock_geni/clk_mmcm_wizi/inst/clk_10Mhz_clk_mmcm_wiz
    BUFGCTRL_X0Y0        BUFG (Prop_bufg_I_O)         0.029    -1.689 r  clock_geni/clk_mmcm_wizi/inst/clkout1_buf/O
                         net (fo=81, routed)          0.863    -0.826    light_sensori/clk_10Mhz
    SLICE_X62Y93         FDRE                                         r  light_sensori/Reading_reg[1]/C
                         clock pessimism              0.251    -0.575    
    SLICE_X62Y93         FDRE (Hold_fdre_C_D)         0.059    -0.516    light_sensori/Reading_reg[1]
  -------------------------------------------------------------------
                         required time                          0.516    
                         arrival time                          -0.298    
  -------------------------------------------------------------------
                         slack                                  0.218    

Slack (MET) :             0.222ns  (arrival time - required time)
  Source:                 seven_seg_segi/select_reg[3]/C
                            (rising edge-triggered cell FDCE clocked by clk_10Mhz_clk_mmcm_wiz  {rise@0.000ns fall@50.000ns period=100.000ns})
  Destination:            seven_seg_segi/select_reg[0]/D
                            (rising edge-triggered cell FDPE clocked by clk_10Mhz_clk_mmcm_wiz  {rise@0.000ns fall@50.000ns period=100.000ns})
  Path Group:             clk_10Mhz_clk_mmcm_wiz
  Path Type:              Hold (Min at Fast Process Corner)
  Requirement:            0.000ns  (clk_10Mhz_clk_mmcm_wiz rise@0.000ns - clk_10Mhz_clk_mmcm_wiz rise@0.000ns)
  Data Path Delay:        0.292ns  (logic 0.141ns (48.304%)  route 0.151ns (51.696%))
  Logic Levels:           0  
  Clock Path Skew:        0.000ns (DCD - SCD - CPR)
    Destination Clock Delay (DCD):    -0.827ns
    Source Clock Delay      (SCD):    -0.589ns
    Clock Pessimism Removal (CPR):    -0.238ns

    Location             Delay type                Incr(ns)  Path(ns)    Netlist Resource(s)
  -------------------------------------------------------------------    -------------------
                         (clock clk_10Mhz_clk_mmcm_wiz rise edge)
                                                      0.000     0.000 r  
    W5                                                0.000     0.000 r  clk (IN)
                         net (fo=0)                   0.000     0.000    clock_geni/clk_mmcm_wizi/inst/clk_in1
    W5                   IBUF (Prop_ibuf_I_O)         0.226     0.226 r  clock_geni/clk_mmcm_wizi/inst/clkin1_ibufg/O
                         net (fo=1, routed)           0.440     0.667    clock_geni/clk_mmcm_wizi/inst/clk_in1_clk_mmcm_wiz
    MMCME2_ADV_X1Y0      MMCME2_ADV (Prop_mmcme2_adv_CLKIN1_CLKOUT0)
                                                     -2.360    -1.693 r  clock_geni/clk_mmcm_wizi/inst/mmcm_adv_inst/CLKOUT0
                         net (fo=1, routed)           0.486    -1.207    clock_geni/clk_mmcm_wizi/inst/clk_10Mhz_clk_mmcm_wiz
    BUFGCTRL_X0Y0        BUFG (Prop_bufg_I_O)         0.026    -1.181 r  clock_geni/clk_mmcm_wizi/inst/clkout1_buf/O
                         net (fo=81, routed)          0.592    -0.589    seven_seg_segi/CLK
    SLICE_X62Y92         FDCE                                         r  seven_seg_segi/select_reg[3]/C
  -------------------------------------------------------------------    -------------------
    SLICE_X62Y92         FDCE (Prop_fdce_C_Q)         0.141    -0.448 r  seven_seg_segi/select_reg[3]/Q
                         net (fo=5, routed)           0.151    -0.297    seven_seg_segi/select_reg_n_0_[3]
    SLICE_X62Y92         FDPE                                         r  seven_seg_segi/select_reg[0]/D
  -------------------------------------------------------------------    -------------------

                         (clock clk_10Mhz_clk_mmcm_wiz rise edge)
                                                      0.000     0.000 r  
    W5                                                0.000     0.000 r  clk (IN)
                         net (fo=0)                   0.000     0.000    clock_geni/clk_mmcm_wizi/inst/clk_in1
    W5                   IBUF (Prop_ibuf_I_O)         0.414     0.414 r  clock_geni/clk_mmcm_wizi/inst/clkin1_ibufg/O
                         net (fo=1, routed)           0.480     0.894    clock_geni/clk_mmcm_wizi/inst/clk_in1_clk_mmcm_wiz
    MMCME2_ADV_X1Y0      MMCME2_ADV (Prop_mmcme2_adv_CLKIN1_CLKOUT0)
                                                     -3.142    -2.248 r  clock_geni/clk_mmcm_wizi/inst/mmcm_adv_inst/CLKOUT0
                         net (fo=1, routed)           0.530    -1.718    clock_geni/clk_mmcm_wizi/inst/clk_10Mhz_clk_mmcm_wiz
    BUFGCTRL_X0Y0        BUFG (Prop_bufg_I_O)         0.029    -1.689 r  clock_geni/clk_mmcm_wizi/inst/clkout1_buf/O
                         net (fo=81, routed)          0.862    -0.827    seven_seg_segi/CLK
    SLICE_X62Y92         FDPE                                         r  seven_seg_segi/select_reg[0]/C
                         clock pessimism              0.238    -0.589    
    SLICE_X62Y92         FDPE (Hold_fdpe_C_D)         0.070    -0.519    seven_seg_segi/select_reg[0]
  -------------------------------------------------------------------
                         required time                          0.519    
                         arrival time                          -0.297    
  -------------------------------------------------------------------
                         slack                                  0.222    

Slack (MET) :             0.233ns  (arrival time - required time)
  Source:                 light_sensori/sclk_counter_reg[4]/C
                            (rising edge-triggered cell FDRE clocked by clk_10Mhz_clk_mmcm_wiz  {rise@0.000ns fall@50.000ns period=100.000ns})
  Destination:            light_sensori/FSM_onehot_newstate_reg[2]/D
                            (rising edge-triggered cell FDRE clocked by clk_10Mhz_clk_mmcm_wiz  {rise@0.000ns fall@50.000ns period=100.000ns})
  Path Group:             clk_10Mhz_clk_mmcm_wiz
  Path Type:              Hold (Min at Fast Process Corner)
  Requirement:            0.000ns  (clk_10Mhz_clk_mmcm_wiz rise@0.000ns - clk_10Mhz_clk_mmcm_wiz rise@0.000ns)
  Data Path Delay:        0.370ns  (logic 0.209ns (56.417%)  route 0.161ns (43.583%))
  Logic Levels:           1  (LUT6=1)
  Clock Path Skew:        0.016ns (DCD - SCD - CPR)
    Destination Clock Delay (DCD):    -0.827ns
    Source Clock Delay      (SCD):    -0.589ns
    Clock Pessimism Removal (CPR):    -0.254ns

    Location             Delay type                Incr(ns)  Path(ns)    Netlist Resource(s)
  -------------------------------------------------------------------    -------------------
                         (clock clk_10Mhz_clk_mmcm_wiz rise edge)
                                                      0.000     0.000 r  
    W5                                                0.000     0.000 r  clk (IN)
                         net (fo=0)                   0.000     0.000    clock_geni/clk_mmcm_wizi/inst/clk_in1
    W5                   IBUF (Prop_ibuf_I_O)         0.226     0.226 r  clock_geni/clk_mmcm_wizi/inst/clkin1_ibufg/O
                         net (fo=1, routed)           0.440     0.667    clock_geni/clk_mmcm_wizi/inst/clk_in1_clk_mmcm_wiz
    MMCME2_ADV_X1Y0      MMCME2_ADV (Prop_mmcme2_adv_CLKIN1_CLKOUT0)
                                                     -2.360    -1.693 r  clock_geni/clk_mmcm_wizi/inst/mmcm_adv_inst/CLKOUT0
                         net (fo=1, routed)           0.486    -1.207    clock_geni/clk_mmcm_wizi/inst/clk_10Mhz_clk_mmcm_wiz
    BUFGCTRL_X0Y0        BUFG (Prop_bufg_I_O)         0.026    -1.181 r  clock_geni/clk_mmcm_wizi/inst/clkout1_buf/O
                         net (fo=81, routed)          0.592    -0.589    light_sensori/clk_10Mhz
    SLICE_X64Y92         FDRE                                         r  light_sensori/sclk_counter_reg[4]/C
  -------------------------------------------------------------------    -------------------
    SLICE_X64Y92         FDRE (Prop_fdre_C_Q)         0.164    -0.425 f  light_sensori/sclk_counter_reg[4]/Q
                         net (fo=8, routed)           0.161    -0.264    light_sensori/sclk_counter_reg_n_0_[4]
    SLICE_X64Y91         LUT6 (Prop_lut6_I3_O)        0.045    -0.219 r  light_sensori/FSM_onehot_newstate[2]_i_1/O
                         net (fo=1, routed)           0.000    -0.219    light_sensori/FSM_onehot_newstate[2]_i_1_n_0
    SLICE_X64Y91         FDRE                                         r  light_sensori/FSM_onehot_newstate_reg[2]/D
  -------------------------------------------------------------------    -------------------

                         (clock clk_10Mhz_clk_mmcm_wiz rise edge)
                                                      0.000     0.000 r  
    W5                                                0.000     0.000 r  clk (IN)
                         net (fo=0)                   0.000     0.000    clock_geni/clk_mmcm_wizi/inst/clk_in1
    W5                   IBUF (Prop_ibuf_I_O)         0.414     0.414 r  clock_geni/clk_mmcm_wizi/inst/clkin1_ibufg/O
                         net (fo=1, routed)           0.480     0.894    clock_geni/clk_mmcm_wizi/inst/clk_in1_clk_mmcm_wiz
    MMCME2_ADV_X1Y0      MMCME2_ADV (Prop_mmcme2_adv_CLKIN1_CLKOUT0)
                                                     -3.142    -2.248 r  clock_geni/clk_mmcm_wizi/inst/mmcm_adv_inst/CLKOUT0
                         net (fo=1, routed)           0.530    -1.718    clock_geni/clk_mmcm_wizi/inst/clk_10Mhz_clk_mmcm_wiz
    BUFGCTRL_X0Y0        BUFG (Prop_bufg_I_O)         0.029    -1.689 r  clock_geni/clk_mmcm_wizi/inst/clkout1_buf/O
                         net (fo=81, routed)          0.862    -0.827    light_sensori/clk_10Mhz
    SLICE_X64Y91         FDRE                                         r  light_sensori/FSM_onehot_newstate_reg[2]/C
                         clock pessimism              0.254    -0.573    
    SLICE_X64Y91         FDRE (Hold_fdre_C_D)         0.121    -0.452    light_sensori/FSM_onehot_newstate_reg[2]
  -------------------------------------------------------------------
                         required time                          0.452    
                         arrival time                          -0.219    
  -------------------------------------------------------------------
                         slack                                  0.233    

Slack (MET) :             0.236ns  (arrival time - required time)
  Source:                 light_sensori/sclk_counter_reg[4]/C
                            (rising edge-triggered cell FDRE clocked by clk_10Mhz_clk_mmcm_wiz  {rise@0.000ns fall@50.000ns period=100.000ns})
  Destination:            light_sensori/FSM_onehot_newstate_reg[1]/D
                            (rising edge-triggered cell FDRE clocked by clk_10Mhz_clk_mmcm_wiz  {rise@0.000ns fall@50.000ns period=100.000ns})
  Path Group:             clk_10Mhz_clk_mmcm_wiz
  Path Type:              Hold (Min at Fast Process Corner)
  Requirement:            0.000ns  (clk_10Mhz_clk_mmcm_wiz rise@0.000ns - clk_10Mhz_clk_mmcm_wiz rise@0.000ns)
  Data Path Delay:        0.372ns  (logic 0.209ns (56.114%)  route 0.163ns (43.886%))
  Logic Levels:           1  (LUT6=1)
  Clock Path Skew:        0.016ns (DCD - SCD - CPR)
    Destination Clock Delay (DCD):    -0.827ns
    Source Clock Delay      (SCD):    -0.589ns
    Clock Pessimism Removal (CPR):    -0.254ns

    Location             Delay type                Incr(ns)  Path(ns)    Netlist Resource(s)
  -------------------------------------------------------------------    -------------------
                         (clock clk_10Mhz_clk_mmcm_wiz rise edge)
                                                      0.000     0.000 r  
    W5                                                0.000     0.000 r  clk (IN)
                         net (fo=0)                   0.000     0.000    clock_geni/clk_mmcm_wizi/inst/clk_in1
    W5                   IBUF (Prop_ibuf_I_O)         0.226     0.226 r  clock_geni/clk_mmcm_wizi/inst/clkin1_ibufg/O
                         net (fo=1, routed)           0.440     0.667    clock_geni/clk_mmcm_wizi/inst/clk_in1_clk_mmcm_wiz
    MMCME2_ADV_X1Y0      MMCME2_ADV (Prop_mmcme2_adv_CLKIN1_CLKOUT0)
                                                     -2.360    -1.693 r  clock_geni/clk_mmcm_wizi/inst/mmcm_adv_inst/CLKOUT0
                         net (fo=1, routed)           0.486    -1.207    clock_geni/clk_mmcm_wizi/inst/clk_10Mhz_clk_mmcm_wiz
    BUFGCTRL_X0Y0        BUFG (Prop_bufg_I_O)         0.026    -1.181 r  clock_geni/clk_mmcm_wizi/inst/clkout1_buf/O
                         net (fo=81, routed)          0.592    -0.589    light_sensori/clk_10Mhz
    SLICE_X64Y92         FDRE                                         r  light_sensori/sclk_counter_reg[4]/C
  -------------------------------------------------------------------    -------------------
    SLICE_X64Y92         FDRE (Prop_fdre_C_Q)         0.164    -0.425 f  light_sensori/sclk_counter_reg[4]/Q
                         net (fo=8, routed)           0.163    -0.262    light_sensori/sclk_counter_reg_n_0_[4]
    SLICE_X64Y91         LUT6 (Prop_lut6_I3_O)        0.045    -0.217 r  light_sensori/FSM_onehot_newstate[1]_i_1/O
                         net (fo=1, routed)           0.000    -0.217    light_sensori/FSM_onehot_newstate[1]_i_1_n_0
    SLICE_X64Y91         FDRE                                         r  light_sensori/FSM_onehot_newstate_reg[1]/D
  -------------------------------------------------------------------    -------------------

                         (clock clk_10Mhz_clk_mmcm_wiz rise edge)
                                                      0.000     0.000 r  
    W5                                                0.000     0.000 r  clk (IN)
                         net (fo=0)                   0.000     0.000    clock_geni/clk_mmcm_wizi/inst/clk_in1
    W5                   IBUF (Prop_ibuf_I_O)         0.414     0.414 r  clock_geni/clk_mmcm_wizi/inst/clkin1_ibufg/O
                         net (fo=1, routed)           0.480     0.894    clock_geni/clk_mmcm_wizi/inst/clk_in1_clk_mmcm_wiz
    MMCME2_ADV_X1Y0      MMCME2_ADV (Prop_mmcme2_adv_CLKIN1_CLKOUT0)
                                                     -3.142    -2.248 r  clock_geni/clk_mmcm_wizi/inst/mmcm_adv_inst/CLKOUT0
                         net (fo=1, routed)           0.530    -1.718    clock_geni/clk_mmcm_wizi/inst/clk_10Mhz_clk_mmcm_wiz
    BUFGCTRL_X0Y0        BUFG (Prop_bufg_I_O)         0.029    -1.689 r  clock_geni/clk_mmcm_wizi/inst/clkout1_buf/O
                         net (fo=81, routed)          0.862    -0.827    light_sensori/clk_10Mhz
    SLICE_X64Y91         FDRE                                         r  light_sensori/FSM_onehot_newstate_reg[1]/C
                         clock pessimism              0.254    -0.573    
    SLICE_X64Y91         FDRE (Hold_fdre_C_D)         0.120    -0.453    light_sensori/FSM_onehot_newstate_reg[1]
  -------------------------------------------------------------------
                         required time                          0.453    
                         arrival time                          -0.217    
  -------------------------------------------------------------------
                         slack                                  0.236    

Slack (MET) :             0.238ns  (arrival time - required time)
  Source:                 light_sensori/FSM_onehot_newstate_reg[0]/C
                            (rising edge-triggered cell FDRE clocked by clk_10Mhz_clk_mmcm_wiz  {rise@0.000ns fall@50.000ns period=100.000ns})
  Destination:            light_sensori/FSM_onehot_newstate_reg[0]/D
                            (rising edge-triggered cell FDRE clocked by clk_10Mhz_clk_mmcm_wiz  {rise@0.000ns fall@50.000ns period=100.000ns})
  Path Group:             clk_10Mhz_clk_mmcm_wiz
  Path Type:              Hold (Min at Fast Process Corner)
  Requirement:            0.000ns  (clk_10Mhz_clk_mmcm_wiz rise@0.000ns - clk_10Mhz_clk_mmcm_wiz rise@0.000ns)
  Data Path Delay:        0.359ns  (logic 0.209ns (58.292%)  route 0.150ns (41.708%))
  Logic Levels:           1  (LUT6=1)
  Clock Path Skew:        0.000ns (DCD - SCD - CPR)
    Destination Clock Delay (DCD):    -0.827ns
    Source Clock Delay      (SCD):    -0.589ns
    Clock Pessimism Removal (CPR):    -0.238ns

    Location             Delay type                Incr(ns)  Path(ns)    Netlist Resource(s)
  -------------------------------------------------------------------    -------------------
                         (clock clk_10Mhz_clk_mmcm_wiz rise edge)
                                                      0.000     0.000 r  
    W5                                                0.000     0.000 r  clk (IN)
                         net (fo=0)                   0.000     0.000    clock_geni/clk_mmcm_wizi/inst/clk_in1
    W5                   IBUF (Prop_ibuf_I_O)         0.226     0.226 r  clock_geni/clk_mmcm_wizi/inst/clkin1_ibufg/O
                         net (fo=1, routed)           0.440     0.667    clock_geni/clk_mmcm_wizi/inst/clk_in1_clk_mmcm_wiz
    MMCME2_ADV_X1Y0      MMCME2_ADV (Prop_mmcme2_adv_CLKIN1_CLKOUT0)
                                                     -2.360    -1.693 r  clock_geni/clk_mmcm_wizi/inst/mmcm_adv_inst/CLKOUT0
                         net (fo=1, routed)           0.486    -1.207    clock_geni/clk_mmcm_wizi/inst/clk_10Mhz_clk_mmcm_wiz
    BUFGCTRL_X0Y0        BUFG (Prop_bufg_I_O)         0.026    -1.181 r  clock_geni/clk_mmcm_wizi/inst/clkout1_buf/O
                         net (fo=81, routed)          0.592    -0.589    light_sensori/clk_10Mhz
    SLICE_X64Y91         FDRE                                         r  light_sensori/FSM_onehot_newstate_reg[0]/C
  -------------------------------------------------------------------    -------------------
    SLICE_X64Y91         FDRE (Prop_fdre_C_Q)         0.164    -0.425 f  light_sensori/FSM_onehot_newstate_reg[0]/Q
                         net (fo=4, routed)           0.150    -0.276    light_sensori/FSM_onehot_newstate_reg_n_0_[0]
    SLICE_X64Y91         LUT6 (Prop_lut6_I5_O)        0.045    -0.231 r  light_sensori/FSM_onehot_newstate[0]_i_1/O
                         net (fo=1, routed)           0.000    -0.231    light_sensori/FSM_onehot_newstate[0]_i_1_n_0
    SLICE_X64Y91         FDRE                                         r  light_sensori/FSM_onehot_newstate_reg[0]/D
  -------------------------------------------------------------------    -------------------

                         (clock clk_10Mhz_clk_mmcm_wiz rise edge)
                                                      0.000     0.000 r  
    W5                                                0.000     0.000 r  clk (IN)
                         net (fo=0)                   0.000     0.000    clock_geni/clk_mmcm_wizi/inst/clk_in1
    W5                   IBUF (Prop_ibuf_I_O)         0.414     0.414 r  clock_geni/clk_mmcm_wizi/inst/clkin1_ibufg/O
                         net (fo=1, routed)           0.480     0.894    clock_geni/clk_mmcm_wizi/inst/clk_in1_clk_mmcm_wiz
    MMCME2_ADV_X1Y0      MMCME2_ADV (Prop_mmcme2_adv_CLKIN1_CLKOUT0)
                                                     -3.142    -2.248 r  clock_geni/clk_mmcm_wizi/inst/mmcm_adv_inst/CLKOUT0
                         net (fo=1, routed)           0.530    -1.718    clock_geni/clk_mmcm_wizi/inst/clk_10Mhz_clk_mmcm_wiz
    BUFGCTRL_X0Y0        BUFG (Prop_bufg_I_O)         0.029    -1.689 r  clock_geni/clk_mmcm_wizi/inst/clkout1_buf/O
                         net (fo=81, routed)          0.862    -0.827    light_sensori/clk_10Mhz
    SLICE_X64Y91         FDRE                                         r  light_sensori/FSM_onehot_newstate_reg[0]/C
                         clock pessimism              0.238    -0.589    
    SLICE_X64Y91         FDRE (Hold_fdre_C_D)         0.121    -0.468    light_sensori/FSM_onehot_newstate_reg[0]
  -------------------------------------------------------------------
                         required time                          0.468    
                         arrival time                          -0.231    
  -------------------------------------------------------------------
                         slack                                  0.238    

Slack (MET) :             0.240ns  (arrival time - required time)
  Source:                 light_sensori/toofast_reg[5]/C
                            (rising edge-triggered cell FDRE clocked by clk_10Mhz_clk_mmcm_wiz  {rise@0.000ns fall@50.000ns period=100.000ns})
  Destination:            light_sensori/toofast_reg[6]/D
                            (rising edge-triggered cell FDRE clocked by clk_10Mhz_clk_mmcm_wiz  {rise@0.000ns fall@50.000ns period=100.000ns})
  Path Group:             clk_10Mhz_clk_mmcm_wiz
  Path Type:              Hold (Min at Fast Process Corner)
  Requirement:            0.000ns  (clk_10Mhz_clk_mmcm_wiz rise@0.000ns - clk_10Mhz_clk_mmcm_wiz rise@0.000ns)
  Data Path Delay:        0.263ns  (logic 0.128ns (48.591%)  route 0.135ns (51.409%))
  Logic Levels:           0  
  Clock Path Skew:        0.000ns (DCD - SCD - CPR)
    Destination Clock Delay (DCD):    -0.826ns
    Source Clock Delay      (SCD):    -0.588ns
    Clock Pessimism Removal (CPR):    -0.238ns

    Location             Delay type                Incr(ns)  Path(ns)    Netlist Resource(s)
  -------------------------------------------------------------------    -------------------
                         (clock clk_10Mhz_clk_mmcm_wiz rise edge)
                                                      0.000     0.000 r  
    W5                                                0.000     0.000 r  clk (IN)
                         net (fo=0)                   0.000     0.000    clock_geni/clk_mmcm_wizi/inst/clk_in1
    W5                   IBUF (Prop_ibuf_I_O)         0.226     0.226 r  clock_geni/clk_mmcm_wizi/inst/clkin1_ibufg/O
                         net (fo=1, routed)           0.440     0.667    clock_geni/clk_mmcm_wizi/inst/clk_in1_clk_mmcm_wiz
    MMCME2_ADV_X1Y0      MMCME2_ADV (Prop_mmcme2_adv_CLKIN1_CLKOUT0)
                                                     -2.360    -1.693 r  clock_geni/clk_mmcm_wizi/inst/mmcm_adv_inst/CLKOUT0
                         net (fo=1, routed)           0.486    -1.207    clock_geni/clk_mmcm_wizi/inst/clk_10Mhz_clk_mmcm_wiz
    BUFGCTRL_X0Y0        BUFG (Prop_bufg_I_O)         0.026    -1.181 r  clock_geni/clk_mmcm_wizi/inst/clkout1_buf/O
                         net (fo=81, routed)          0.593    -0.588    light_sensori/clk_10Mhz
    SLICE_X63Y93         FDRE                                         r  light_sensori/toofast_reg[5]/C
  -------------------------------------------------------------------    -------------------
    SLICE_X63Y93         FDRE (Prop_fdre_C_Q)         0.128    -0.460 r  light_sensori/toofast_reg[5]/Q
                         net (fo=2, routed)           0.135    -0.325    light_sensori/toofast[5]
    SLICE_X63Y93         FDRE                                         r  light_sensori/toofast_reg[6]/D
  -------------------------------------------------------------------    -------------------

                         (clock clk_10Mhz_clk_mmcm_wiz rise edge)
                                                      0.000     0.000 r  
    W5                                                0.000     0.000 r  clk (IN)
                         net (fo=0)                   0.000     0.000    clock_geni/clk_mmcm_wizi/inst/clk_in1
    W5                   IBUF (Prop_ibuf_I_O)         0.414     0.414 r  clock_geni/clk_mmcm_wizi/inst/clkin1_ibufg/O
                         net (fo=1, routed)           0.480     0.894    clock_geni/clk_mmcm_wizi/inst/clk_in1_clk_mmcm_wiz
    MMCME2_ADV_X1Y0      MMCME2_ADV (Prop_mmcme2_adv_CLKIN1_CLKOUT0)
                                                     -3.142    -2.248 r  clock_geni/clk_mmcm_wizi/inst/mmcm_adv_inst/CLKOUT0
                         net (fo=1, routed)           0.530    -1.718    clock_geni/clk_mmcm_wizi/inst/clk_10Mhz_clk_mmcm_wiz
    BUFGCTRL_X0Y0        BUFG (Prop_bufg_I_O)         0.029    -1.689 r  clock_geni/clk_mmcm_wizi/inst/clkout1_buf/O
                         net (fo=81, routed)          0.863    -0.826    light_sensori/clk_10Mhz
    SLICE_X63Y93         FDRE                                         r  light_sensori/toofast_reg[6]/C
                         clock pessimism              0.238    -0.588    
    SLICE_X63Y93         FDRE (Hold_fdre_C_D)         0.023    -0.565    light_sensori/toofast_reg[6]
  -------------------------------------------------------------------
                         required time                          0.565    
                         arrival time                          -0.325    
  -------------------------------------------------------------------
                         slack                                  0.240    

Slack (MET) :             0.243ns  (arrival time - required time)
  Source:                 light_sensori/toofast_reg[0]/C
                            (rising edge-triggered cell FDRE clocked by clk_10Mhz_clk_mmcm_wiz  {rise@0.000ns fall@50.000ns period=100.000ns})
  Destination:            light_sensori/Reading_reg[0]/D
                            (rising edge-triggered cell FDRE clocked by clk_10Mhz_clk_mmcm_wiz  {rise@0.000ns fall@50.000ns period=100.000ns})
  Path Group:             clk_10Mhz_clk_mmcm_wiz
  Path Type:              Hold (Min at Fast Process Corner)
  Requirement:            0.000ns  (clk_10Mhz_clk_mmcm_wiz rise@0.000ns - clk_10Mhz_clk_mmcm_wiz rise@0.000ns)
  Data Path Delay:        0.326ns  (logic 0.141ns (43.229%)  route 0.185ns (56.771%))
  Logic Levels:           0  
  Clock Path Skew:        0.013ns (DCD - SCD - CPR)
    Destination Clock Delay (DCD):    -0.826ns
    Source Clock Delay      (SCD):    -0.588ns
    Clock Pessimism Removal (CPR):    -0.251ns

    Location             Delay type                Incr(ns)  Path(ns)    Netlist Resource(s)
  -------------------------------------------------------------------    -------------------
                         (clock clk_10Mhz_clk_mmcm_wiz rise edge)
                                                      0.000     0.000 r  
    W5                                                0.000     0.000 r  clk (IN)
                         net (fo=0)                   0.000     0.000    clock_geni/clk_mmcm_wizi/inst/clk_in1
    W5                   IBUF (Prop_ibuf_I_O)         0.226     0.226 r  clock_geni/clk_mmcm_wizi/inst/clkin1_ibufg/O
                         net (fo=1, routed)           0.440     0.667    clock_geni/clk_mmcm_wizi/inst/clk_in1_clk_mmcm_wiz
    MMCME2_ADV_X1Y0      MMCME2_ADV (Prop_mmcme2_adv_CLKIN1_CLKOUT0)
                                                     -2.360    -1.693 r  clock_geni/clk_mmcm_wizi/inst/mmcm_adv_inst/CLKOUT0
                         net (fo=1, routed)           0.486    -1.207    clock_geni/clk_mmcm_wizi/inst/clk_10Mhz_clk_mmcm_wiz
    BUFGCTRL_X0Y0        BUFG (Prop_bufg_I_O)         0.026    -1.181 r  clock_geni/clk_mmcm_wizi/inst/clkout1_buf/O
                         net (fo=81, routed)          0.593    -0.588    light_sensori/clk_10Mhz
    SLICE_X63Y93         FDRE                                         r  light_sensori/toofast_reg[0]/C
  -------------------------------------------------------------------    -------------------
    SLICE_X63Y93         FDRE (Prop_fdre_C_Q)         0.141    -0.447 r  light_sensori/toofast_reg[0]/Q
                         net (fo=2, routed)           0.185    -0.262    light_sensori/toofast[0]
    SLICE_X62Y93         FDRE                                         r  light_sensori/Reading_reg[0]/D
  -------------------------------------------------------------------    -------------------

                         (clock clk_10Mhz_clk_mmcm_wiz rise edge)
                                                      0.000     0.000 r  
    W5                                                0.000     0.000 r  clk (IN)
                         net (fo=0)                   0.000     0.000    clock_geni/clk_mmcm_wizi/inst/clk_in1
    W5                   IBUF (Prop_ibuf_I_O)         0.414     0.414 r  clock_geni/clk_mmcm_wizi/inst/clkin1_ibufg/O
                         net (fo=1, routed)           0.480     0.894    clock_geni/clk_mmcm_wizi/inst/clk_in1_clk_mmcm_wiz
    MMCME2_ADV_X1Y0      MMCME2_ADV (Prop_mmcme2_adv_CLKIN1_CLKOUT0)
                                                     -3.142    -2.248 r  clock_geni/clk_mmcm_wizi/inst/mmcm_adv_inst/CLKOUT0
                         net (fo=1, routed)           0.530    -1.718    clock_geni/clk_mmcm_wizi/inst/clk_10Mhz_clk_mmcm_wiz
    BUFGCTRL_X0Y0        BUFG (Prop_bufg_I_O)         0.029    -1.689 r  clock_geni/clk_mmcm_wizi/inst/clkout1_buf/O
                         net (fo=81, routed)          0.863    -0.826    light_sensori/clk_10Mhz
    SLICE_X62Y93         FDRE                                         r  light_sensori/Reading_reg[0]/C
                         clock pessimism              0.251    -0.575    
    SLICE_X62Y93         FDRE (Hold_fdre_C_D)         0.070    -0.505    light_sensori/Reading_reg[0]
  -------------------------------------------------------------------
                         required time                          0.505    
                         arrival time                          -0.262    
  -------------------------------------------------------------------
                         slack                                  0.243    

Slack (MET) :             0.244ns  (arrival time - required time)
  Source:                 light_sensori/FSM_onehot_newstate_reg[2]/C
                            (rising edge-triggered cell FDRE clocked by clk_10Mhz_clk_mmcm_wiz  {rise@0.000ns fall@50.000ns period=100.000ns})
  Destination:            light_sensori/sclk_counter_reg[4]/D
                            (rising edge-triggered cell FDRE clocked by clk_10Mhz_clk_mmcm_wiz  {rise@0.000ns fall@50.000ns period=100.000ns})
  Path Group:             clk_10Mhz_clk_mmcm_wiz
  Path Type:              Hold (Min at Fast Process Corner)
  Requirement:            0.000ns  (clk_10Mhz_clk_mmcm_wiz rise@0.000ns - clk_10Mhz_clk_mmcm_wiz rise@0.000ns)
  Data Path Delay:        0.381ns  (logic 0.209ns (54.809%)  route 0.172ns (45.191%))
  Logic Levels:           1  (LUT6=1)
  Clock Path Skew:        0.016ns (DCD - SCD - CPR)
    Destination Clock Delay (DCD):    -0.827ns
    Source Clock Delay      (SCD):    -0.589ns
    Clock Pessimism Removal (CPR):    -0.254ns

    Location             Delay type                Incr(ns)  Path(ns)    Netlist Resource(s)
  -------------------------------------------------------------------    -------------------
                         (clock clk_10Mhz_clk_mmcm_wiz rise edge)
                                                      0.000     0.000 r  
    W5                                                0.000     0.000 r  clk (IN)
                         net (fo=0)                   0.000     0.000    clock_geni/clk_mmcm_wizi/inst/clk_in1
    W5                   IBUF (Prop_ibuf_I_O)         0.226     0.226 r  clock_geni/clk_mmcm_wizi/inst/clkin1_ibufg/O
                         net (fo=1, routed)           0.440     0.667    clock_geni/clk_mmcm_wizi/inst/clk_in1_clk_mmcm_wiz
    MMCME2_ADV_X1Y0      MMCME2_ADV (Prop_mmcme2_adv_CLKIN1_CLKOUT0)
                                                     -2.360    -1.693 r  clock_geni/clk_mmcm_wizi/inst/mmcm_adv_inst/CLKOUT0
                         net (fo=1, routed)           0.486    -1.207    clock_geni/clk_mmcm_wizi/inst/clk_10Mhz_clk_mmcm_wiz
    BUFGCTRL_X0Y0        BUFG (Prop_bufg_I_O)         0.026    -1.181 r  clock_geni/clk_mmcm_wizi/inst/clkout1_buf/O
                         net (fo=81, routed)          0.592    -0.589    light_sensori/clk_10Mhz
    SLICE_X64Y91         FDRE                                         r  light_sensori/FSM_onehot_newstate_reg[2]/C
  -------------------------------------------------------------------    -------------------
    SLICE_X64Y91         FDRE (Prop_fdre_C_Q)         0.164    -0.425 r  light_sensori/FSM_onehot_newstate_reg[2]/Q
                         net (fo=15, routed)          0.172    -0.253    light_sensori/FSM_onehot_newstate_reg_n_0_[2]
    SLICE_X64Y92         LUT6 (Prop_lut6_I4_O)        0.045    -0.208 r  light_sensori/sclk_counter[4]_i_2/O
                         net (fo=1, routed)           0.000    -0.208    light_sensori/sclk_counter[4]_i_2_n_0
    SLICE_X64Y92         FDRE                                         r  light_sensori/sclk_counter_reg[4]/D
  -------------------------------------------------------------------    -------------------

                         (clock clk_10Mhz_clk_mmcm_wiz rise edge)
                                                      0.000     0.000 r  
    W5                                                0.000     0.000 r  clk (IN)
                         net (fo=0)                   0.000     0.000    clock_geni/clk_mmcm_wizi/inst/clk_in1
    W5                   IBUF (Prop_ibuf_I_O)         0.414     0.414 r  clock_geni/clk_mmcm_wizi/inst/clkin1_ibufg/O
                         net (fo=1, routed)           0.480     0.894    clock_geni/clk_mmcm_wizi/inst/clk_in1_clk_mmcm_wiz
    MMCME2_ADV_X1Y0      MMCME2_ADV (Prop_mmcme2_adv_CLKIN1_CLKOUT0)
                                                     -3.142    -2.248 r  clock_geni/clk_mmcm_wizi/inst/mmcm_adv_inst/CLKOUT0
                         net (fo=1, routed)           0.530    -1.718    clock_geni/clk_mmcm_wizi/inst/clk_10Mhz_clk_mmcm_wiz
    BUFGCTRL_X0Y0        BUFG (Prop_bufg_I_O)         0.029    -1.689 r  clock_geni/clk_mmcm_wizi/inst/clkout1_buf/O
                         net (fo=81, routed)          0.862    -0.827    light_sensori/clk_10Mhz
    SLICE_X64Y92         FDRE                                         r  light_sensori/sclk_counter_reg[4]/C
                         clock pessimism              0.254    -0.573    
    SLICE_X64Y92         FDRE (Hold_fdre_C_D)         0.121    -0.452    light_sensori/sclk_counter_reg[4]
  -------------------------------------------------------------------
                         required time                          0.452    
                         arrival time                          -0.208    
  -------------------------------------------------------------------
                         slack                                  0.244    





Pulse Width Checks
--------------------------------------------------------------------------------------
Clock Name:         clk_10Mhz_clk_mmcm_wiz
Waveform(ns):       { 0.000 50.000 }
Period(ns):         100.000
Sources:            { clock_geni/clk_mmcm_wizi/inst/mmcm_adv_inst/CLKOUT0 }

Check Type        Corner  Lib Pin             Reference Pin  Required(ns)  Actual(ns)  Slack(ns)  Location         Pin
Min Period        n/a     BUFG/I              n/a            2.155         100.000     97.845     BUFGCTRL_X0Y0    clock_geni/clk_mmcm_wizi/inst/clkout1_buf/I
Min Period        n/a     MMCME2_ADV/CLKOUT0  n/a            1.249         100.000     98.751     MMCME2_ADV_X1Y0  clock_geni/clk_mmcm_wizi/inst/mmcm_adv_inst/CLKOUT0
Min Period        n/a     FDRE/C              n/a            1.000         100.000     99.000     SLICE_X62Y90     clock_geni/locked_d_reg/C
Min Period        n/a     FDRE/C              n/a            1.000         100.000     99.000     SLICE_X62Y90     clock_geni/locked_dd_reg/C
Min Period        n/a     FDRE/C              n/a            1.000         100.000     99.000     SLICE_X64Y91     light_sensori/FSM_onehot_newstate_reg[0]/C
Min Period        n/a     FDRE/C              n/a            1.000         100.000     99.000     SLICE_X64Y91     light_sensori/FSM_onehot_newstate_reg[1]/C
Min Period        n/a     FDRE/C              n/a            1.000         100.000     99.000     SLICE_X64Y91     light_sensori/FSM_onehot_newstate_reg[2]/C
Min Period        n/a     FDRE/C              n/a            1.000         100.000     99.000     SLICE_X64Y93     light_sensori/JA0_reg/C
Min Period        n/a     FDRE/C              n/a            1.000         100.000     99.000     SLICE_X63Y94     light_sensori/JA3_reg/C
Min Period        n/a     FDRE/C              n/a            1.000         100.000     99.000     SLICE_X62Y93     light_sensori/Reading_reg[0]/C
Max Period        n/a     MMCME2_ADV/CLKOUT0  n/a            213.360       100.000     113.360    MMCME2_ADV_X1Y0  clock_geni/clk_mmcm_wizi/inst/mmcm_adv_inst/CLKOUT0
Low Pulse Width   Slow    FDRE/C              n/a            0.500         50.000      49.500     SLICE_X62Y90     clock_geni/locked_d_reg/C
Low Pulse Width   Fast    FDRE/C              n/a            0.500         50.000      49.500     SLICE_X62Y90     clock_geni/locked_d_reg/C
Low Pulse Width   Slow    FDRE/C              n/a            0.500         50.000      49.500     SLICE_X62Y90     clock_geni/locked_dd_reg/C
Low Pulse Width   Fast    FDRE/C              n/a            0.500         50.000      49.500     SLICE_X62Y90     clock_geni/locked_dd_reg/C
Low Pulse Width   Slow    FDRE/C              n/a            0.500         50.000      49.500     SLICE_X64Y91     light_sensori/FSM_onehot_newstate_reg[0]/C
Low Pulse Width   Fast    FDRE/C              n/a            0.500         50.000      49.500     SLICE_X64Y91     light_sensori/FSM_onehot_newstate_reg[0]/C
Low Pulse Width   Slow    FDRE/C              n/a            0.500         50.000      49.500     SLICE_X64Y91     light_sensori/FSM_onehot_newstate_reg[1]/C
Low Pulse Width   Fast    FDRE/C              n/a            0.500         50.000      49.500     SLICE_X64Y91     light_sensori/FSM_onehot_newstate_reg[1]/C
Low Pulse Width   Slow    FDRE/C              n/a            0.500         50.000      49.500     SLICE_X64Y91     light_sensori/FSM_onehot_newstate_reg[2]/C
Low Pulse Width   Fast    FDRE/C              n/a            0.500         50.000      49.500     SLICE_X64Y91     light_sensori/FSM_onehot_newstate_reg[2]/C
High Pulse Width  Slow    FDRE/C              n/a            0.500         50.000      49.500     SLICE_X62Y90     clock_geni/locked_d_reg/C
High Pulse Width  Fast    FDRE/C              n/a            0.500         50.000      49.500     SLICE_X62Y90     clock_geni/locked_d_reg/C
High Pulse Width  Slow    FDRE/C              n/a            0.500         50.000      49.500     SLICE_X62Y90     clock_geni/locked_dd_reg/C
High Pulse Width  Fast    FDRE/C              n/a            0.500         50.000      49.500     SLICE_X62Y90     clock_geni/locked_dd_reg/C
High Pulse Width  Slow    FDRE/C              n/a            0.500         50.000      49.500     SLICE_X64Y91     light_sensori/FSM_onehot_newstate_reg[0]/C
High Pulse Width  Fast    FDRE/C              n/a            0.500         50.000      49.500     SLICE_X64Y91     light_sensori/FSM_onehot_newstate_reg[0]/C
High Pulse Width  Slow    FDRE/C              n/a            0.500         50.000      49.500     SLICE_X64Y91     light_sensori/FSM_onehot_newstate_reg[1]/C
High Pulse Width  Fast    FDRE/C              n/a            0.500         50.000      49.500     SLICE_X64Y91     light_sensori/FSM_onehot_newstate_reg[1]/C
High Pulse Width  Slow    FDRE/C              n/a            0.500         50.000      49.500     SLICE_X64Y91     light_sensori/FSM_onehot_newstate_reg[2]/C
High Pulse Width  Fast    FDRE/C              n/a            0.500         50.000      49.500     SLICE_X64Y91     light_sensori/FSM_onehot_newstate_reg[2]/C



---------------------------------------------------------------------------------------------------
From Clock:  clkfbout_clk_mmcm_wiz
  To Clock:  clkfbout_clk_mmcm_wiz

Setup :           NA  Failing Endpoints,  Worst Slack           NA  ,  Total Violation           NA
Hold  :           NA  Failing Endpoints,  Worst Slack           NA  ,  Total Violation           NA
PW    :            0  Failing Endpoints,  Worst Slack       17.845ns,  Total Violation        0.000ns
---------------------------------------------------------------------------------------------------


Pulse Width Checks
--------------------------------------------------------------------------------------
Clock Name:         clkfbout_clk_mmcm_wiz
Waveform(ns):       { 0.000 10.000 }
Period(ns):         20.000
Sources:            { clock_geni/clk_mmcm_wizi/inst/mmcm_adv_inst/CLKFBOUT }

Check Type  Corner  Lib Pin              Reference Pin  Required(ns)  Actual(ns)  Slack(ns)  Location         Pin
Min Period  n/a     BUFG/I               n/a            2.155         20.000      17.845     BUFGCTRL_X0Y1    clock_geni/clk_mmcm_wizi/inst/clkf_buf/I
Min Period  n/a     MMCME2_ADV/CLKFBOUT  n/a            1.249         20.000      18.751     MMCME2_ADV_X1Y0  clock_geni/clk_mmcm_wizi/inst/mmcm_adv_inst/CLKFBOUT
Min Period  n/a     MMCME2_ADV/CLKFBIN   n/a            1.249         20.000      18.751     MMCME2_ADV_X1Y0  clock_geni/clk_mmcm_wizi/inst/mmcm_adv_inst/CLKFBIN
Max Period  n/a     MMCME2_ADV/CLKFBIN   n/a            100.000       20.000      80.000     MMCME2_ADV_X1Y0  clock_geni/clk_mmcm_wizi/inst/mmcm_adv_inst/CLKFBIN
Max Period  n/a     MMCME2_ADV/CLKFBOUT  n/a            213.360       20.000      193.360    MMCME2_ADV_X1Y0  clock_geni/clk_mmcm_wizi/inst/mmcm_adv_inst/CLKFBOUT



---------------------------------------------------------------------------------------------------
From Clock:  sys_clk_pin
  To Clock:  sys_clk_pin

Setup :           NA  Failing Endpoints,  Worst Slack           NA  ,  Total Violation           NA
Hold  :           NA  Failing Endpoints,  Worst Slack           NA  ,  Total Violation           NA
PW    :            0  Failing Endpoints,  Worst Slack        3.000ns,  Total Violation        0.000ns
---------------------------------------------------------------------------------------------------


Pulse Width Checks
--------------------------------------------------------------------------------------
Clock Name:         sys_clk_pin
Waveform(ns):       { 0.000 5.000 }
Period(ns):         10.000
Sources:            { clk }

Check Type        Corner  Lib Pin            Reference Pin  Required(ns)  Actual(ns)  Slack(ns)  Location         Pin
Min Period        n/a     MMCME2_ADV/CLKIN1  n/a            1.249         10.000      8.751      MMCME2_ADV_X1Y0  clock_geni/clk_mmcm_wizi/inst/mmcm_adv_inst/CLKIN1
Max Period        n/a     MMCME2_ADV/CLKIN1  n/a            100.000       10.000      90.000     MMCME2_ADV_X1Y0  clock_geni/clk_mmcm_wizi/inst/mmcm_adv_inst/CLKIN1
Low Pulse Width   Slow    MMCME2_ADV/CLKIN1  n/a            2.000         5.000       3.000      MMCME2_ADV_X1Y0  clock_geni/clk_mmcm_wizi/inst/mmcm_adv_inst/CLKIN1
Low Pulse Width   Fast    MMCME2_ADV/CLKIN1  n/a            2.000         5.000       3.000      MMCME2_ADV_X1Y0  clock_geni/clk_mmcm_wizi/inst/mmcm_adv_inst/CLKIN1
High Pulse Width  Slow    MMCME2_ADV/CLKIN1  n/a            2.000         5.000       3.000      MMCME2_ADV_X1Y0  clock_geni/clk_mmcm_wizi/inst/mmcm_adv_inst/CLKIN1
High Pulse Width  Fast    MMCME2_ADV/CLKIN1  n/a            2.000         5.000       3.000      MMCME2_ADV_X1Y0  clock_geni/clk_mmcm_wizi/inst/mmcm_adv_inst/CLKIN1



---------------------------------------------------------------------------------------------------
From Clock:  clk_10Mhz_clk_mmcm_wiz_1
  To Clock:  clk_10Mhz_clk_mmcm_wiz_1

Setup :            0  Failing Endpoints,  Worst Slack       93.069ns,  Total Violation        0.000ns
Hold  :            0  Failing Endpoints,  Worst Slack        0.207ns,  Total Violation        0.000ns
PW    :            0  Failing Endpoints,  Worst Slack       49.500ns,  Total Violation        0.000ns
---------------------------------------------------------------------------------------------------


Max Delay Paths
--------------------------------------------------------------------------------------
Slack (MET) :             93.069ns  (required time - arrival time)
  Source:                 light_sensori/counter_reg[16]/C
                            (rising edge-triggered cell FDRE clocked by clk_10Mhz_clk_mmcm_wiz_1  {rise@0.000ns fall@50.000ns period=100.000ns})
  Destination:            light_sensori/counter_reg[32]/R
                            (rising edge-triggered cell FDRE clocked by clk_10Mhz_clk_mmcm_wiz_1  {rise@0.000ns fall@50.000ns period=100.000ns})
  Path Group:             clk_10Mhz_clk_mmcm_wiz_1
  Path Type:              Setup (Max at Slow Process Corner)
  Requirement:            100.000ns  (clk_10Mhz_clk_mmcm_wiz_1 rise@100.000ns - clk_10Mhz_clk_mmcm_wiz_1 rise@0.000ns)
  Data Path Delay:        6.243ns  (logic 1.244ns (19.925%)  route 4.999ns (80.075%))
  Logic Levels:           4  (LUT5=2 LUT6=2)
  Clock Path Skew:        -0.024ns (DCD - SCD + CPR)
    Destination Clock Delay (DCD):    -1.487ns = ( 98.513 - 100.000 ) 
    Source Clock Delay      (SCD):    -0.887ns
    Clock Pessimism Removal (CPR):    0.576ns
  Clock Uncertainty:      0.140ns  ((TSJ^2 + DJ^2)^1/2) / 2 + PE
    Total System Jitter     (TSJ):    0.071ns
    Discrete Jitter          (DJ):    0.270ns
    Phase Error              (PE):    0.000ns

    Location             Delay type                Incr(ns)  Path(ns)    Netlist Resource(s)
  -------------------------------------------------------------------    -------------------
                         (clock clk_10Mhz_clk_mmcm_wiz_1 rise edge)
                                                      0.000     0.000 r  
    W5                                                0.000     0.000 r  clk (IN)
                         net (fo=0)                   0.000     0.000    clock_geni/clk_mmcm_wizi/inst/clk_in1
    W5                   IBUF (Prop_ibuf_I_O)         1.458     1.458 r  clock_geni/clk_mmcm_wizi/inst/clkin1_ibufg/O
                         net (fo=1, routed)           1.233     2.691    clock_geni/clk_mmcm_wizi/inst/clk_in1_clk_mmcm_wiz
    MMCME2_ADV_X1Y0      MMCME2_ADV (Prop_mmcme2_adv_CLKIN1_CLKOUT0)
                                                     -6.961    -4.269 r  clock_geni/clk_mmcm_wizi/inst/mmcm_adv_inst/CLKOUT0
                         net (fo=1, routed)           1.661    -2.608    clock_geni/clk_mmcm_wizi/inst/clk_10Mhz_clk_mmcm_wiz
    BUFGCTRL_X0Y0        BUFG (Prop_bufg_I_O)         0.096    -2.512 r  clock_geni/clk_mmcm_wizi/inst/clkout1_buf/O
                         net (fo=81, routed)          1.625    -0.887    light_sensori/clk_10Mhz
    SLICE_X60Y93         FDRE                                         r  light_sensori/counter_reg[16]/C
  -------------------------------------------------------------------    -------------------
    SLICE_X60Y93         FDRE (Prop_fdre_C_Q)         0.518    -0.369 r  light_sensori/counter_reg[16]/Q
                         net (fo=4, routed)           1.234     0.865    light_sensori/counter_reg[16]
    SLICE_X61Y92         LUT6 (Prop_lut6_I3_O)        0.124     0.989 r  light_sensori/Reading[7]_i_11/O
                         net (fo=2, routed)           0.677     1.666    light_sensori/Reading[7]_i_11_n_0
    SLICE_X61Y92         LUT5 (Prop_lut5_I4_O)        0.152     1.818 r  light_sensori/JA3_i_3/O
                         net (fo=3, routed)           0.591     2.409    light_sensori/JA3_i_3_n_0
    SLICE_X59Y91         LUT5 (Prop_lut5_I3_O)        0.326     2.735 f  light_sensori/counter[0]_i_4/O
                         net (fo=1, routed)           0.790     3.525    light_sensori/counter[0]_i_4_n_0
    SLICE_X61Y91         LUT6 (Prop_lut6_I2_O)        0.124     3.649 r  light_sensori/counter[0]_i_1/O
                         net (fo=33, routed)          1.707     5.356    light_sensori/counter0
    SLICE_X60Y97         FDRE                                         r  light_sensori/counter_reg[32]/R
  -------------------------------------------------------------------    -------------------

                         (clock clk_10Mhz_clk_mmcm_wiz_1 rise edge)
                                                    100.000   100.000 r  
    W5                                                0.000   100.000 r  clk (IN)
                         net (fo=0)                   0.000   100.000    clock_geni/clk_mmcm_wizi/inst/clk_in1
    W5                   IBUF (Prop_ibuf_I_O)         1.388   101.388 r  clock_geni/clk_mmcm_wizi/inst/clkin1_ibufg/O
                         net (fo=1, routed)           1.162   102.550    clock_geni/clk_mmcm_wizi/inst/clk_in1_clk_mmcm_wiz
    MMCME2_ADV_X1Y0      MMCME2_ADV (Prop_mmcme2_adv_CLKIN1_CLKOUT0)
                                                     -7.217    95.332 r  clock_geni/clk_mmcm_wizi/inst/mmcm_adv_inst/CLKOUT0
                         net (fo=1, routed)           1.581    96.914    clock_geni/clk_mmcm_wizi/inst/clk_10Mhz_clk_mmcm_wiz
    BUFGCTRL_X0Y0        BUFG (Prop_bufg_I_O)         0.091    97.005 r  clock_geni/clk_mmcm_wizi/inst/clkout1_buf/O
                         net (fo=81, routed)          1.509    98.513    light_sensori/clk_10Mhz
    SLICE_X60Y97         FDRE                                         r  light_sensori/counter_reg[32]/C
                         clock pessimism              0.576    99.089    
                         clock uncertainty           -0.140    98.949    
    SLICE_X60Y97         FDRE (Setup_fdre_C_R)       -0.524    98.425    light_sensori/counter_reg[32]
  -------------------------------------------------------------------
                         required time                         98.425    
                         arrival time                          -5.356    
  -------------------------------------------------------------------
                         slack                                 93.069    

Slack (MET) :             93.206ns  (required time - arrival time)
  Source:                 light_sensori/counter_reg[16]/C
                            (rising edge-triggered cell FDRE clocked by clk_10Mhz_clk_mmcm_wiz_1  {rise@0.000ns fall@50.000ns period=100.000ns})
  Destination:            light_sensori/counter_reg[28]/R
                            (rising edge-triggered cell FDRE clocked by clk_10Mhz_clk_mmcm_wiz_1  {rise@0.000ns fall@50.000ns period=100.000ns})
  Path Group:             clk_10Mhz_clk_mmcm_wiz_1
  Path Type:              Setup (Max at Slow Process Corner)
  Requirement:            100.000ns  (clk_10Mhz_clk_mmcm_wiz_1 rise@100.000ns - clk_10Mhz_clk_mmcm_wiz_1 rise@0.000ns)
  Data Path Delay:        6.105ns  (logic 1.244ns (20.377%)  route 4.861ns (79.623%))
  Logic Levels:           4  (LUT5=2 LUT6=2)
  Clock Path Skew:        -0.025ns (DCD - SCD + CPR)
    Destination Clock Delay (DCD):    -1.488ns = ( 98.512 - 100.000 ) 
    Source Clock Delay      (SCD):    -0.887ns
    Clock Pessimism Removal (CPR):    0.576ns
  Clock Uncertainty:      0.140ns  ((TSJ^2 + DJ^2)^1/2) / 2 + PE
    Total System Jitter     (TSJ):    0.071ns
    Discrete Jitter          (DJ):    0.270ns
    Phase Error              (PE):    0.000ns

    Location             Delay type                Incr(ns)  Path(ns)    Netlist Resource(s)
  -------------------------------------------------------------------    -------------------
                         (clock clk_10Mhz_clk_mmcm_wiz_1 rise edge)
                                                      0.000     0.000 r  
    W5                                                0.000     0.000 r  clk (IN)
                         net (fo=0)                   0.000     0.000    clock_geni/clk_mmcm_wizi/inst/clk_in1
    W5                   IBUF (Prop_ibuf_I_O)         1.458     1.458 r  clock_geni/clk_mmcm_wizi/inst/clkin1_ibufg/O
                         net (fo=1, routed)           1.233     2.691    clock_geni/clk_mmcm_wizi/inst/clk_in1_clk_mmcm_wiz
    MMCME2_ADV_X1Y0      MMCME2_ADV (Prop_mmcme2_adv_CLKIN1_CLKOUT0)
                                                     -6.961    -4.269 r  clock_geni/clk_mmcm_wizi/inst/mmcm_adv_inst/CLKOUT0
                         net (fo=1, routed)           1.661    -2.608    clock_geni/clk_mmcm_wizi/inst/clk_10Mhz_clk_mmcm_wiz
    BUFGCTRL_X0Y0        BUFG (Prop_bufg_I_O)         0.096    -2.512 r  clock_geni/clk_mmcm_wizi/inst/clkout1_buf/O
                         net (fo=81, routed)          1.625    -0.887    light_sensori/clk_10Mhz
    SLICE_X60Y93         FDRE                                         r  light_sensori/counter_reg[16]/C
  -------------------------------------------------------------------    -------------------
    SLICE_X60Y93         FDRE (Prop_fdre_C_Q)         0.518    -0.369 r  light_sensori/counter_reg[16]/Q
                         net (fo=4, routed)           1.234     0.865    light_sensori/counter_reg[16]
    SLICE_X61Y92         LUT6 (Prop_lut6_I3_O)        0.124     0.989 r  light_sensori/Reading[7]_i_11/O
                         net (fo=2, routed)           0.677     1.666    light_sensori/Reading[7]_i_11_n_0
    SLICE_X61Y92         LUT5 (Prop_lut5_I4_O)        0.152     1.818 r  light_sensori/JA3_i_3/O
                         net (fo=3, routed)           0.591     2.409    light_sensori/JA3_i_3_n_0
    SLICE_X59Y91         LUT5 (Prop_lut5_I3_O)        0.326     2.735 f  light_sensori/counter[0]_i_4/O
                         net (fo=1, routed)           0.790     3.525    light_sensori/counter[0]_i_4_n_0
    SLICE_X61Y91         LUT6 (Prop_lut6_I2_O)        0.124     3.649 r  light_sensori/counter[0]_i_1/O
                         net (fo=33, routed)          1.569     5.218    light_sensori/counter0
    SLICE_X60Y96         FDRE                                         r  light_sensori/counter_reg[28]/R
  -------------------------------------------------------------------    -------------------

                         (clock clk_10Mhz_clk_mmcm_wiz_1 rise edge)
                                                    100.000   100.000 r  
    W5                                                0.000   100.000 r  clk (IN)
                         net (fo=0)                   0.000   100.000    clock_geni/clk_mmcm_wizi/inst/clk_in1
    W5                   IBUF (Prop_ibuf_I_O)         1.388   101.388 r  clock_geni/clk_mmcm_wizi/inst/clkin1_ibufg/O
                         net (fo=1, routed)           1.162   102.550    clock_geni/clk_mmcm_wizi/inst/clk_in1_clk_mmcm_wiz
    MMCME2_ADV_X1Y0      MMCME2_ADV (Prop_mmcme2_adv_CLKIN1_CLKOUT0)
                                                     -7.217    95.332 r  clock_geni/clk_mmcm_wizi/inst/mmcm_adv_inst/CLKOUT0
                         net (fo=1, routed)           1.581    96.914    clock_geni/clk_mmcm_wizi/inst/clk_10Mhz_clk_mmcm_wiz
    BUFGCTRL_X0Y0        BUFG (Prop_bufg_I_O)         0.091    97.005 r  clock_geni/clk_mmcm_wizi/inst/clkout1_buf/O
                         net (fo=81, routed)          1.508    98.512    light_sensori/clk_10Mhz
    SLICE_X60Y96         FDRE                                         r  light_sensori/counter_reg[28]/C
                         clock pessimism              0.576    99.088    
                         clock uncertainty           -0.140    98.948    
    SLICE_X60Y96         FDRE (Setup_fdre_C_R)       -0.524    98.424    light_sensori/counter_reg[28]
  -------------------------------------------------------------------
                         required time                         98.424    
                         arrival time                          -5.218    
  -------------------------------------------------------------------
                         slack                                 93.206    

Slack (MET) :             93.206ns  (required time - arrival time)
  Source:                 light_sensori/counter_reg[16]/C
                            (rising edge-triggered cell FDRE clocked by clk_10Mhz_clk_mmcm_wiz_1  {rise@0.000ns fall@50.000ns period=100.000ns})
  Destination:            light_sensori/counter_reg[29]/R
                            (rising edge-triggered cell FDRE clocked by clk_10Mhz_clk_mmcm_wiz_1  {rise@0.000ns fall@50.000ns period=100.000ns})
  Path Group:             clk_10Mhz_clk_mmcm_wiz_1
  Path Type:              Setup (Max at Slow Process Corner)
  Requirement:            100.000ns  (clk_10Mhz_clk_mmcm_wiz_1 rise@100.000ns - clk_10Mhz_clk_mmcm_wiz_1 rise@0.000ns)
  Data Path Delay:        6.105ns  (logic 1.244ns (20.377%)  route 4.861ns (79.623%))
  Logic Levels:           4  (LUT5=2 LUT6=2)
  Clock Path Skew:        -0.025ns (DCD - SCD + CPR)
    Destination Clock Delay (DCD):    -1.488ns = ( 98.512 - 100.000 ) 
    Source Clock Delay      (SCD):    -0.887ns
    Clock Pessimism Removal (CPR):    0.576ns
  Clock Uncertainty:      0.140ns  ((TSJ^2 + DJ^2)^1/2) / 2 + PE
    Total System Jitter     (TSJ):    0.071ns
    Discrete Jitter          (DJ):    0.270ns
    Phase Error              (PE):    0.000ns

    Location             Delay type                Incr(ns)  Path(ns)    Netlist Resource(s)
  -------------------------------------------------------------------    -------------------
                         (clock clk_10Mhz_clk_mmcm_wiz_1 rise edge)
                                                      0.000     0.000 r  
    W5                                                0.000     0.000 r  clk (IN)
                         net (fo=0)                   0.000     0.000    clock_geni/clk_mmcm_wizi/inst/clk_in1
    W5                   IBUF (Prop_ibuf_I_O)         1.458     1.458 r  clock_geni/clk_mmcm_wizi/inst/clkin1_ibufg/O
                         net (fo=1, routed)           1.233     2.691    clock_geni/clk_mmcm_wizi/inst/clk_in1_clk_mmcm_wiz
    MMCME2_ADV_X1Y0      MMCME2_ADV (Prop_mmcme2_adv_CLKIN1_CLKOUT0)
                                                     -6.961    -4.269 r  clock_geni/clk_mmcm_wizi/inst/mmcm_adv_inst/CLKOUT0
                         net (fo=1, routed)           1.661    -2.608    clock_geni/clk_mmcm_wizi/inst/clk_10Mhz_clk_mmcm_wiz
    BUFGCTRL_X0Y0        BUFG (Prop_bufg_I_O)         0.096    -2.512 r  clock_geni/clk_mmcm_wizi/inst/clkout1_buf/O
                         net (fo=81, routed)          1.625    -0.887    light_sensori/clk_10Mhz
    SLICE_X60Y93         FDRE                                         r  light_sensori/counter_reg[16]/C
  -------------------------------------------------------------------    -------------------
    SLICE_X60Y93         FDRE (Prop_fdre_C_Q)         0.518    -0.369 r  light_sensori/counter_reg[16]/Q
                         net (fo=4, routed)           1.234     0.865    light_sensori/counter_reg[16]
    SLICE_X61Y92         LUT6 (Prop_lut6_I3_O)        0.124     0.989 r  light_sensori/Reading[7]_i_11/O
                         net (fo=2, routed)           0.677     1.666    light_sensori/Reading[7]_i_11_n_0
    SLICE_X61Y92         LUT5 (Prop_lut5_I4_O)        0.152     1.818 r  light_sensori/JA3_i_3/O
                         net (fo=3, routed)           0.591     2.409    light_sensori/JA3_i_3_n_0
    SLICE_X59Y91         LUT5 (Prop_lut5_I3_O)        0.326     2.735 f  light_sensori/counter[0]_i_4/O
                         net (fo=1, routed)           0.790     3.525    light_sensori/counter[0]_i_4_n_0
    SLICE_X61Y91         LUT6 (Prop_lut6_I2_O)        0.124     3.649 r  light_sensori/counter[0]_i_1/O
                         net (fo=33, routed)          1.569     5.218    light_sensori/counter0
    SLICE_X60Y96         FDRE                                         r  light_sensori/counter_reg[29]/R
  -------------------------------------------------------------------    -------------------

                         (clock clk_10Mhz_clk_mmcm_wiz_1 rise edge)
                                                    100.000   100.000 r  
    W5                                                0.000   100.000 r  clk (IN)
                         net (fo=0)                   0.000   100.000    clock_geni/clk_mmcm_wizi/inst/clk_in1
    W5                   IBUF (Prop_ibuf_I_O)         1.388   101.388 r  clock_geni/clk_mmcm_wizi/inst/clkin1_ibufg/O
                         net (fo=1, routed)           1.162   102.550    clock_geni/clk_mmcm_wizi/inst/clk_in1_clk_mmcm_wiz
    MMCME2_ADV_X1Y0      MMCME2_ADV (Prop_mmcme2_adv_CLKIN1_CLKOUT0)
                                                     -7.217    95.332 r  clock_geni/clk_mmcm_wizi/inst/mmcm_adv_inst/CLKOUT0
                         net (fo=1, routed)           1.581    96.914    clock_geni/clk_mmcm_wizi/inst/clk_10Mhz_clk_mmcm_wiz
    BUFGCTRL_X0Y0        BUFG (Prop_bufg_I_O)         0.091    97.005 r  clock_geni/clk_mmcm_wizi/inst/clkout1_buf/O
                         net (fo=81, routed)          1.508    98.512    light_sensori/clk_10Mhz
    SLICE_X60Y96         FDRE                                         r  light_sensori/counter_reg[29]/C
                         clock pessimism              0.576    99.088    
                         clock uncertainty           -0.140    98.948    
    SLICE_X60Y96         FDRE (Setup_fdre_C_R)       -0.524    98.424    light_sensori/counter_reg[29]
  -------------------------------------------------------------------
                         required time                         98.424    
                         arrival time                          -5.218    
  -------------------------------------------------------------------
                         slack                                 93.206    

Slack (MET) :             93.206ns  (required time - arrival time)
  Source:                 light_sensori/counter_reg[16]/C
                            (rising edge-triggered cell FDRE clocked by clk_10Mhz_clk_mmcm_wiz_1  {rise@0.000ns fall@50.000ns period=100.000ns})
  Destination:            light_sensori/counter_reg[30]/R
                            (rising edge-triggered cell FDRE clocked by clk_10Mhz_clk_mmcm_wiz_1  {rise@0.000ns fall@50.000ns period=100.000ns})
  Path Group:             clk_10Mhz_clk_mmcm_wiz_1
  Path Type:              Setup (Max at Slow Process Corner)
  Requirement:            100.000ns  (clk_10Mhz_clk_mmcm_wiz_1 rise@100.000ns - clk_10Mhz_clk_mmcm_wiz_1 rise@0.000ns)
  Data Path Delay:        6.105ns  (logic 1.244ns (20.377%)  route 4.861ns (79.623%))
  Logic Levels:           4  (LUT5=2 LUT6=2)
  Clock Path Skew:        -0.025ns (DCD - SCD + CPR)
    Destination Clock Delay (DCD):    -1.488ns = ( 98.512 - 100.000 ) 
    Source Clock Delay      (SCD):    -0.887ns
    Clock Pessimism Removal (CPR):    0.576ns
  Clock Uncertainty:      0.140ns  ((TSJ^2 + DJ^2)^1/2) / 2 + PE
    Total System Jitter     (TSJ):    0.071ns
    Discrete Jitter          (DJ):    0.270ns
    Phase Error              (PE):    0.000ns

    Location             Delay type                Incr(ns)  Path(ns)    Netlist Resource(s)
  -------------------------------------------------------------------    -------------------
                         (clock clk_10Mhz_clk_mmcm_wiz_1 rise edge)
                                                      0.000     0.000 r  
    W5                                                0.000     0.000 r  clk (IN)
                         net (fo=0)                   0.000     0.000    clock_geni/clk_mmcm_wizi/inst/clk_in1
    W5                   IBUF (Prop_ibuf_I_O)         1.458     1.458 r  clock_geni/clk_mmcm_wizi/inst/clkin1_ibufg/O
                         net (fo=1, routed)           1.233     2.691    clock_geni/clk_mmcm_wizi/inst/clk_in1_clk_mmcm_wiz
    MMCME2_ADV_X1Y0      MMCME2_ADV (Prop_mmcme2_adv_CLKIN1_CLKOUT0)
                                                     -6.961    -4.269 r  clock_geni/clk_mmcm_wizi/inst/mmcm_adv_inst/CLKOUT0
                         net (fo=1, routed)           1.661    -2.608    clock_geni/clk_mmcm_wizi/inst/clk_10Mhz_clk_mmcm_wiz
    BUFGCTRL_X0Y0        BUFG (Prop_bufg_I_O)         0.096    -2.512 r  clock_geni/clk_mmcm_wizi/inst/clkout1_buf/O
                         net (fo=81, routed)          1.625    -0.887    light_sensori/clk_10Mhz
    SLICE_X60Y93         FDRE                                         r  light_sensori/counter_reg[16]/C
  -------------------------------------------------------------------    -------------------
    SLICE_X60Y93         FDRE (Prop_fdre_C_Q)         0.518    -0.369 r  light_sensori/counter_reg[16]/Q
                         net (fo=4, routed)           1.234     0.865    light_sensori/counter_reg[16]
    SLICE_X61Y92         LUT6 (Prop_lut6_I3_O)        0.124     0.989 r  light_sensori/Reading[7]_i_11/O
                         net (fo=2, routed)           0.677     1.666    light_sensori/Reading[7]_i_11_n_0
    SLICE_X61Y92         LUT5 (Prop_lut5_I4_O)        0.152     1.818 r  light_sensori/JA3_i_3/O
                         net (fo=3, routed)           0.591     2.409    light_sensori/JA3_i_3_n_0
    SLICE_X59Y91         LUT5 (Prop_lut5_I3_O)        0.326     2.735 f  light_sensori/counter[0]_i_4/O
                         net (fo=1, routed)           0.790     3.525    light_sensori/counter[0]_i_4_n_0
    SLICE_X61Y91         LUT6 (Prop_lut6_I2_O)        0.124     3.649 r  light_sensori/counter[0]_i_1/O
                         net (fo=33, routed)          1.569     5.218    light_sensori/counter0
    SLICE_X60Y96         FDRE                                         r  light_sensori/counter_reg[30]/R
  -------------------------------------------------------------------    -------------------

                         (clock clk_10Mhz_clk_mmcm_wiz_1 rise edge)
                                                    100.000   100.000 r  
    W5                                                0.000   100.000 r  clk (IN)
                         net (fo=0)                   0.000   100.000    clock_geni/clk_mmcm_wizi/inst/clk_in1
    W5                   IBUF (Prop_ibuf_I_O)         1.388   101.388 r  clock_geni/clk_mmcm_wizi/inst/clkin1_ibufg/O
                         net (fo=1, routed)           1.162   102.550    clock_geni/clk_mmcm_wizi/inst/clk_in1_clk_mmcm_wiz
    MMCME2_ADV_X1Y0      MMCME2_ADV (Prop_mmcme2_adv_CLKIN1_CLKOUT0)
                                                     -7.217    95.332 r  clock_geni/clk_mmcm_wizi/inst/mmcm_adv_inst/CLKOUT0
                         net (fo=1, routed)           1.581    96.914    clock_geni/clk_mmcm_wizi/inst/clk_10Mhz_clk_mmcm_wiz
    BUFGCTRL_X0Y0        BUFG (Prop_bufg_I_O)         0.091    97.005 r  clock_geni/clk_mmcm_wizi/inst/clkout1_buf/O
                         net (fo=81, routed)          1.508    98.512    light_sensori/clk_10Mhz
    SLICE_X60Y96         FDRE                                         r  light_sensori/counter_reg[30]/C
                         clock pessimism              0.576    99.088    
                         clock uncertainty           -0.140    98.948    
    SLICE_X60Y96         FDRE (Setup_fdre_C_R)       -0.524    98.424    light_sensori/counter_reg[30]
  -------------------------------------------------------------------
                         required time                         98.424    
                         arrival time                          -5.218    
  -------------------------------------------------------------------
                         slack                                 93.206    

Slack (MET) :             93.206ns  (required time - arrival time)
  Source:                 light_sensori/counter_reg[16]/C
                            (rising edge-triggered cell FDRE clocked by clk_10Mhz_clk_mmcm_wiz_1  {rise@0.000ns fall@50.000ns period=100.000ns})
  Destination:            light_sensori/counter_reg[31]/R
                            (rising edge-triggered cell FDRE clocked by clk_10Mhz_clk_mmcm_wiz_1  {rise@0.000ns fall@50.000ns period=100.000ns})
  Path Group:             clk_10Mhz_clk_mmcm_wiz_1
  Path Type:              Setup (Max at Slow Process Corner)
  Requirement:            100.000ns  (clk_10Mhz_clk_mmcm_wiz_1 rise@100.000ns - clk_10Mhz_clk_mmcm_wiz_1 rise@0.000ns)
  Data Path Delay:        6.105ns  (logic 1.244ns (20.377%)  route 4.861ns (79.623%))
  Logic Levels:           4  (LUT5=2 LUT6=2)
  Clock Path Skew:        -0.025ns (DCD - SCD + CPR)
    Destination Clock Delay (DCD):    -1.488ns = ( 98.512 - 100.000 ) 
    Source Clock Delay      (SCD):    -0.887ns
    Clock Pessimism Removal (CPR):    0.576ns
  Clock Uncertainty:      0.140ns  ((TSJ^2 + DJ^2)^1/2) / 2 + PE
    Total System Jitter     (TSJ):    0.071ns
    Discrete Jitter          (DJ):    0.270ns
    Phase Error              (PE):    0.000ns

    Location             Delay type                Incr(ns)  Path(ns)    Netlist Resource(s)
  -------------------------------------------------------------------    -------------------
                         (clock clk_10Mhz_clk_mmcm_wiz_1 rise edge)
                                                      0.000     0.000 r  
    W5                                                0.000     0.000 r  clk (IN)
                         net (fo=0)                   0.000     0.000    clock_geni/clk_mmcm_wizi/inst/clk_in1
    W5                   IBUF (Prop_ibuf_I_O)         1.458     1.458 r  clock_geni/clk_mmcm_wizi/inst/clkin1_ibufg/O
                         net (fo=1, routed)           1.233     2.691    clock_geni/clk_mmcm_wizi/inst/clk_in1_clk_mmcm_wiz
    MMCME2_ADV_X1Y0      MMCME2_ADV (Prop_mmcme2_adv_CLKIN1_CLKOUT0)
                                                     -6.961    -4.269 r  clock_geni/clk_mmcm_wizi/inst/mmcm_adv_inst/CLKOUT0
                         net (fo=1, routed)           1.661    -2.608    clock_geni/clk_mmcm_wizi/inst/clk_10Mhz_clk_mmcm_wiz
    BUFGCTRL_X0Y0        BUFG (Prop_bufg_I_O)         0.096    -2.512 r  clock_geni/clk_mmcm_wizi/inst/clkout1_buf/O
                         net (fo=81, routed)          1.625    -0.887    light_sensori/clk_10Mhz
    SLICE_X60Y93         FDRE                                         r  light_sensori/counter_reg[16]/C
  -------------------------------------------------------------------    -------------------
    SLICE_X60Y93         FDRE (Prop_fdre_C_Q)         0.518    -0.369 r  light_sensori/counter_reg[16]/Q
                         net (fo=4, routed)           1.234     0.865    light_sensori/counter_reg[16]
    SLICE_X61Y92         LUT6 (Prop_lut6_I3_O)        0.124     0.989 r  light_sensori/Reading[7]_i_11/O
                         net (fo=2, routed)           0.677     1.666    light_sensori/Reading[7]_i_11_n_0
    SLICE_X61Y92         LUT5 (Prop_lut5_I4_O)        0.152     1.818 r  light_sensori/JA3_i_3/O
                         net (fo=3, routed)           0.591     2.409    light_sensori/JA3_i_3_n_0
    SLICE_X59Y91         LUT5 (Prop_lut5_I3_O)        0.326     2.735 f  light_sensori/counter[0]_i_4/O
                         net (fo=1, routed)           0.790     3.525    light_sensori/counter[0]_i_4_n_0
    SLICE_X61Y91         LUT6 (Prop_lut6_I2_O)        0.124     3.649 r  light_sensori/counter[0]_i_1/O
                         net (fo=33, routed)          1.569     5.218    light_sensori/counter0
    SLICE_X60Y96         FDRE                                         r  light_sensori/counter_reg[31]/R
  -------------------------------------------------------------------    -------------------

                         (clock clk_10Mhz_clk_mmcm_wiz_1 rise edge)
                                                    100.000   100.000 r  
    W5                                                0.000   100.000 r  clk (IN)
                         net (fo=0)                   0.000   100.000    clock_geni/clk_mmcm_wizi/inst/clk_in1
    W5                   IBUF (Prop_ibuf_I_O)         1.388   101.388 r  clock_geni/clk_mmcm_wizi/inst/clkin1_ibufg/O
                         net (fo=1, routed)           1.162   102.550    clock_geni/clk_mmcm_wizi/inst/clk_in1_clk_mmcm_wiz
    MMCME2_ADV_X1Y0      MMCME2_ADV (Prop_mmcme2_adv_CLKIN1_CLKOUT0)
                                                     -7.217    95.332 r  clock_geni/clk_mmcm_wizi/inst/mmcm_adv_inst/CLKOUT0
                         net (fo=1, routed)           1.581    96.914    clock_geni/clk_mmcm_wizi/inst/clk_10Mhz_clk_mmcm_wiz
    BUFGCTRL_X0Y0        BUFG (Prop_bufg_I_O)         0.091    97.005 r  clock_geni/clk_mmcm_wizi/inst/clkout1_buf/O
                         net (fo=81, routed)          1.508    98.512    light_sensori/clk_10Mhz
    SLICE_X60Y96         FDRE                                         r  light_sensori/counter_reg[31]/C
                         clock pessimism              0.576    99.088    
                         clock uncertainty           -0.140    98.948    
    SLICE_X60Y96         FDRE (Setup_fdre_C_R)       -0.524    98.424    light_sensori/counter_reg[31]
  -------------------------------------------------------------------
                         required time                         98.424    
                         arrival time                          -5.218    
  -------------------------------------------------------------------
                         slack                                 93.206    

Slack (MET) :             93.355ns  (required time - arrival time)
  Source:                 light_sensori/counter_reg[16]/C
                            (rising edge-triggered cell FDRE clocked by clk_10Mhz_clk_mmcm_wiz_1  {rise@0.000ns fall@50.000ns period=100.000ns})
  Destination:            light_sensori/counter_reg[24]/R
                            (rising edge-triggered cell FDRE clocked by clk_10Mhz_clk_mmcm_wiz_1  {rise@0.000ns fall@50.000ns period=100.000ns})
  Path Group:             clk_10Mhz_clk_mmcm_wiz_1
  Path Type:              Setup (Max at Slow Process Corner)
  Requirement:            100.000ns  (clk_10Mhz_clk_mmcm_wiz_1 rise@100.000ns - clk_10Mhz_clk_mmcm_wiz_1 rise@0.000ns)
  Data Path Delay:        5.957ns  (logic 1.244ns (20.884%)  route 4.713ns (79.116%))
  Logic Levels:           4  (LUT5=2 LUT6=2)
  Clock Path Skew:        -0.025ns (DCD - SCD + CPR)
    Destination Clock Delay (DCD):    -1.488ns = ( 98.512 - 100.000 ) 
    Source Clock Delay      (SCD):    -0.887ns
    Clock Pessimism Removal (CPR):    0.576ns
  Clock Uncertainty:      0.140ns  ((TSJ^2 + DJ^2)^1/2) / 2 + PE
    Total System Jitter     (TSJ):    0.071ns
    Discrete Jitter          (DJ):    0.270ns
    Phase Error              (PE):    0.000ns

    Location             Delay type                Incr(ns)  Path(ns)    Netlist Resource(s)
  -------------------------------------------------------------------    -------------------
                         (clock clk_10Mhz_clk_mmcm_wiz_1 rise edge)
                                                      0.000     0.000 r  
    W5                                                0.000     0.000 r  clk (IN)
                         net (fo=0)                   0.000     0.000    clock_geni/clk_mmcm_wizi/inst/clk_in1
    W5                   IBUF (Prop_ibuf_I_O)         1.458     1.458 r  clock_geni/clk_mmcm_wizi/inst/clkin1_ibufg/O
                         net (fo=1, routed)           1.233     2.691    clock_geni/clk_mmcm_wizi/inst/clk_in1_clk_mmcm_wiz
    MMCME2_ADV_X1Y0      MMCME2_ADV (Prop_mmcme2_adv_CLKIN1_CLKOUT0)
                                                     -6.961    -4.269 r  clock_geni/clk_mmcm_wizi/inst/mmcm_adv_inst/CLKOUT0
                         net (fo=1, routed)           1.661    -2.608    clock_geni/clk_mmcm_wizi/inst/clk_10Mhz_clk_mmcm_wiz
    BUFGCTRL_X0Y0        BUFG (Prop_bufg_I_O)         0.096    -2.512 r  clock_geni/clk_mmcm_wizi/inst/clkout1_buf/O
                         net (fo=81, routed)          1.625    -0.887    light_sensori/clk_10Mhz
    SLICE_X60Y93         FDRE                                         r  light_sensori/counter_reg[16]/C
  -------------------------------------------------------------------    -------------------
    SLICE_X60Y93         FDRE (Prop_fdre_C_Q)         0.518    -0.369 r  light_sensori/counter_reg[16]/Q
                         net (fo=4, routed)           1.234     0.865    light_sensori/counter_reg[16]
    SLICE_X61Y92         LUT6 (Prop_lut6_I3_O)        0.124     0.989 r  light_sensori/Reading[7]_i_11/O
                         net (fo=2, routed)           0.677     1.666    light_sensori/Reading[7]_i_11_n_0
    SLICE_X61Y92         LUT5 (Prop_lut5_I4_O)        0.152     1.818 r  light_sensori/JA3_i_3/O
                         net (fo=3, routed)           0.591     2.409    light_sensori/JA3_i_3_n_0
    SLICE_X59Y91         LUT5 (Prop_lut5_I3_O)        0.326     2.735 f  light_sensori/counter[0]_i_4/O
                         net (fo=1, routed)           0.790     3.525    light_sensori/counter[0]_i_4_n_0
    SLICE_X61Y91         LUT6 (Prop_lut6_I2_O)        0.124     3.649 r  light_sensori/counter[0]_i_1/O
                         net (fo=33, routed)          1.420     5.070    light_sensori/counter0
    SLICE_X60Y95         FDRE                                         r  light_sensori/counter_reg[24]/R
  -------------------------------------------------------------------    -------------------

                         (clock clk_10Mhz_clk_mmcm_wiz_1 rise edge)
                                                    100.000   100.000 r  
    W5                                                0.000   100.000 r  clk (IN)
                         net (fo=0)                   0.000   100.000    clock_geni/clk_mmcm_wizi/inst/clk_in1
    W5                   IBUF (Prop_ibuf_I_O)         1.388   101.388 r  clock_geni/clk_mmcm_wizi/inst/clkin1_ibufg/O
                         net (fo=1, routed)           1.162   102.550    clock_geni/clk_mmcm_wizi/inst/clk_in1_clk_mmcm_wiz
    MMCME2_ADV_X1Y0      MMCME2_ADV (Prop_mmcme2_adv_CLKIN1_CLKOUT0)
                                                     -7.217    95.332 r  clock_geni/clk_mmcm_wizi/inst/mmcm_adv_inst/CLKOUT0
                         net (fo=1, routed)           1.581    96.914    clock_geni/clk_mmcm_wizi/inst/clk_10Mhz_clk_mmcm_wiz
    BUFGCTRL_X0Y0        BUFG (Prop_bufg_I_O)         0.091    97.005 r  clock_geni/clk_mmcm_wizi/inst/clkout1_buf/O
                         net (fo=81, routed)          1.508    98.512    light_sensori/clk_10Mhz
    SLICE_X60Y95         FDRE                                         r  light_sensori/counter_reg[24]/C
                         clock pessimism              0.576    99.088    
                         clock uncertainty           -0.140    98.948    
    SLICE_X60Y95         FDRE (Setup_fdre_C_R)       -0.524    98.424    light_sensori/counter_reg[24]
  -------------------------------------------------------------------
                         required time                         98.424    
                         arrival time                          -5.070    
  -------------------------------------------------------------------
                         slack                                 93.355    

Slack (MET) :             93.355ns  (required time - arrival time)
  Source:                 light_sensori/counter_reg[16]/C
                            (rising edge-triggered cell FDRE clocked by clk_10Mhz_clk_mmcm_wiz_1  {rise@0.000ns fall@50.000ns period=100.000ns})
  Destination:            light_sensori/counter_reg[25]/R
                            (rising edge-triggered cell FDRE clocked by clk_10Mhz_clk_mmcm_wiz_1  {rise@0.000ns fall@50.000ns period=100.000ns})
  Path Group:             clk_10Mhz_clk_mmcm_wiz_1
  Path Type:              Setup (Max at Slow Process Corner)
  Requirement:            100.000ns  (clk_10Mhz_clk_mmcm_wiz_1 rise@100.000ns - clk_10Mhz_clk_mmcm_wiz_1 rise@0.000ns)
  Data Path Delay:        5.957ns  (logic 1.244ns (20.884%)  route 4.713ns (79.116%))
  Logic Levels:           4  (LUT5=2 LUT6=2)
  Clock Path Skew:        -0.025ns (DCD - SCD + CPR)
    Destination Clock Delay (DCD):    -1.488ns = ( 98.512 - 100.000 ) 
    Source Clock Delay      (SCD):    -0.887ns
    Clock Pessimism Removal (CPR):    0.576ns
  Clock Uncertainty:      0.140ns  ((TSJ^2 + DJ^2)^1/2) / 2 + PE
    Total System Jitter     (TSJ):    0.071ns
    Discrete Jitter          (DJ):    0.270ns
    Phase Error              (PE):    0.000ns

    Location             Delay type                Incr(ns)  Path(ns)    Netlist Resource(s)
  -------------------------------------------------------------------    -------------------
                         (clock clk_10Mhz_clk_mmcm_wiz_1 rise edge)
                                                      0.000     0.000 r  
    W5                                                0.000     0.000 r  clk (IN)
                         net (fo=0)                   0.000     0.000    clock_geni/clk_mmcm_wizi/inst/clk_in1
    W5                   IBUF (Prop_ibuf_I_O)         1.458     1.458 r  clock_geni/clk_mmcm_wizi/inst/clkin1_ibufg/O
                         net (fo=1, routed)           1.233     2.691    clock_geni/clk_mmcm_wizi/inst/clk_in1_clk_mmcm_wiz
    MMCME2_ADV_X1Y0      MMCME2_ADV (Prop_mmcme2_adv_CLKIN1_CLKOUT0)
                                                     -6.961    -4.269 r  clock_geni/clk_mmcm_wizi/inst/mmcm_adv_inst/CLKOUT0
                         net (fo=1, routed)           1.661    -2.608    clock_geni/clk_mmcm_wizi/inst/clk_10Mhz_clk_mmcm_wiz
    BUFGCTRL_X0Y0        BUFG (Prop_bufg_I_O)         0.096    -2.512 r  clock_geni/clk_mmcm_wizi/inst/clkout1_buf/O
                         net (fo=81, routed)          1.625    -0.887    light_sensori/clk_10Mhz
    SLICE_X60Y93         FDRE                                         r  light_sensori/counter_reg[16]/C
  -------------------------------------------------------------------    -------------------
    SLICE_X60Y93         FDRE (Prop_fdre_C_Q)         0.518    -0.369 r  light_sensori/counter_reg[16]/Q
                         net (fo=4, routed)           1.234     0.865    light_sensori/counter_reg[16]
    SLICE_X61Y92         LUT6 (Prop_lut6_I3_O)        0.124     0.989 r  light_sensori/Reading[7]_i_11/O
                         net (fo=2, routed)           0.677     1.666    light_sensori/Reading[7]_i_11_n_0
    SLICE_X61Y92         LUT5 (Prop_lut5_I4_O)        0.152     1.818 r  light_sensori/JA3_i_3/O
                         net (fo=3, routed)           0.591     2.409    light_sensori/JA3_i_3_n_0
    SLICE_X59Y91         LUT5 (Prop_lut5_I3_O)        0.326     2.735 f  light_sensori/counter[0]_i_4/O
                         net (fo=1, routed)           0.790     3.525    light_sensori/counter[0]_i_4_n_0
    SLICE_X61Y91         LUT6 (Prop_lut6_I2_O)        0.124     3.649 r  light_sensori/counter[0]_i_1/O
                         net (fo=33, routed)          1.420     5.070    light_sensori/counter0
    SLICE_X60Y95         FDRE                                         r  light_sensori/counter_reg[25]/R
  -------------------------------------------------------------------    -------------------

                         (clock clk_10Mhz_clk_mmcm_wiz_1 rise edge)
                                                    100.000   100.000 r  
    W5                                                0.000   100.000 r  clk (IN)
                         net (fo=0)                   0.000   100.000    clock_geni/clk_mmcm_wizi/inst/clk_in1
    W5                   IBUF (Prop_ibuf_I_O)         1.388   101.388 r  clock_geni/clk_mmcm_wizi/inst/clkin1_ibufg/O
                         net (fo=1, routed)           1.162   102.550    clock_geni/clk_mmcm_wizi/inst/clk_in1_clk_mmcm_wiz
    MMCME2_ADV_X1Y0      MMCME2_ADV (Prop_mmcme2_adv_CLKIN1_CLKOUT0)
                                                     -7.217    95.332 r  clock_geni/clk_mmcm_wizi/inst/mmcm_adv_inst/CLKOUT0
                         net (fo=1, routed)           1.581    96.914    clock_geni/clk_mmcm_wizi/inst/clk_10Mhz_clk_mmcm_wiz
    BUFGCTRL_X0Y0        BUFG (Prop_bufg_I_O)         0.091    97.005 r  clock_geni/clk_mmcm_wizi/inst/clkout1_buf/O
                         net (fo=81, routed)          1.508    98.512    light_sensori/clk_10Mhz
    SLICE_X60Y95         FDRE                                         r  light_sensori/counter_reg[25]/C
                         clock pessimism              0.576    99.088    
                         clock uncertainty           -0.140    98.948    
    SLICE_X60Y95         FDRE (Setup_fdre_C_R)       -0.524    98.424    light_sensori/counter_reg[25]
  -------------------------------------------------------------------
                         required time                         98.424    
                         arrival time                          -5.070    
  -------------------------------------------------------------------
                         slack                                 93.355    

Slack (MET) :             93.355ns  (required time - arrival time)
  Source:                 light_sensori/counter_reg[16]/C
                            (rising edge-triggered cell FDRE clocked by clk_10Mhz_clk_mmcm_wiz_1  {rise@0.000ns fall@50.000ns period=100.000ns})
  Destination:            light_sensori/counter_reg[26]/R
                            (rising edge-triggered cell FDRE clocked by clk_10Mhz_clk_mmcm_wiz_1  {rise@0.000ns fall@50.000ns period=100.000ns})
  Path Group:             clk_10Mhz_clk_mmcm_wiz_1
  Path Type:              Setup (Max at Slow Process Corner)
  Requirement:            100.000ns  (clk_10Mhz_clk_mmcm_wiz_1 rise@100.000ns - clk_10Mhz_clk_mmcm_wiz_1 rise@0.000ns)
  Data Path Delay:        5.957ns  (logic 1.244ns (20.884%)  route 4.713ns (79.116%))
  Logic Levels:           4  (LUT5=2 LUT6=2)
  Clock Path Skew:        -0.025ns (DCD - SCD + CPR)
    Destination Clock Delay (DCD):    -1.488ns = ( 98.512 - 100.000 ) 
    Source Clock Delay      (SCD):    -0.887ns
    Clock Pessimism Removal (CPR):    0.576ns
  Clock Uncertainty:      0.140ns  ((TSJ^2 + DJ^2)^1/2) / 2 + PE
    Total System Jitter     (TSJ):    0.071ns
    Discrete Jitter          (DJ):    0.270ns
    Phase Error              (PE):    0.000ns

    Location             Delay type                Incr(ns)  Path(ns)    Netlist Resource(s)
  -------------------------------------------------------------------    -------------------
                         (clock clk_10Mhz_clk_mmcm_wiz_1 rise edge)
                                                      0.000     0.000 r  
    W5                                                0.000     0.000 r  clk (IN)
                         net (fo=0)                   0.000     0.000    clock_geni/clk_mmcm_wizi/inst/clk_in1
    W5                   IBUF (Prop_ibuf_I_O)         1.458     1.458 r  clock_geni/clk_mmcm_wizi/inst/clkin1_ibufg/O
                         net (fo=1, routed)           1.233     2.691    clock_geni/clk_mmcm_wizi/inst/clk_in1_clk_mmcm_wiz
    MMCME2_ADV_X1Y0      MMCME2_ADV (Prop_mmcme2_adv_CLKIN1_CLKOUT0)
                                                     -6.961    -4.269 r  clock_geni/clk_mmcm_wizi/inst/mmcm_adv_inst/CLKOUT0
                         net (fo=1, routed)           1.661    -2.608    clock_geni/clk_mmcm_wizi/inst/clk_10Mhz_clk_mmcm_wiz
    BUFGCTRL_X0Y0        BUFG (Prop_bufg_I_O)         0.096    -2.512 r  clock_geni/clk_mmcm_wizi/inst/clkout1_buf/O
                         net (fo=81, routed)          1.625    -0.887    light_sensori/clk_10Mhz
    SLICE_X60Y93         FDRE                                         r  light_sensori/counter_reg[16]/C
  -------------------------------------------------------------------    -------------------
    SLICE_X60Y93         FDRE (Prop_fdre_C_Q)         0.518    -0.369 r  light_sensori/counter_reg[16]/Q
                         net (fo=4, routed)           1.234     0.865    light_sensori/counter_reg[16]
    SLICE_X61Y92         LUT6 (Prop_lut6_I3_O)        0.124     0.989 r  light_sensori/Reading[7]_i_11/O
                         net (fo=2, routed)           0.677     1.666    light_sensori/Reading[7]_i_11_n_0
    SLICE_X61Y92         LUT5 (Prop_lut5_I4_O)        0.152     1.818 r  light_sensori/JA3_i_3/O
                         net (fo=3, routed)           0.591     2.409    light_sensori/JA3_i_3_n_0
    SLICE_X59Y91         LUT5 (Prop_lut5_I3_O)        0.326     2.735 f  light_sensori/counter[0]_i_4/O
                         net (fo=1, routed)           0.790     3.525    light_sensori/counter[0]_i_4_n_0
    SLICE_X61Y91         LUT6 (Prop_lut6_I2_O)        0.124     3.649 r  light_sensori/counter[0]_i_1/O
                         net (fo=33, routed)          1.420     5.070    light_sensori/counter0
    SLICE_X60Y95         FDRE                                         r  light_sensori/counter_reg[26]/R
  -------------------------------------------------------------------    -------------------

                         (clock clk_10Mhz_clk_mmcm_wiz_1 rise edge)
                                                    100.000   100.000 r  
    W5                                                0.000   100.000 r  clk (IN)
                         net (fo=0)                   0.000   100.000    clock_geni/clk_mmcm_wizi/inst/clk_in1
    W5                   IBUF (Prop_ibuf_I_O)         1.388   101.388 r  clock_geni/clk_mmcm_wizi/inst/clkin1_ibufg/O
                         net (fo=1, routed)           1.162   102.550    clock_geni/clk_mmcm_wizi/inst/clk_in1_clk_mmcm_wiz
    MMCME2_ADV_X1Y0      MMCME2_ADV (Prop_mmcme2_adv_CLKIN1_CLKOUT0)
                                                     -7.217    95.332 r  clock_geni/clk_mmcm_wizi/inst/mmcm_adv_inst/CLKOUT0
                         net (fo=1, routed)           1.581    96.914    clock_geni/clk_mmcm_wizi/inst/clk_10Mhz_clk_mmcm_wiz
    BUFGCTRL_X0Y0        BUFG (Prop_bufg_I_O)         0.091    97.005 r  clock_geni/clk_mmcm_wizi/inst/clkout1_buf/O
                         net (fo=81, routed)          1.508    98.512    light_sensori/clk_10Mhz
    SLICE_X60Y95         FDRE                                         r  light_sensori/counter_reg[26]/C
                         clock pessimism              0.576    99.088    
                         clock uncertainty           -0.140    98.948    
    SLICE_X60Y95         FDRE (Setup_fdre_C_R)       -0.524    98.424    light_sensori/counter_reg[26]
  -------------------------------------------------------------------
                         required time                         98.424    
                         arrival time                          -5.070    
  -------------------------------------------------------------------
                         slack                                 93.355    

Slack (MET) :             93.355ns  (required time - arrival time)
  Source:                 light_sensori/counter_reg[16]/C
                            (rising edge-triggered cell FDRE clocked by clk_10Mhz_clk_mmcm_wiz_1  {rise@0.000ns fall@50.000ns period=100.000ns})
  Destination:            light_sensori/counter_reg[27]/R
                            (rising edge-triggered cell FDRE clocked by clk_10Mhz_clk_mmcm_wiz_1  {rise@0.000ns fall@50.000ns period=100.000ns})
  Path Group:             clk_10Mhz_clk_mmcm_wiz_1
  Path Type:              Setup (Max at Slow Process Corner)
  Requirement:            100.000ns  (clk_10Mhz_clk_mmcm_wiz_1 rise@100.000ns - clk_10Mhz_clk_mmcm_wiz_1 rise@0.000ns)
  Data Path Delay:        5.957ns  (logic 1.244ns (20.884%)  route 4.713ns (79.116%))
  Logic Levels:           4  (LUT5=2 LUT6=2)
  Clock Path Skew:        -0.025ns (DCD - SCD + CPR)
    Destination Clock Delay (DCD):    -1.488ns = ( 98.512 - 100.000 ) 
    Source Clock Delay      (SCD):    -0.887ns
    Clock Pessimism Removal (CPR):    0.576ns
  Clock Uncertainty:      0.140ns  ((TSJ^2 + DJ^2)^1/2) / 2 + PE
    Total System Jitter     (TSJ):    0.071ns
    Discrete Jitter          (DJ):    0.270ns
    Phase Error              (PE):    0.000ns

    Location             Delay type                Incr(ns)  Path(ns)    Netlist Resource(s)
  -------------------------------------------------------------------    -------------------
                         (clock clk_10Mhz_clk_mmcm_wiz_1 rise edge)
                                                      0.000     0.000 r  
    W5                                                0.000     0.000 r  clk (IN)
                         net (fo=0)                   0.000     0.000    clock_geni/clk_mmcm_wizi/inst/clk_in1
    W5                   IBUF (Prop_ibuf_I_O)         1.458     1.458 r  clock_geni/clk_mmcm_wizi/inst/clkin1_ibufg/O
                         net (fo=1, routed)           1.233     2.691    clock_geni/clk_mmcm_wizi/inst/clk_in1_clk_mmcm_wiz
    MMCME2_ADV_X1Y0      MMCME2_ADV (Prop_mmcme2_adv_CLKIN1_CLKOUT0)
                                                     -6.961    -4.269 r  clock_geni/clk_mmcm_wizi/inst/mmcm_adv_inst/CLKOUT0
                         net (fo=1, routed)           1.661    -2.608    clock_geni/clk_mmcm_wizi/inst/clk_10Mhz_clk_mmcm_wiz
    BUFGCTRL_X0Y0        BUFG (Prop_bufg_I_O)         0.096    -2.512 r  clock_geni/clk_mmcm_wizi/inst/clkout1_buf/O
                         net (fo=81, routed)          1.625    -0.887    light_sensori/clk_10Mhz
    SLICE_X60Y93         FDRE                                         r  light_sensori/counter_reg[16]/C
  -------------------------------------------------------------------    -------------------
    SLICE_X60Y93         FDRE (Prop_fdre_C_Q)         0.518    -0.369 r  light_sensori/counter_reg[16]/Q
                         net (fo=4, routed)           1.234     0.865    light_sensori/counter_reg[16]
    SLICE_X61Y92         LUT6 (Prop_lut6_I3_O)        0.124     0.989 r  light_sensori/Reading[7]_i_11/O
                         net (fo=2, routed)           0.677     1.666    light_sensori/Reading[7]_i_11_n_0
    SLICE_X61Y92         LUT5 (Prop_lut5_I4_O)        0.152     1.818 r  light_sensori/JA3_i_3/O
                         net (fo=3, routed)           0.591     2.409    light_sensori/JA3_i_3_n_0
    SLICE_X59Y91         LUT5 (Prop_lut5_I3_O)        0.326     2.735 f  light_sensori/counter[0]_i_4/O
                         net (fo=1, routed)           0.790     3.525    light_sensori/counter[0]_i_4_n_0
    SLICE_X61Y91         LUT6 (Prop_lut6_I2_O)        0.124     3.649 r  light_sensori/counter[0]_i_1/O
                         net (fo=33, routed)          1.420     5.070    light_sensori/counter0
    SLICE_X60Y95         FDRE                                         r  light_sensori/counter_reg[27]/R
  -------------------------------------------------------------------    -------------------

                         (clock clk_10Mhz_clk_mmcm_wiz_1 rise edge)
                                                    100.000   100.000 r  
    W5                                                0.000   100.000 r  clk (IN)
                         net (fo=0)                   0.000   100.000    clock_geni/clk_mmcm_wizi/inst/clk_in1
    W5                   IBUF (Prop_ibuf_I_O)         1.388   101.388 r  clock_geni/clk_mmcm_wizi/inst/clkin1_ibufg/O
                         net (fo=1, routed)           1.162   102.550    clock_geni/clk_mmcm_wizi/inst/clk_in1_clk_mmcm_wiz
    MMCME2_ADV_X1Y0      MMCME2_ADV (Prop_mmcme2_adv_CLKIN1_CLKOUT0)
                                                     -7.217    95.332 r  clock_geni/clk_mmcm_wizi/inst/mmcm_adv_inst/CLKOUT0
                         net (fo=1, routed)           1.581    96.914    clock_geni/clk_mmcm_wizi/inst/clk_10Mhz_clk_mmcm_wiz
    BUFGCTRL_X0Y0        BUFG (Prop_bufg_I_O)         0.091    97.005 r  clock_geni/clk_mmcm_wizi/inst/clkout1_buf/O
                         net (fo=81, routed)          1.508    98.512    light_sensori/clk_10Mhz
    SLICE_X60Y95         FDRE                                         r  light_sensori/counter_reg[27]/C
                         clock pessimism              0.576    99.088    
                         clock uncertainty           -0.140    98.948    
    SLICE_X60Y95         FDRE (Setup_fdre_C_R)       -0.524    98.424    light_sensori/counter_reg[27]
  -------------------------------------------------------------------
                         required time                         98.424    
                         arrival time                          -5.070    
  -------------------------------------------------------------------
                         slack                                 93.355    

Slack (MET) :             93.503ns  (required time - arrival time)
  Source:                 light_sensori/counter_reg[16]/C
                            (rising edge-triggered cell FDRE clocked by clk_10Mhz_clk_mmcm_wiz_1  {rise@0.000ns fall@50.000ns period=100.000ns})
  Destination:            light_sensori/counter_reg[20]/R
                            (rising edge-triggered cell FDRE clocked by clk_10Mhz_clk_mmcm_wiz_1  {rise@0.000ns fall@50.000ns period=100.000ns})
  Path Group:             clk_10Mhz_clk_mmcm_wiz_1
  Path Type:              Setup (Max at Slow Process Corner)
  Requirement:            100.000ns  (clk_10Mhz_clk_mmcm_wiz_1 rise@100.000ns - clk_10Mhz_clk_mmcm_wiz_1 rise@0.000ns)
  Data Path Delay:        5.808ns  (logic 1.244ns (21.418%)  route 4.564ns (78.582%))
  Logic Levels:           4  (LUT5=2 LUT6=2)
  Clock Path Skew:        -0.025ns (DCD - SCD + CPR)
    Destination Clock Delay (DCD):    -1.488ns = ( 98.512 - 100.000 ) 
    Source Clock Delay      (SCD):    -0.887ns
    Clock Pessimism Removal (CPR):    0.576ns
  Clock Uncertainty:      0.140ns  ((TSJ^2 + DJ^2)^1/2) / 2 + PE
    Total System Jitter     (TSJ):    0.071ns
    Discrete Jitter          (DJ):    0.270ns
    Phase Error              (PE):    0.000ns

    Location             Delay type                Incr(ns)  Path(ns)    Netlist Resource(s)
  -------------------------------------------------------------------    -------------------
                         (clock clk_10Mhz_clk_mmcm_wiz_1 rise edge)
                                                      0.000     0.000 r  
    W5                                                0.000     0.000 r  clk (IN)
                         net (fo=0)                   0.000     0.000    clock_geni/clk_mmcm_wizi/inst/clk_in1
    W5                   IBUF (Prop_ibuf_I_O)         1.458     1.458 r  clock_geni/clk_mmcm_wizi/inst/clkin1_ibufg/O
                         net (fo=1, routed)           1.233     2.691    clock_geni/clk_mmcm_wizi/inst/clk_in1_clk_mmcm_wiz
    MMCME2_ADV_X1Y0      MMCME2_ADV (Prop_mmcme2_adv_CLKIN1_CLKOUT0)
                                                     -6.961    -4.269 r  clock_geni/clk_mmcm_wizi/inst/mmcm_adv_inst/CLKOUT0
                         net (fo=1, routed)           1.661    -2.608    clock_geni/clk_mmcm_wizi/inst/clk_10Mhz_clk_mmcm_wiz
    BUFGCTRL_X0Y0        BUFG (Prop_bufg_I_O)         0.096    -2.512 r  clock_geni/clk_mmcm_wizi/inst/clkout1_buf/O
                         net (fo=81, routed)          1.625    -0.887    light_sensori/clk_10Mhz
    SLICE_X60Y93         FDRE                                         r  light_sensori/counter_reg[16]/C
  -------------------------------------------------------------------    -------------------
    SLICE_X60Y93         FDRE (Prop_fdre_C_Q)         0.518    -0.369 r  light_sensori/counter_reg[16]/Q
                         net (fo=4, routed)           1.234     0.865    light_sensori/counter_reg[16]
    SLICE_X61Y92         LUT6 (Prop_lut6_I3_O)        0.124     0.989 r  light_sensori/Reading[7]_i_11/O
                         net (fo=2, routed)           0.677     1.666    light_sensori/Reading[7]_i_11_n_0
    SLICE_X61Y92         LUT5 (Prop_lut5_I4_O)        0.152     1.818 r  light_sensori/JA3_i_3/O
                         net (fo=3, routed)           0.591     2.409    light_sensori/JA3_i_3_n_0
    SLICE_X59Y91         LUT5 (Prop_lut5_I3_O)        0.326     2.735 f  light_sensori/counter[0]_i_4/O
                         net (fo=1, routed)           0.790     3.525    light_sensori/counter[0]_i_4_n_0
    SLICE_X61Y91         LUT6 (Prop_lut6_I2_O)        0.124     3.649 r  light_sensori/counter[0]_i_1/O
                         net (fo=33, routed)          1.272     4.921    light_sensori/counter0
    SLICE_X60Y94         FDRE                                         r  light_sensori/counter_reg[20]/R
  -------------------------------------------------------------------    -------------------

                         (clock clk_10Mhz_clk_mmcm_wiz_1 rise edge)
                                                    100.000   100.000 r  
    W5                                                0.000   100.000 r  clk (IN)
                         net (fo=0)                   0.000   100.000    clock_geni/clk_mmcm_wizi/inst/clk_in1
    W5                   IBUF (Prop_ibuf_I_O)         1.388   101.388 r  clock_geni/clk_mmcm_wizi/inst/clkin1_ibufg/O
                         net (fo=1, routed)           1.162   102.550    clock_geni/clk_mmcm_wizi/inst/clk_in1_clk_mmcm_wiz
    MMCME2_ADV_X1Y0      MMCME2_ADV (Prop_mmcme2_adv_CLKIN1_CLKOUT0)
                                                     -7.217    95.332 r  clock_geni/clk_mmcm_wizi/inst/mmcm_adv_inst/CLKOUT0
                         net (fo=1, routed)           1.581    96.914    clock_geni/clk_mmcm_wizi/inst/clk_10Mhz_clk_mmcm_wiz
    BUFGCTRL_X0Y0        BUFG (Prop_bufg_I_O)         0.091    97.005 r  clock_geni/clk_mmcm_wizi/inst/clkout1_buf/O
                         net (fo=81, routed)          1.508    98.512    light_sensori/clk_10Mhz
    SLICE_X60Y94         FDRE                                         r  light_sensori/counter_reg[20]/C
                         clock pessimism              0.576    99.088    
                         clock uncertainty           -0.140    98.948    
    SLICE_X60Y94         FDRE (Setup_fdre_C_R)       -0.524    98.424    light_sensori/counter_reg[20]
  -------------------------------------------------------------------
                         required time                         98.424    
                         arrival time                          -4.921    
  -------------------------------------------------------------------
                         slack                                 93.503    





Min Delay Paths
--------------------------------------------------------------------------------------
Slack (MET) :             0.207ns  (arrival time - required time)
  Source:                 light_sensori/toofast_reg[0]/C
                            (rising edge-triggered cell FDRE clocked by clk_10Mhz_clk_mmcm_wiz_1  {rise@0.000ns fall@50.000ns period=100.000ns})
  Destination:            light_sensori/toofast_reg[1]/D
                            (rising edge-triggered cell FDRE clocked by clk_10Mhz_clk_mmcm_wiz_1  {rise@0.000ns fall@50.000ns period=100.000ns})
  Path Group:             clk_10Mhz_clk_mmcm_wiz_1
  Path Type:              Hold (Min at Fast Process Corner)
  Requirement:            0.000ns  (clk_10Mhz_clk_mmcm_wiz_1 rise@0.000ns - clk_10Mhz_clk_mmcm_wiz_1 rise@0.000ns)
  Data Path Delay:        0.254ns  (logic 0.141ns (55.503%)  route 0.113ns (44.497%))
  Logic Levels:           0  
  Clock Path Skew:        0.000ns (DCD - SCD - CPR)
    Destination Clock Delay (DCD):    -0.826ns
    Source Clock Delay      (SCD):    -0.588ns
    Clock Pessimism Removal (CPR):    -0.238ns

    Location             Delay type                Incr(ns)  Path(ns)    Netlist Resource(s)
  -------------------------------------------------------------------    -------------------
                         (clock clk_10Mhz_clk_mmcm_wiz_1 rise edge)
                                                      0.000     0.000 r  
    W5                                                0.000     0.000 r  clk (IN)
                         net (fo=0)                   0.000     0.000    clock_geni/clk_mmcm_wizi/inst/clk_in1
    W5                   IBUF (Prop_ibuf_I_O)         0.226     0.226 r  clock_geni/clk_mmcm_wizi/inst/clkin1_ibufg/O
                         net (fo=1, routed)           0.440     0.667    clock_geni/clk_mmcm_wizi/inst/clk_in1_clk_mmcm_wiz
    MMCME2_ADV_X1Y0      MMCME2_ADV (Prop_mmcme2_adv_CLKIN1_CLKOUT0)
                                                     -2.360    -1.693 r  clock_geni/clk_mmcm_wizi/inst/mmcm_adv_inst/CLKOUT0
                         net (fo=1, routed)           0.486    -1.207    clock_geni/clk_mmcm_wizi/inst/clk_10Mhz_clk_mmcm_wiz
    BUFGCTRL_X0Y0        BUFG (Prop_bufg_I_O)         0.026    -1.181 r  clock_geni/clk_mmcm_wizi/inst/clkout1_buf/O
                         net (fo=81, routed)          0.593    -0.588    light_sensori/clk_10Mhz
    SLICE_X63Y93         FDRE                                         r  light_sensori/toofast_reg[0]/C
  -------------------------------------------------------------------    -------------------
    SLICE_X63Y93         FDRE (Prop_fdre_C_Q)         0.141    -0.447 r  light_sensori/toofast_reg[0]/Q
                         net (fo=2, routed)           0.113    -0.334    light_sensori/toofast[0]
    SLICE_X63Y93         FDRE                                         r  light_sensori/toofast_reg[1]/D
  -------------------------------------------------------------------    -------------------

                         (clock clk_10Mhz_clk_mmcm_wiz_1 rise edge)
                                                      0.000     0.000 r  
    W5                                                0.000     0.000 r  clk (IN)
                         net (fo=0)                   0.000     0.000    clock_geni/clk_mmcm_wizi/inst/clk_in1
    W5                   IBUF (Prop_ibuf_I_O)         0.414     0.414 r  clock_geni/clk_mmcm_wizi/inst/clkin1_ibufg/O
                         net (fo=1, routed)           0.480     0.894    clock_geni/clk_mmcm_wizi/inst/clk_in1_clk_mmcm_wiz
    MMCME2_ADV_X1Y0      MMCME2_ADV (Prop_mmcme2_adv_CLKIN1_CLKOUT0)
                                                     -3.142    -2.248 r  clock_geni/clk_mmcm_wizi/inst/mmcm_adv_inst/CLKOUT0
                         net (fo=1, routed)           0.530    -1.718    clock_geni/clk_mmcm_wizi/inst/clk_10Mhz_clk_mmcm_wiz
    BUFGCTRL_X0Y0        BUFG (Prop_bufg_I_O)         0.029    -1.689 r  clock_geni/clk_mmcm_wizi/inst/clkout1_buf/O
                         net (fo=81, routed)          0.863    -0.826    light_sensori/clk_10Mhz
    SLICE_X63Y93         FDRE                                         r  light_sensori/toofast_reg[1]/C
                         clock pessimism              0.238    -0.588    
    SLICE_X63Y93         FDRE (Hold_fdre_C_D)         0.047    -0.541    light_sensori/toofast_reg[1]
  -------------------------------------------------------------------
                         required time                          0.541    
                         arrival time                          -0.334    
  -------------------------------------------------------------------
                         slack                                  0.207    

Slack (MET) :             0.213ns  (arrival time - required time)
  Source:                 light_sensori/toofast_reg[3]/C
                            (rising edge-triggered cell FDRE clocked by clk_10Mhz_clk_mmcm_wiz_1  {rise@0.000ns fall@50.000ns period=100.000ns})
  Destination:            light_sensori/Reading_reg[3]/D
                            (rising edge-triggered cell FDRE clocked by clk_10Mhz_clk_mmcm_wiz_1  {rise@0.000ns fall@50.000ns period=100.000ns})
  Path Group:             clk_10Mhz_clk_mmcm_wiz_1
  Path Type:              Hold (Min at Fast Process Corner)
  Requirement:            0.000ns  (clk_10Mhz_clk_mmcm_wiz_1 rise@0.000ns - clk_10Mhz_clk_mmcm_wiz_1 rise@0.000ns)
  Data Path Delay:        0.273ns  (logic 0.141ns (51.656%)  route 0.132ns (48.344%))
  Logic Levels:           0  
  Clock Path Skew:        0.013ns (DCD - SCD - CPR)
    Destination Clock Delay (DCD):    -0.826ns
    Source Clock Delay      (SCD):    -0.588ns
    Clock Pessimism Removal (CPR):    -0.251ns

    Location             Delay type                Incr(ns)  Path(ns)    Netlist Resource(s)
  -------------------------------------------------------------------    -------------------
                         (clock clk_10Mhz_clk_mmcm_wiz_1 rise edge)
                                                      0.000     0.000 r  
    W5                                                0.000     0.000 r  clk (IN)
                         net (fo=0)                   0.000     0.000    clock_geni/clk_mmcm_wizi/inst/clk_in1
    W5                   IBUF (Prop_ibuf_I_O)         0.226     0.226 r  clock_geni/clk_mmcm_wizi/inst/clkin1_ibufg/O
                         net (fo=1, routed)           0.440     0.667    clock_geni/clk_mmcm_wizi/inst/clk_in1_clk_mmcm_wiz
    MMCME2_ADV_X1Y0      MMCME2_ADV (Prop_mmcme2_adv_CLKIN1_CLKOUT0)
                                                     -2.360    -1.693 r  clock_geni/clk_mmcm_wizi/inst/mmcm_adv_inst/CLKOUT0
                         net (fo=1, routed)           0.486    -1.207    clock_geni/clk_mmcm_wizi/inst/clk_10Mhz_clk_mmcm_wiz
    BUFGCTRL_X0Y0        BUFG (Prop_bufg_I_O)         0.026    -1.181 r  clock_geni/clk_mmcm_wizi/inst/clkout1_buf/O
                         net (fo=81, routed)          0.593    -0.588    light_sensori/clk_10Mhz
    SLICE_X63Y93         FDRE                                         r  light_sensori/toofast_reg[3]/C
  -------------------------------------------------------------------    -------------------
    SLICE_X63Y93         FDRE (Prop_fdre_C_Q)         0.141    -0.447 r  light_sensori/toofast_reg[3]/Q
                         net (fo=2, routed)           0.132    -0.315    light_sensori/toofast[3]
    SLICE_X62Y93         FDRE                                         r  light_sensori/Reading_reg[3]/D
  -------------------------------------------------------------------    -------------------

                         (clock clk_10Mhz_clk_mmcm_wiz_1 rise edge)
                                                      0.000     0.000 r  
    W5                                                0.000     0.000 r  clk (IN)
                         net (fo=0)                   0.000     0.000    clock_geni/clk_mmcm_wizi/inst/clk_in1
    W5                   IBUF (Prop_ibuf_I_O)         0.414     0.414 r  clock_geni/clk_mmcm_wizi/inst/clkin1_ibufg/O
                         net (fo=1, routed)           0.480     0.894    clock_geni/clk_mmcm_wizi/inst/clk_in1_clk_mmcm_wiz
    MMCME2_ADV_X1Y0      MMCME2_ADV (Prop_mmcme2_adv_CLKIN1_CLKOUT0)
                                                     -3.142    -2.248 r  clock_geni/clk_mmcm_wizi/inst/mmcm_adv_inst/CLKOUT0
                         net (fo=1, routed)           0.530    -1.718    clock_geni/clk_mmcm_wizi/inst/clk_10Mhz_clk_mmcm_wiz
    BUFGCTRL_X0Y0        BUFG (Prop_bufg_I_O)         0.029    -1.689 r  clock_geni/clk_mmcm_wizi/inst/clkout1_buf/O
                         net (fo=81, routed)          0.863    -0.826    light_sensori/clk_10Mhz
    SLICE_X62Y93         FDRE                                         r  light_sensori/Reading_reg[3]/C
                         clock pessimism              0.251    -0.575    
    SLICE_X62Y93         FDRE (Hold_fdre_C_D)         0.047    -0.528    light_sensori/Reading_reg[3]
  -------------------------------------------------------------------
                         required time                          0.528    
                         arrival time                          -0.315    
  -------------------------------------------------------------------
                         slack                                  0.213    

Slack (MET) :             0.218ns  (arrival time - required time)
  Source:                 light_sensori/toofast_reg[1]/C
                            (rising edge-triggered cell FDRE clocked by clk_10Mhz_clk_mmcm_wiz_1  {rise@0.000ns fall@50.000ns period=100.000ns})
  Destination:            light_sensori/Reading_reg[1]/D
                            (rising edge-triggered cell FDRE clocked by clk_10Mhz_clk_mmcm_wiz_1  {rise@0.000ns fall@50.000ns period=100.000ns})
  Path Group:             clk_10Mhz_clk_mmcm_wiz_1
  Path Type:              Hold (Min at Fast Process Corner)
  Requirement:            0.000ns  (clk_10Mhz_clk_mmcm_wiz_1 rise@0.000ns - clk_10Mhz_clk_mmcm_wiz_1 rise@0.000ns)
  Data Path Delay:        0.290ns  (logic 0.141ns (48.596%)  route 0.149ns (51.404%))
  Logic Levels:           0  
  Clock Path Skew:        0.013ns (DCD - SCD - CPR)
    Destination Clock Delay (DCD):    -0.826ns
    Source Clock Delay      (SCD):    -0.588ns
    Clock Pessimism Removal (CPR):    -0.251ns

    Location             Delay type                Incr(ns)  Path(ns)    Netlist Resource(s)
  -------------------------------------------------------------------    -------------------
                         (clock clk_10Mhz_clk_mmcm_wiz_1 rise edge)
                                                      0.000     0.000 r  
    W5                                                0.000     0.000 r  clk (IN)
                         net (fo=0)                   0.000     0.000    clock_geni/clk_mmcm_wizi/inst/clk_in1
    W5                   IBUF (Prop_ibuf_I_O)         0.226     0.226 r  clock_geni/clk_mmcm_wizi/inst/clkin1_ibufg/O
                         net (fo=1, routed)           0.440     0.667    clock_geni/clk_mmcm_wizi/inst/clk_in1_clk_mmcm_wiz
    MMCME2_ADV_X1Y0      MMCME2_ADV (Prop_mmcme2_adv_CLKIN1_CLKOUT0)
                                                     -2.360    -1.693 r  clock_geni/clk_mmcm_wizi/inst/mmcm_adv_inst/CLKOUT0
                         net (fo=1, routed)           0.486    -1.207    clock_geni/clk_mmcm_wizi/inst/clk_10Mhz_clk_mmcm_wiz
    BUFGCTRL_X0Y0        BUFG (Prop_bufg_I_O)         0.026    -1.181 r  clock_geni/clk_mmcm_wizi/inst/clkout1_buf/O
                         net (fo=81, routed)          0.593    -0.588    light_sensori/clk_10Mhz
    SLICE_X63Y93         FDRE                                         r  light_sensori/toofast_reg[1]/C
  -------------------------------------------------------------------    -------------------
    SLICE_X63Y93         FDRE (Prop_fdre_C_Q)         0.141    -0.447 r  light_sensori/toofast_reg[1]/Q
                         net (fo=2, routed)           0.149    -0.298    light_sensori/toofast[1]
    SLICE_X62Y93         FDRE                                         r  light_sensori/Reading_reg[1]/D
  -------------------------------------------------------------------    -------------------

                         (clock clk_10Mhz_clk_mmcm_wiz_1 rise edge)
                                                      0.000     0.000 r  
    W5                                                0.000     0.000 r  clk (IN)
                         net (fo=0)                   0.000     0.000    clock_geni/clk_mmcm_wizi/inst/clk_in1
    W5                   IBUF (Prop_ibuf_I_O)         0.414     0.414 r  clock_geni/clk_mmcm_wizi/inst/clkin1_ibufg/O
                         net (fo=1, routed)           0.480     0.894    clock_geni/clk_mmcm_wizi/inst/clk_in1_clk_mmcm_wiz
    MMCME2_ADV_X1Y0      MMCME2_ADV (Prop_mmcme2_adv_CLKIN1_CLKOUT0)
                                                     -3.142    -2.248 r  clock_geni/clk_mmcm_wizi/inst/mmcm_adv_inst/CLKOUT0
                         net (fo=1, routed)           0.530    -1.718    clock_geni/clk_mmcm_wizi/inst/clk_10Mhz_clk_mmcm_wiz
    BUFGCTRL_X0Y0        BUFG (Prop_bufg_I_O)         0.029    -1.689 r  clock_geni/clk_mmcm_wizi/inst/clkout1_buf/O
                         net (fo=81, routed)          0.863    -0.826    light_sensori/clk_10Mhz
    SLICE_X62Y93         FDRE                                         r  light_sensori/Reading_reg[1]/C
                         clock pessimism              0.251    -0.575    
    SLICE_X62Y93         FDRE (Hold_fdre_C_D)         0.059    -0.516    light_sensori/Reading_reg[1]
  -------------------------------------------------------------------
                         required time                          0.516    
                         arrival time                          -0.298    
  -------------------------------------------------------------------
                         slack                                  0.218    

Slack (MET) :             0.222ns  (arrival time - required time)
  Source:                 seven_seg_segi/select_reg[3]/C
                            (rising edge-triggered cell FDCE clocked by clk_10Mhz_clk_mmcm_wiz_1  {rise@0.000ns fall@50.000ns period=100.000ns})
  Destination:            seven_seg_segi/select_reg[0]/D
                            (rising edge-triggered cell FDPE clocked by clk_10Mhz_clk_mmcm_wiz_1  {rise@0.000ns fall@50.000ns period=100.000ns})
  Path Group:             clk_10Mhz_clk_mmcm_wiz_1
  Path Type:              Hold (Min at Fast Process Corner)
  Requirement:            0.000ns  (clk_10Mhz_clk_mmcm_wiz_1 rise@0.000ns - clk_10Mhz_clk_mmcm_wiz_1 rise@0.000ns)
  Data Path Delay:        0.292ns  (logic 0.141ns (48.304%)  route 0.151ns (51.696%))
  Logic Levels:           0  
  Clock Path Skew:        0.000ns (DCD - SCD - CPR)
    Destination Clock Delay (DCD):    -0.827ns
    Source Clock Delay      (SCD):    -0.589ns
    Clock Pessimism Removal (CPR):    -0.238ns

    Location             Delay type                Incr(ns)  Path(ns)    Netlist Resource(s)
  -------------------------------------------------------------------    -------------------
                         (clock clk_10Mhz_clk_mmcm_wiz_1 rise edge)
                                                      0.000     0.000 r  
    W5                                                0.000     0.000 r  clk (IN)
                         net (fo=0)                   0.000     0.000    clock_geni/clk_mmcm_wizi/inst/clk_in1
    W5                   IBUF (Prop_ibuf_I_O)         0.226     0.226 r  clock_geni/clk_mmcm_wizi/inst/clkin1_ibufg/O
                         net (fo=1, routed)           0.440     0.667    clock_geni/clk_mmcm_wizi/inst/clk_in1_clk_mmcm_wiz
    MMCME2_ADV_X1Y0      MMCME2_ADV (Prop_mmcme2_adv_CLKIN1_CLKOUT0)
                                                     -2.360    -1.693 r  clock_geni/clk_mmcm_wizi/inst/mmcm_adv_inst/CLKOUT0
                         net (fo=1, routed)           0.486    -1.207    clock_geni/clk_mmcm_wizi/inst/clk_10Mhz_clk_mmcm_wiz
    BUFGCTRL_X0Y0        BUFG (Prop_bufg_I_O)         0.026    -1.181 r  clock_geni/clk_mmcm_wizi/inst/clkout1_buf/O
                         net (fo=81, routed)          0.592    -0.589    seven_seg_segi/CLK
    SLICE_X62Y92         FDCE                                         r  seven_seg_segi/select_reg[3]/C
  -------------------------------------------------------------------    -------------------
    SLICE_X62Y92         FDCE (Prop_fdce_C_Q)         0.141    -0.448 r  seven_seg_segi/select_reg[3]/Q
                         net (fo=5, routed)           0.151    -0.297    seven_seg_segi/select_reg_n_0_[3]
    SLICE_X62Y92         FDPE                                         r  seven_seg_segi/select_reg[0]/D
  -------------------------------------------------------------------    -------------------

                         (clock clk_10Mhz_clk_mmcm_wiz_1 rise edge)
                                                      0.000     0.000 r  
    W5                                                0.000     0.000 r  clk (IN)
                         net (fo=0)                   0.000     0.000    clock_geni/clk_mmcm_wizi/inst/clk_in1
    W5                   IBUF (Prop_ibuf_I_O)         0.414     0.414 r  clock_geni/clk_mmcm_wizi/inst/clkin1_ibufg/O
                         net (fo=1, routed)           0.480     0.894    clock_geni/clk_mmcm_wizi/inst/clk_in1_clk_mmcm_wiz
    MMCME2_ADV_X1Y0      MMCME2_ADV (Prop_mmcme2_adv_CLKIN1_CLKOUT0)
                                                     -3.142    -2.248 r  clock_geni/clk_mmcm_wizi/inst/mmcm_adv_inst/CLKOUT0
                         net (fo=1, routed)           0.530    -1.718    clock_geni/clk_mmcm_wizi/inst/clk_10Mhz_clk_mmcm_wiz
    BUFGCTRL_X0Y0        BUFG (Prop_bufg_I_O)         0.029    -1.689 r  clock_geni/clk_mmcm_wizi/inst/clkout1_buf/O
                         net (fo=81, routed)          0.862    -0.827    seven_seg_segi/CLK
    SLICE_X62Y92         FDPE                                         r  seven_seg_segi/select_reg[0]/C
                         clock pessimism              0.238    -0.589    
    SLICE_X62Y92         FDPE (Hold_fdpe_C_D)         0.070    -0.519    seven_seg_segi/select_reg[0]
  -------------------------------------------------------------------
                         required time                          0.519    
                         arrival time                          -0.297    
  -------------------------------------------------------------------
                         slack                                  0.222    

Slack (MET) :             0.233ns  (arrival time - required time)
  Source:                 light_sensori/sclk_counter_reg[4]/C
                            (rising edge-triggered cell FDRE clocked by clk_10Mhz_clk_mmcm_wiz_1  {rise@0.000ns fall@50.000ns period=100.000ns})
  Destination:            light_sensori/FSM_onehot_newstate_reg[2]/D
                            (rising edge-triggered cell FDRE clocked by clk_10Mhz_clk_mmcm_wiz_1  {rise@0.000ns fall@50.000ns period=100.000ns})
  Path Group:             clk_10Mhz_clk_mmcm_wiz_1
  Path Type:              Hold (Min at Fast Process Corner)
  Requirement:            0.000ns  (clk_10Mhz_clk_mmcm_wiz_1 rise@0.000ns - clk_10Mhz_clk_mmcm_wiz_1 rise@0.000ns)
  Data Path Delay:        0.370ns  (logic 0.209ns (56.417%)  route 0.161ns (43.583%))
  Logic Levels:           1  (LUT6=1)
  Clock Path Skew:        0.016ns (DCD - SCD - CPR)
    Destination Clock Delay (DCD):    -0.827ns
    Source Clock Delay      (SCD):    -0.589ns
    Clock Pessimism Removal (CPR):    -0.254ns

    Location             Delay type                Incr(ns)  Path(ns)    Netlist Resource(s)
  -------------------------------------------------------------------    -------------------
                         (clock clk_10Mhz_clk_mmcm_wiz_1 rise edge)
                                                      0.000     0.000 r  
    W5                                                0.000     0.000 r  clk (IN)
                         net (fo=0)                   0.000     0.000    clock_geni/clk_mmcm_wizi/inst/clk_in1
    W5                   IBUF (Prop_ibuf_I_O)         0.226     0.226 r  clock_geni/clk_mmcm_wizi/inst/clkin1_ibufg/O
                         net (fo=1, routed)           0.440     0.667    clock_geni/clk_mmcm_wizi/inst/clk_in1_clk_mmcm_wiz
    MMCME2_ADV_X1Y0      MMCME2_ADV (Prop_mmcme2_adv_CLKIN1_CLKOUT0)
                                                     -2.360    -1.693 r  clock_geni/clk_mmcm_wizi/inst/mmcm_adv_inst/CLKOUT0
                         net (fo=1, routed)           0.486    -1.207    clock_geni/clk_mmcm_wizi/inst/clk_10Mhz_clk_mmcm_wiz
    BUFGCTRL_X0Y0        BUFG (Prop_bufg_I_O)         0.026    -1.181 r  clock_geni/clk_mmcm_wizi/inst/clkout1_buf/O
                         net (fo=81, routed)          0.592    -0.589    light_sensori/clk_10Mhz
    SLICE_X64Y92         FDRE                                         r  light_sensori/sclk_counter_reg[4]/C
  -------------------------------------------------------------------    -------------------
    SLICE_X64Y92         FDRE (Prop_fdre_C_Q)         0.164    -0.425 f  light_sensori/sclk_counter_reg[4]/Q
                         net (fo=8, routed)           0.161    -0.264    light_sensori/sclk_counter_reg_n_0_[4]
    SLICE_X64Y91         LUT6 (Prop_lut6_I3_O)        0.045    -0.219 r  light_sensori/FSM_onehot_newstate[2]_i_1/O
                         net (fo=1, routed)           0.000    -0.219    light_sensori/FSM_onehot_newstate[2]_i_1_n_0
    SLICE_X64Y91         FDRE                                         r  light_sensori/FSM_onehot_newstate_reg[2]/D
  -------------------------------------------------------------------    -------------------

                         (clock clk_10Mhz_clk_mmcm_wiz_1 rise edge)
                                                      0.000     0.000 r  
    W5                                                0.000     0.000 r  clk (IN)
                         net (fo=0)                   0.000     0.000    clock_geni/clk_mmcm_wizi/inst/clk_in1
    W5                   IBUF (Prop_ibuf_I_O)         0.414     0.414 r  clock_geni/clk_mmcm_wizi/inst/clkin1_ibufg/O
                         net (fo=1, routed)           0.480     0.894    clock_geni/clk_mmcm_wizi/inst/clk_in1_clk_mmcm_wiz
    MMCME2_ADV_X1Y0      MMCME2_ADV (Prop_mmcme2_adv_CLKIN1_CLKOUT0)
                                                     -3.142    -2.248 r  clock_geni/clk_mmcm_wizi/inst/mmcm_adv_inst/CLKOUT0
                         net (fo=1, routed)           0.530    -1.718    clock_geni/clk_mmcm_wizi/inst/clk_10Mhz_clk_mmcm_wiz
    BUFGCTRL_X0Y0        BUFG (Prop_bufg_I_O)         0.029    -1.689 r  clock_geni/clk_mmcm_wizi/inst/clkout1_buf/O
                         net (fo=81, routed)          0.862    -0.827    light_sensori/clk_10Mhz
    SLICE_X64Y91         FDRE                                         r  light_sensori/FSM_onehot_newstate_reg[2]/C
                         clock pessimism              0.254    -0.573    
    SLICE_X64Y91         FDRE (Hold_fdre_C_D)         0.121    -0.452    light_sensori/FSM_onehot_newstate_reg[2]
  -------------------------------------------------------------------
                         required time                          0.452    
                         arrival time                          -0.219    
  -------------------------------------------------------------------
                         slack                                  0.233    

Slack (MET) :             0.236ns  (arrival time - required time)
  Source:                 light_sensori/sclk_counter_reg[4]/C
                            (rising edge-triggered cell FDRE clocked by clk_10Mhz_clk_mmcm_wiz_1  {rise@0.000ns fall@50.000ns period=100.000ns})
  Destination:            light_sensori/FSM_onehot_newstate_reg[1]/D
                            (rising edge-triggered cell FDRE clocked by clk_10Mhz_clk_mmcm_wiz_1  {rise@0.000ns fall@50.000ns period=100.000ns})
  Path Group:             clk_10Mhz_clk_mmcm_wiz_1
  Path Type:              Hold (Min at Fast Process Corner)
  Requirement:            0.000ns  (clk_10Mhz_clk_mmcm_wiz_1 rise@0.000ns - clk_10Mhz_clk_mmcm_wiz_1 rise@0.000ns)
  Data Path Delay:        0.372ns  (logic 0.209ns (56.114%)  route 0.163ns (43.886%))
  Logic Levels:           1  (LUT6=1)
  Clock Path Skew:        0.016ns (DCD - SCD - CPR)
    Destination Clock Delay (DCD):    -0.827ns
    Source Clock Delay      (SCD):    -0.589ns
    Clock Pessimism Removal (CPR):    -0.254ns

    Location             Delay type                Incr(ns)  Path(ns)    Netlist Resource(s)
  -------------------------------------------------------------------    -------------------
                         (clock clk_10Mhz_clk_mmcm_wiz_1 rise edge)
                                                      0.000     0.000 r  
    W5                                                0.000     0.000 r  clk (IN)
                         net (fo=0)                   0.000     0.000    clock_geni/clk_mmcm_wizi/inst/clk_in1
    W5                   IBUF (Prop_ibuf_I_O)         0.226     0.226 r  clock_geni/clk_mmcm_wizi/inst/clkin1_ibufg/O
                         net (fo=1, routed)           0.440     0.667    clock_geni/clk_mmcm_wizi/inst/clk_in1_clk_mmcm_wiz
    MMCME2_ADV_X1Y0      MMCME2_ADV (Prop_mmcme2_adv_CLKIN1_CLKOUT0)
                                                     -2.360    -1.693 r  clock_geni/clk_mmcm_wizi/inst/mmcm_adv_inst/CLKOUT0
                         net (fo=1, routed)           0.486    -1.207    clock_geni/clk_mmcm_wizi/inst/clk_10Mhz_clk_mmcm_wiz
    BUFGCTRL_X0Y0        BUFG (Prop_bufg_I_O)         0.026    -1.181 r  clock_geni/clk_mmcm_wizi/inst/clkout1_buf/O
                         net (fo=81, routed)          0.592    -0.589    light_sensori/clk_10Mhz
    SLICE_X64Y92         FDRE                                         r  light_sensori/sclk_counter_reg[4]/C
  -------------------------------------------------------------------    -------------------
    SLICE_X64Y92         FDRE (Prop_fdre_C_Q)         0.164    -0.425 f  light_sensori/sclk_counter_reg[4]/Q
                         net (fo=8, routed)           0.163    -0.262    light_sensori/sclk_counter_reg_n_0_[4]
    SLICE_X64Y91         LUT6 (Prop_lut6_I3_O)        0.045    -0.217 r  light_sensori/FSM_onehot_newstate[1]_i_1/O
                         net (fo=1, routed)           0.000    -0.217    light_sensori/FSM_onehot_newstate[1]_i_1_n_0
    SLICE_X64Y91         FDRE                                         r  light_sensori/FSM_onehot_newstate_reg[1]/D
  -------------------------------------------------------------------    -------------------

                         (clock clk_10Mhz_clk_mmcm_wiz_1 rise edge)
                                                      0.000     0.000 r  
    W5                                                0.000     0.000 r  clk (IN)
                         net (fo=0)                   0.000     0.000    clock_geni/clk_mmcm_wizi/inst/clk_in1
    W5                   IBUF (Prop_ibuf_I_O)         0.414     0.414 r  clock_geni/clk_mmcm_wizi/inst/clkin1_ibufg/O
                         net (fo=1, routed)           0.480     0.894    clock_geni/clk_mmcm_wizi/inst/clk_in1_clk_mmcm_wiz
    MMCME2_ADV_X1Y0      MMCME2_ADV (Prop_mmcme2_adv_CLKIN1_CLKOUT0)
                                                     -3.142    -2.248 r  clock_geni/clk_mmcm_wizi/inst/mmcm_adv_inst/CLKOUT0
                         net (fo=1, routed)           0.530    -1.718    clock_geni/clk_mmcm_wizi/inst/clk_10Mhz_clk_mmcm_wiz
    BUFGCTRL_X0Y0        BUFG (Prop_bufg_I_O)         0.029    -1.689 r  clock_geni/clk_mmcm_wizi/inst/clkout1_buf/O
                         net (fo=81, routed)          0.862    -0.827    light_sensori/clk_10Mhz
    SLICE_X64Y91         FDRE                                         r  light_sensori/FSM_onehot_newstate_reg[1]/C
                         clock pessimism              0.254    -0.573    
    SLICE_X64Y91         FDRE (Hold_fdre_C_D)         0.120    -0.453    light_sensori/FSM_onehot_newstate_reg[1]
  -------------------------------------------------------------------
                         required time                          0.453    
                         arrival time                          -0.217    
  -------------------------------------------------------------------
                         slack                                  0.236    

Slack (MET) :             0.238ns  (arrival time - required time)
  Source:                 light_sensori/FSM_onehot_newstate_reg[0]/C
                            (rising edge-triggered cell FDRE clocked by clk_10Mhz_clk_mmcm_wiz_1  {rise@0.000ns fall@50.000ns period=100.000ns})
  Destination:            light_sensori/FSM_onehot_newstate_reg[0]/D
                            (rising edge-triggered cell FDRE clocked by clk_10Mhz_clk_mmcm_wiz_1  {rise@0.000ns fall@50.000ns period=100.000ns})
  Path Group:             clk_10Mhz_clk_mmcm_wiz_1
  Path Type:              Hold (Min at Fast Process Corner)
  Requirement:            0.000ns  (clk_10Mhz_clk_mmcm_wiz_1 rise@0.000ns - clk_10Mhz_clk_mmcm_wiz_1 rise@0.000ns)
  Data Path Delay:        0.359ns  (logic 0.209ns (58.292%)  route 0.150ns (41.708%))
  Logic Levels:           1  (LUT6=1)
  Clock Path Skew:        0.000ns (DCD - SCD - CPR)
    Destination Clock Delay (DCD):    -0.827ns
    Source Clock Delay      (SCD):    -0.589ns
    Clock Pessimism Removal (CPR):    -0.238ns

    Location             Delay type                Incr(ns)  Path(ns)    Netlist Resource(s)
  -------------------------------------------------------------------    -------------------
                         (clock clk_10Mhz_clk_mmcm_wiz_1 rise edge)
                                                      0.000     0.000 r  
    W5                                                0.000     0.000 r  clk (IN)
                         net (fo=0)                   0.000     0.000    clock_geni/clk_mmcm_wizi/inst/clk_in1
    W5                   IBUF (Prop_ibuf_I_O)         0.226     0.226 r  clock_geni/clk_mmcm_wizi/inst/clkin1_ibufg/O
                         net (fo=1, routed)           0.440     0.667    clock_geni/clk_mmcm_wizi/inst/clk_in1_clk_mmcm_wiz
    MMCME2_ADV_X1Y0      MMCME2_ADV (Prop_mmcme2_adv_CLKIN1_CLKOUT0)
                                                     -2.360    -1.693 r  clock_geni/clk_mmcm_wizi/inst/mmcm_adv_inst/CLKOUT0
                         net (fo=1, routed)           0.486    -1.207    clock_geni/clk_mmcm_wizi/inst/clk_10Mhz_clk_mmcm_wiz
    BUFGCTRL_X0Y0        BUFG (Prop_bufg_I_O)         0.026    -1.181 r  clock_geni/clk_mmcm_wizi/inst/clkout1_buf/O
                         net (fo=81, routed)          0.592    -0.589    light_sensori/clk_10Mhz
    SLICE_X64Y91         FDRE                                         r  light_sensori/FSM_onehot_newstate_reg[0]/C
  -------------------------------------------------------------------    -------------------
    SLICE_X64Y91         FDRE (Prop_fdre_C_Q)         0.164    -0.425 f  light_sensori/FSM_onehot_newstate_reg[0]/Q
                         net (fo=4, routed)           0.150    -0.276    light_sensori/FSM_onehot_newstate_reg_n_0_[0]
    SLICE_X64Y91         LUT6 (Prop_lut6_I5_O)        0.045    -0.231 r  light_sensori/FSM_onehot_newstate[0]_i_1/O
                         net (fo=1, routed)           0.000    -0.231    light_sensori/FSM_onehot_newstate[0]_i_1_n_0
    SLICE_X64Y91         FDRE                                         r  light_sensori/FSM_onehot_newstate_reg[0]/D
  -------------------------------------------------------------------    -------------------

                         (clock clk_10Mhz_clk_mmcm_wiz_1 rise edge)
                                                      0.000     0.000 r  
    W5                                                0.000     0.000 r  clk (IN)
                         net (fo=0)                   0.000     0.000    clock_geni/clk_mmcm_wizi/inst/clk_in1
    W5                   IBUF (Prop_ibuf_I_O)         0.414     0.414 r  clock_geni/clk_mmcm_wizi/inst/clkin1_ibufg/O
                         net (fo=1, routed)           0.480     0.894    clock_geni/clk_mmcm_wizi/inst/clk_in1_clk_mmcm_wiz
    MMCME2_ADV_X1Y0      MMCME2_ADV (Prop_mmcme2_adv_CLKIN1_CLKOUT0)
                                                     -3.142    -2.248 r  clock_geni/clk_mmcm_wizi/inst/mmcm_adv_inst/CLKOUT0
                         net (fo=1, routed)           0.530    -1.718    clock_geni/clk_mmcm_wizi/inst/clk_10Mhz_clk_mmcm_wiz
    BUFGCTRL_X0Y0        BUFG (Prop_bufg_I_O)         0.029    -1.689 r  clock_geni/clk_mmcm_wizi/inst/clkout1_buf/O
                         net (fo=81, routed)          0.862    -0.827    light_sensori/clk_10Mhz
    SLICE_X64Y91         FDRE                                         r  light_sensori/FSM_onehot_newstate_reg[0]/C
                         clock pessimism              0.238    -0.589    
    SLICE_X64Y91         FDRE (Hold_fdre_C_D)         0.121    -0.468    light_sensori/FSM_onehot_newstate_reg[0]
  -------------------------------------------------------------------
                         required time                          0.468    
                         arrival time                          -0.231    
  -------------------------------------------------------------------
                         slack                                  0.238    

Slack (MET) :             0.240ns  (arrival time - required time)
  Source:                 light_sensori/toofast_reg[5]/C
                            (rising edge-triggered cell FDRE clocked by clk_10Mhz_clk_mmcm_wiz_1  {rise@0.000ns fall@50.000ns period=100.000ns})
  Destination:            light_sensori/toofast_reg[6]/D
                            (rising edge-triggered cell FDRE clocked by clk_10Mhz_clk_mmcm_wiz_1  {rise@0.000ns fall@50.000ns period=100.000ns})
  Path Group:             clk_10Mhz_clk_mmcm_wiz_1
  Path Type:              Hold (Min at Fast Process Corner)
  Requirement:            0.000ns  (clk_10Mhz_clk_mmcm_wiz_1 rise@0.000ns - clk_10Mhz_clk_mmcm_wiz_1 rise@0.000ns)
  Data Path Delay:        0.263ns  (logic 0.128ns (48.591%)  route 0.135ns (51.409%))
  Logic Levels:           0  
  Clock Path Skew:        0.000ns (DCD - SCD - CPR)
    Destination Clock Delay (DCD):    -0.826ns
    Source Clock Delay      (SCD):    -0.588ns
    Clock Pessimism Removal (CPR):    -0.238ns

    Location             Delay type                Incr(ns)  Path(ns)    Netlist Resource(s)
  -------------------------------------------------------------------    -------------------
                         (clock clk_10Mhz_clk_mmcm_wiz_1 rise edge)
                                                      0.000     0.000 r  
    W5                                                0.000     0.000 r  clk (IN)
                         net (fo=0)                   0.000     0.000    clock_geni/clk_mmcm_wizi/inst/clk_in1
    W5                   IBUF (Prop_ibuf_I_O)         0.226     0.226 r  clock_geni/clk_mmcm_wizi/inst/clkin1_ibufg/O
                         net (fo=1, routed)           0.440     0.667    clock_geni/clk_mmcm_wizi/inst/clk_in1_clk_mmcm_wiz
    MMCME2_ADV_X1Y0      MMCME2_ADV (Prop_mmcme2_adv_CLKIN1_CLKOUT0)
                                                     -2.360    -1.693 r  clock_geni/clk_mmcm_wizi/inst/mmcm_adv_inst/CLKOUT0
                         net (fo=1, routed)           0.486    -1.207    clock_geni/clk_mmcm_wizi/inst/clk_10Mhz_clk_mmcm_wiz
    BUFGCTRL_X0Y0        BUFG (Prop_bufg_I_O)         0.026    -1.181 r  clock_geni/clk_mmcm_wizi/inst/clkout1_buf/O
                         net (fo=81, routed)          0.593    -0.588    light_sensori/clk_10Mhz
    SLICE_X63Y93         FDRE                                         r  light_sensori/toofast_reg[5]/C
  -------------------------------------------------------------------    -------------------
    SLICE_X63Y93         FDRE (Prop_fdre_C_Q)         0.128    -0.460 r  light_sensori/toofast_reg[5]/Q
                         net (fo=2, routed)           0.135    -0.325    light_sensori/toofast[5]
    SLICE_X63Y93         FDRE                                         r  light_sensori/toofast_reg[6]/D
  -------------------------------------------------------------------    -------------------

                         (clock clk_10Mhz_clk_mmcm_wiz_1 rise edge)
                                                      0.000     0.000 r  
    W5                                                0.000     0.000 r  clk (IN)
                         net (fo=0)                   0.000     0.000    clock_geni/clk_mmcm_wizi/inst/clk_in1
    W5                   IBUF (Prop_ibuf_I_O)         0.414     0.414 r  clock_geni/clk_mmcm_wizi/inst/clkin1_ibufg/O
                         net (fo=1, routed)           0.480     0.894    clock_geni/clk_mmcm_wizi/inst/clk_in1_clk_mmcm_wiz
    MMCME2_ADV_X1Y0      MMCME2_ADV (Prop_mmcme2_adv_CLKIN1_CLKOUT0)
                                                     -3.142    -2.248 r  clock_geni/clk_mmcm_wizi/inst/mmcm_adv_inst/CLKOUT0
                         net (fo=1, routed)           0.530    -1.718    clock_geni/clk_mmcm_wizi/inst/clk_10Mhz_clk_mmcm_wiz
    BUFGCTRL_X0Y0        BUFG (Prop_bufg_I_O)         0.029    -1.689 r  clock_geni/clk_mmcm_wizi/inst/clkout1_buf/O
                         net (fo=81, routed)          0.863    -0.826    light_sensori/clk_10Mhz
    SLICE_X63Y93         FDRE                                         r  light_sensori/toofast_reg[6]/C
                         clock pessimism              0.238    -0.588    
    SLICE_X63Y93         FDRE (Hold_fdre_C_D)         0.023    -0.565    light_sensori/toofast_reg[6]
  -------------------------------------------------------------------
                         required time                          0.565    
                         arrival time                          -0.325    
  -------------------------------------------------------------------
                         slack                                  0.240    

Slack (MET) :             0.243ns  (arrival time - required time)
  Source:                 light_sensori/toofast_reg[0]/C
                            (rising edge-triggered cell FDRE clocked by clk_10Mhz_clk_mmcm_wiz_1  {rise@0.000ns fall@50.000ns period=100.000ns})
  Destination:            light_sensori/Reading_reg[0]/D
                            (rising edge-triggered cell FDRE clocked by clk_10Mhz_clk_mmcm_wiz_1  {rise@0.000ns fall@50.000ns period=100.000ns})
  Path Group:             clk_10Mhz_clk_mmcm_wiz_1
  Path Type:              Hold (Min at Fast Process Corner)
  Requirement:            0.000ns  (clk_10Mhz_clk_mmcm_wiz_1 rise@0.000ns - clk_10Mhz_clk_mmcm_wiz_1 rise@0.000ns)
  Data Path Delay:        0.326ns  (logic 0.141ns (43.229%)  route 0.185ns (56.771%))
  Logic Levels:           0  
  Clock Path Skew:        0.013ns (DCD - SCD - CPR)
    Destination Clock Delay (DCD):    -0.826ns
    Source Clock Delay      (SCD):    -0.588ns
    Clock Pessimism Removal (CPR):    -0.251ns

    Location             Delay type                Incr(ns)  Path(ns)    Netlist Resource(s)
  -------------------------------------------------------------------    -------------------
                         (clock clk_10Mhz_clk_mmcm_wiz_1 rise edge)
                                                      0.000     0.000 r  
    W5                                                0.000     0.000 r  clk (IN)
                         net (fo=0)                   0.000     0.000    clock_geni/clk_mmcm_wizi/inst/clk_in1
    W5                   IBUF (Prop_ibuf_I_O)         0.226     0.226 r  clock_geni/clk_mmcm_wizi/inst/clkin1_ibufg/O
                         net (fo=1, routed)           0.440     0.667    clock_geni/clk_mmcm_wizi/inst/clk_in1_clk_mmcm_wiz
    MMCME2_ADV_X1Y0      MMCME2_ADV (Prop_mmcme2_adv_CLKIN1_CLKOUT0)
                                                     -2.360    -1.693 r  clock_geni/clk_mmcm_wizi/inst/mmcm_adv_inst/CLKOUT0
                         net (fo=1, routed)           0.486    -1.207    clock_geni/clk_mmcm_wizi/inst/clk_10Mhz_clk_mmcm_wiz
    BUFGCTRL_X0Y0        BUFG (Prop_bufg_I_O)         0.026    -1.181 r  clock_geni/clk_mmcm_wizi/inst/clkout1_buf/O
                         net (fo=81, routed)          0.593    -0.588    light_sensori/clk_10Mhz
    SLICE_X63Y93         FDRE                                         r  light_sensori/toofast_reg[0]/C
  -------------------------------------------------------------------    -------------------
    SLICE_X63Y93         FDRE (Prop_fdre_C_Q)         0.141    -0.447 r  light_sensori/toofast_reg[0]/Q
                         net (fo=2, routed)           0.185    -0.262    light_sensori/toofast[0]
    SLICE_X62Y93         FDRE                                         r  light_sensori/Reading_reg[0]/D
  -------------------------------------------------------------------    -------------------

                         (clock clk_10Mhz_clk_mmcm_wiz_1 rise edge)
                                                      0.000     0.000 r  
    W5                                                0.000     0.000 r  clk (IN)
                         net (fo=0)                   0.000     0.000    clock_geni/clk_mmcm_wizi/inst/clk_in1
    W5                   IBUF (Prop_ibuf_I_O)         0.414     0.414 r  clock_geni/clk_mmcm_wizi/inst/clkin1_ibufg/O
                         net (fo=1, routed)           0.480     0.894    clock_geni/clk_mmcm_wizi/inst/clk_in1_clk_mmcm_wiz
    MMCME2_ADV_X1Y0      MMCME2_ADV (Prop_mmcme2_adv_CLKIN1_CLKOUT0)
                                                     -3.142    -2.248 r  clock_geni/clk_mmcm_wizi/inst/mmcm_adv_inst/CLKOUT0
                         net (fo=1, routed)           0.530    -1.718    clock_geni/clk_mmcm_wizi/inst/clk_10Mhz_clk_mmcm_wiz
    BUFGCTRL_X0Y0        BUFG (Prop_bufg_I_O)         0.029    -1.689 r  clock_geni/clk_mmcm_wizi/inst/clkout1_buf/O
                         net (fo=81, routed)          0.863    -0.826    light_sensori/clk_10Mhz
    SLICE_X62Y93         FDRE                                         r  light_sensori/Reading_reg[0]/C
                         clock pessimism              0.251    -0.575    
    SLICE_X62Y93         FDRE (Hold_fdre_C_D)         0.070    -0.505    light_sensori/Reading_reg[0]
  -------------------------------------------------------------------
                         required time                          0.505    
                         arrival time                          -0.262    
  -------------------------------------------------------------------
                         slack                                  0.243    

Slack (MET) :             0.244ns  (arrival time - required time)
  Source:                 light_sensori/FSM_onehot_newstate_reg[2]/C
                            (rising edge-triggered cell FDRE clocked by clk_10Mhz_clk_mmcm_wiz_1  {rise@0.000ns fall@50.000ns period=100.000ns})
  Destination:            light_sensori/sclk_counter_reg[4]/D
                            (rising edge-triggered cell FDRE clocked by clk_10Mhz_clk_mmcm_wiz_1  {rise@0.000ns fall@50.000ns period=100.000ns})
  Path Group:             clk_10Mhz_clk_mmcm_wiz_1
  Path Type:              Hold (Min at Fast Process Corner)
  Requirement:            0.000ns  (clk_10Mhz_clk_mmcm_wiz_1 rise@0.000ns - clk_10Mhz_clk_mmcm_wiz_1 rise@0.000ns)
  Data Path Delay:        0.381ns  (logic 0.209ns (54.809%)  route 0.172ns (45.191%))
  Logic Levels:           1  (LUT6=1)
  Clock Path Skew:        0.016ns (DCD - SCD - CPR)
    Destination Clock Delay (DCD):    -0.827ns
    Source Clock Delay      (SCD):    -0.589ns
    Clock Pessimism Removal (CPR):    -0.254ns

    Location             Delay type                Incr(ns)  Path(ns)    Netlist Resource(s)
  -------------------------------------------------------------------    -------------------
                         (clock clk_10Mhz_clk_mmcm_wiz_1 rise edge)
                                                      0.000     0.000 r  
    W5                                                0.000     0.000 r  clk (IN)
                         net (fo=0)                   0.000     0.000    clock_geni/clk_mmcm_wizi/inst/clk_in1
    W5                   IBUF (Prop_ibuf_I_O)         0.226     0.226 r  clock_geni/clk_mmcm_wizi/inst/clkin1_ibufg/O
                         net (fo=1, routed)           0.440     0.667    clock_geni/clk_mmcm_wizi/inst/clk_in1_clk_mmcm_wiz
    MMCME2_ADV_X1Y0      MMCME2_ADV (Prop_mmcme2_adv_CLKIN1_CLKOUT0)
                                                     -2.360    -1.693 r  clock_geni/clk_mmcm_wizi/inst/mmcm_adv_inst/CLKOUT0
                         net (fo=1, routed)           0.486    -1.207    clock_geni/clk_mmcm_wizi/inst/clk_10Mhz_clk_mmcm_wiz
    BUFGCTRL_X0Y0        BUFG (Prop_bufg_I_O)         0.026    -1.181 r  clock_geni/clk_mmcm_wizi/inst/clkout1_buf/O
                         net (fo=81, routed)          0.592    -0.589    light_sensori/clk_10Mhz
    SLICE_X64Y91         FDRE                                         r  light_sensori/FSM_onehot_newstate_reg[2]/C
  -------------------------------------------------------------------    -------------------
    SLICE_X64Y91         FDRE (Prop_fdre_C_Q)         0.164    -0.425 r  light_sensori/FSM_onehot_newstate_reg[2]/Q
                         net (fo=15, routed)          0.172    -0.253    light_sensori/FSM_onehot_newstate_reg_n_0_[2]
    SLICE_X64Y92         LUT6 (Prop_lut6_I4_O)        0.045    -0.208 r  light_sensori/sclk_counter[4]_i_2/O
                         net (fo=1, routed)           0.000    -0.208    light_sensori/sclk_counter[4]_i_2_n_0
    SLICE_X64Y92         FDRE                                         r  light_sensori/sclk_counter_reg[4]/D
  -------------------------------------------------------------------    -------------------

                         (clock clk_10Mhz_clk_mmcm_wiz_1 rise edge)
                                                      0.000     0.000 r  
    W5                                                0.000     0.000 r  clk (IN)
                         net (fo=0)                   0.000     0.000    clock_geni/clk_mmcm_wizi/inst/clk_in1
    W5                   IBUF (Prop_ibuf_I_O)         0.414     0.414 r  clock_geni/clk_mmcm_wizi/inst/clkin1_ibufg/O
                         net (fo=1, routed)           0.480     0.894    clock_geni/clk_mmcm_wizi/inst/clk_in1_clk_mmcm_wiz
    MMCME2_ADV_X1Y0      MMCME2_ADV (Prop_mmcme2_adv_CLKIN1_CLKOUT0)
                                                     -3.142    -2.248 r  clock_geni/clk_mmcm_wizi/inst/mmcm_adv_inst/CLKOUT0
                         net (fo=1, routed)           0.530    -1.718    clock_geni/clk_mmcm_wizi/inst/clk_10Mhz_clk_mmcm_wiz
    BUFGCTRL_X0Y0        BUFG (Prop_bufg_I_O)         0.029    -1.689 r  clock_geni/clk_mmcm_wizi/inst/clkout1_buf/O
                         net (fo=81, routed)          0.862    -0.827    light_sensori/clk_10Mhz
    SLICE_X64Y92         FDRE                                         r  light_sensori/sclk_counter_reg[4]/C
                         clock pessimism              0.254    -0.573    
    SLICE_X64Y92         FDRE (Hold_fdre_C_D)         0.121    -0.452    light_sensori/sclk_counter_reg[4]
  -------------------------------------------------------------------
                         required time                          0.452    
                         arrival time                          -0.208    
  -------------------------------------------------------------------
                         slack                                  0.244    





Pulse Width Checks
--------------------------------------------------------------------------------------
Clock Name:         clk_10Mhz_clk_mmcm_wiz_1
Waveform(ns):       { 0.000 50.000 }
Period(ns):         100.000
Sources:            { clock_geni/clk_mmcm_wizi/inst/mmcm_adv_inst/CLKOUT0 }

Check Type        Corner  Lib Pin             Reference Pin  Required(ns)  Actual(ns)  Slack(ns)  Location         Pin
Min Period        n/a     BUFG/I              n/a            2.155         100.000     97.845     BUFGCTRL_X0Y0    clock_geni/clk_mmcm_wizi/inst/clkout1_buf/I
Min Period        n/a     MMCME2_ADV/CLKOUT0  n/a            1.249         100.000     98.751     MMCME2_ADV_X1Y0  clock_geni/clk_mmcm_wizi/inst/mmcm_adv_inst/CLKOUT0
Min Period        n/a     FDRE/C              n/a            1.000         100.000     99.000     SLICE_X62Y90     clock_geni/locked_d_reg/C
Min Period        n/a     FDRE/C              n/a            1.000         100.000     99.000     SLICE_X62Y90     clock_geni/locked_dd_reg/C
Min Period        n/a     FDRE/C              n/a            1.000         100.000     99.000     SLICE_X64Y91     light_sensori/FSM_onehot_newstate_reg[0]/C
Min Period        n/a     FDRE/C              n/a            1.000         100.000     99.000     SLICE_X64Y91     light_sensori/FSM_onehot_newstate_reg[1]/C
Min Period        n/a     FDRE/C              n/a            1.000         100.000     99.000     SLICE_X64Y91     light_sensori/FSM_onehot_newstate_reg[2]/C
Min Period        n/a     FDRE/C              n/a            1.000         100.000     99.000     SLICE_X64Y93     light_sensori/JA0_reg/C
Min Period        n/a     FDRE/C              n/a            1.000         100.000     99.000     SLICE_X63Y94     light_sensori/JA3_reg/C
Min Period        n/a     FDRE/C              n/a            1.000         100.000     99.000     SLICE_X62Y93     light_sensori/Reading_reg[0]/C
Max Period        n/a     MMCME2_ADV/CLKOUT0  n/a            213.360       100.000     113.360    MMCME2_ADV_X1Y0  clock_geni/clk_mmcm_wizi/inst/mmcm_adv_inst/CLKOUT0
Low Pulse Width   Slow    FDRE/C              n/a            0.500         50.000      49.500     SLICE_X62Y90     clock_geni/locked_d_reg/C
Low Pulse Width   Fast    FDRE/C              n/a            0.500         50.000      49.500     SLICE_X62Y90     clock_geni/locked_d_reg/C
Low Pulse Width   Slow    FDRE/C              n/a            0.500         50.000      49.500     SLICE_X62Y90     clock_geni/locked_dd_reg/C
Low Pulse Width   Fast    FDRE/C              n/a            0.500         50.000      49.500     SLICE_X62Y90     clock_geni/locked_dd_reg/C
Low Pulse Width   Slow    FDRE/C              n/a            0.500         50.000      49.500     SLICE_X64Y91     light_sensori/FSM_onehot_newstate_reg[0]/C
Low Pulse Width   Fast    FDRE/C              n/a            0.500         50.000      49.500     SLICE_X64Y91     light_sensori/FSM_onehot_newstate_reg[0]/C
Low Pulse Width   Slow    FDRE/C              n/a            0.500         50.000      49.500     SLICE_X64Y91     light_sensori/FSM_onehot_newstate_reg[1]/C
Low Pulse Width   Fast    FDRE/C              n/a            0.500         50.000      49.500     SLICE_X64Y91     light_sensori/FSM_onehot_newstate_reg[1]/C
Low Pulse Width   Slow    FDRE/C              n/a            0.500         50.000      49.500     SLICE_X64Y91     light_sensori/FSM_onehot_newstate_reg[2]/C
Low Pulse Width   Fast    FDRE/C              n/a            0.500         50.000      49.500     SLICE_X64Y91     light_sensori/FSM_onehot_newstate_reg[2]/C
High Pulse Width  Slow    FDRE/C              n/a            0.500         50.000      49.500     SLICE_X62Y90     clock_geni/locked_d_reg/C
High Pulse Width  Fast    FDRE/C              n/a            0.500         50.000      49.500     SLICE_X62Y90     clock_geni/locked_d_reg/C
High Pulse Width  Slow    FDRE/C              n/a            0.500         50.000      49.500     SLICE_X62Y90     clock_geni/locked_dd_reg/C
High Pulse Width  Fast    FDRE/C              n/a            0.500         50.000      49.500     SLICE_X62Y90     clock_geni/locked_dd_reg/C
High Pulse Width  Slow    FDRE/C              n/a            0.500         50.000      49.500     SLICE_X64Y91     light_sensori/FSM_onehot_newstate_reg[0]/C
High Pulse Width  Fast    FDRE/C              n/a            0.500         50.000      49.500     SLICE_X64Y91     light_sensori/FSM_onehot_newstate_reg[0]/C
High Pulse Width  Slow    FDRE/C              n/a            0.500         50.000      49.500     SLICE_X64Y91     light_sensori/FSM_onehot_newstate_reg[1]/C
High Pulse Width  Fast    FDRE/C              n/a            0.500         50.000      49.500     SLICE_X64Y91     light_sensori/FSM_onehot_newstate_reg[1]/C
High Pulse Width  Slow    FDRE/C              n/a            0.500         50.000      49.500     SLICE_X64Y91     light_sensori/FSM_onehot_newstate_reg[2]/C
High Pulse Width  Fast    FDRE/C              n/a            0.500         50.000      49.500     SLICE_X64Y91     light_sensori/FSM_onehot_newstate_reg[2]/C



---------------------------------------------------------------------------------------------------
From Clock:  clkfbout_clk_mmcm_wiz_1
  To Clock:  clkfbout_clk_mmcm_wiz_1

Setup :           NA  Failing Endpoints,  Worst Slack           NA  ,  Total Violation           NA
Hold  :           NA  Failing Endpoints,  Worst Slack           NA  ,  Total Violation           NA
PW    :            0  Failing Endpoints,  Worst Slack       17.845ns,  Total Violation        0.000ns
---------------------------------------------------------------------------------------------------


Pulse Width Checks
--------------------------------------------------------------------------------------
Clock Name:         clkfbout_clk_mmcm_wiz_1
Waveform(ns):       { 0.000 10.000 }
Period(ns):         20.000
Sources:            { clock_geni/clk_mmcm_wizi/inst/mmcm_adv_inst/CLKFBOUT }

Check Type  Corner  Lib Pin              Reference Pin  Required(ns)  Actual(ns)  Slack(ns)  Location         Pin
Min Period  n/a     BUFG/I               n/a            2.155         20.000      17.845     BUFGCTRL_X0Y1    clock_geni/clk_mmcm_wizi/inst/clkf_buf/I
Min Period  n/a     MMCME2_ADV/CLKFBOUT  n/a            1.249         20.000      18.751     MMCME2_ADV_X1Y0  clock_geni/clk_mmcm_wizi/inst/mmcm_adv_inst/CLKFBOUT
Min Period  n/a     MMCME2_ADV/CLKFBIN   n/a            1.249         20.000      18.751     MMCME2_ADV_X1Y0  clock_geni/clk_mmcm_wizi/inst/mmcm_adv_inst/CLKFBIN
Max Period  n/a     MMCME2_ADV/CLKFBIN   n/a            100.000       20.000      80.000     MMCME2_ADV_X1Y0  clock_geni/clk_mmcm_wizi/inst/mmcm_adv_inst/CLKFBIN
Max Period  n/a     MMCME2_ADV/CLKFBOUT  n/a            213.360       20.000      193.360    MMCME2_ADV_X1Y0  clock_geni/clk_mmcm_wizi/inst/mmcm_adv_inst/CLKFBOUT



---------------------------------------------------------------------------------------------------
From Clock:  clk_10Mhz_clk_mmcm_wiz_1
  To Clock:  clk_10Mhz_clk_mmcm_wiz

Setup :            0  Failing Endpoints,  Worst Slack       93.059ns,  Total Violation        0.000ns
Hold  :            0  Failing Endpoints,  Worst Slack        0.058ns,  Total Violation        0.000ns
---------------------------------------------------------------------------------------------------


Max Delay Paths
--------------------------------------------------------------------------------------
Slack (MET) :             93.059ns  (required time - arrival time)
  Source:                 light_sensori/counter_reg[16]/C
                            (rising edge-triggered cell FDRE clocked by clk_10Mhz_clk_mmcm_wiz_1  {rise@0.000ns fall@50.000ns period=100.000ns})
  Destination:            light_sensori/counter_reg[32]/R
                            (rising edge-triggered cell FDRE clocked by clk_10Mhz_clk_mmcm_wiz  {rise@0.000ns fall@50.000ns period=100.000ns})
  Path Group:             clk_10Mhz_clk_mmcm_wiz
  Path Type:              Setup (Max at Slow Process Corner)
  Requirement:            100.000ns  (clk_10Mhz_clk_mmcm_wiz rise@100.000ns - clk_10Mhz_clk_mmcm_wiz_1 rise@0.000ns)
  Data Path Delay:        6.243ns  (logic 1.244ns (19.925%)  route 4.999ns (80.075%))
  Logic Levels:           4  (LUT5=2 LUT6=2)
  Clock Path Skew:        -0.024ns (DCD - SCD + CPR)
    Destination Clock Delay (DCD):    -1.487ns = ( 98.513 - 100.000 ) 
    Source Clock Delay      (SCD):    -0.887ns
    Clock Pessimism Removal (CPR):    0.576ns
  Clock Uncertainty:      0.149ns  ((TSJ^2 + DJ^2)^1/2) / 2 + PE
    Total System Jitter     (TSJ):    0.071ns
    Discrete Jitter          (DJ):    0.290ns
    Phase Error              (PE):    0.000ns
  Clock Domain Crossing:  Inter clock paths are considered valid unless explicitly excluded by timing constraints such as set_clock_groups or set_false_path.

    Location             Delay type                Incr(ns)  Path(ns)    Netlist Resource(s)
  -------------------------------------------------------------------    -------------------
                         (clock clk_10Mhz_clk_mmcm_wiz_1 rise edge)
                                                      0.000     0.000 r  
    W5                                                0.000     0.000 r  clk (IN)
                         net (fo=0)                   0.000     0.000    clock_geni/clk_mmcm_wizi/inst/clk_in1
    W5                   IBUF (Prop_ibuf_I_O)         1.458     1.458 r  clock_geni/clk_mmcm_wizi/inst/clkin1_ibufg/O
                         net (fo=1, routed)           1.233     2.691    clock_geni/clk_mmcm_wizi/inst/clk_in1_clk_mmcm_wiz
    MMCME2_ADV_X1Y0      MMCME2_ADV (Prop_mmcme2_adv_CLKIN1_CLKOUT0)
                                                     -6.961    -4.269 r  clock_geni/clk_mmcm_wizi/inst/mmcm_adv_inst/CLKOUT0
                         net (fo=1, routed)           1.661    -2.608    clock_geni/clk_mmcm_wizi/inst/clk_10Mhz_clk_mmcm_wiz
    BUFGCTRL_X0Y0        BUFG (Prop_bufg_I_O)         0.096    -2.512 r  clock_geni/clk_mmcm_wizi/inst/clkout1_buf/O
                         net (fo=81, routed)          1.625    -0.887    light_sensori/clk_10Mhz
    SLICE_X60Y93         FDRE                                         r  light_sensori/counter_reg[16]/C
  -------------------------------------------------------------------    -------------------
    SLICE_X60Y93         FDRE (Prop_fdre_C_Q)         0.518    -0.369 r  light_sensori/counter_reg[16]/Q
                         net (fo=4, routed)           1.234     0.865    light_sensori/counter_reg[16]
    SLICE_X61Y92         LUT6 (Prop_lut6_I3_O)        0.124     0.989 r  light_sensori/Reading[7]_i_11/O
                         net (fo=2, routed)           0.677     1.666    light_sensori/Reading[7]_i_11_n_0
    SLICE_X61Y92         LUT5 (Prop_lut5_I4_O)        0.152     1.818 r  light_sensori/JA3_i_3/O
                         net (fo=3, routed)           0.591     2.409    light_sensori/JA3_i_3_n_0
    SLICE_X59Y91         LUT5 (Prop_lut5_I3_O)        0.326     2.735 f  light_sensori/counter[0]_i_4/O
                         net (fo=1, routed)           0.790     3.525    light_sensori/counter[0]_i_4_n_0
    SLICE_X61Y91         LUT6 (Prop_lut6_I2_O)        0.124     3.649 r  light_sensori/counter[0]_i_1/O
                         net (fo=33, routed)          1.707     5.356    light_sensori/counter0
    SLICE_X60Y97         FDRE                                         r  light_sensori/counter_reg[32]/R
  -------------------------------------------------------------------    -------------------

                         (clock clk_10Mhz_clk_mmcm_wiz rise edge)
                                                    100.000   100.000 r  
    W5                                                0.000   100.000 r  clk (IN)
                         net (fo=0)                   0.000   100.000    clock_geni/clk_mmcm_wizi/inst/clk_in1
    W5                   IBUF (Prop_ibuf_I_O)         1.388   101.388 r  clock_geni/clk_mmcm_wizi/inst/clkin1_ibufg/O
                         net (fo=1, routed)           1.162   102.550    clock_geni/clk_mmcm_wizi/inst/clk_in1_clk_mmcm_wiz
    MMCME2_ADV_X1Y0      MMCME2_ADV (Prop_mmcme2_adv_CLKIN1_CLKOUT0)
                                                     -7.217    95.332 r  clock_geni/clk_mmcm_wizi/inst/mmcm_adv_inst/CLKOUT0
                         net (fo=1, routed)           1.581    96.914    clock_geni/clk_mmcm_wizi/inst/clk_10Mhz_clk_mmcm_wiz
    BUFGCTRL_X0Y0        BUFG (Prop_bufg_I_O)         0.091    97.005 r  clock_geni/clk_mmcm_wizi/inst/clkout1_buf/O
                         net (fo=81, routed)          1.509    98.513    light_sensori/clk_10Mhz
    SLICE_X60Y97         FDRE                                         r  light_sensori/counter_reg[32]/C
                         clock pessimism              0.576    99.089    
                         clock uncertainty           -0.149    98.940    
    SLICE_X60Y97         FDRE (Setup_fdre_C_R)       -0.524    98.416    light_sensori/counter_reg[32]
  -------------------------------------------------------------------
                         required time                         98.416    
                         arrival time                          -5.356    
  -------------------------------------------------------------------
                         slack                                 93.059    

Slack (MET) :             93.197ns  (required time - arrival time)
  Source:                 light_sensori/counter_reg[16]/C
                            (rising edge-triggered cell FDRE clocked by clk_10Mhz_clk_mmcm_wiz_1  {rise@0.000ns fall@50.000ns period=100.000ns})
  Destination:            light_sensori/counter_reg[28]/R
                            (rising edge-triggered cell FDRE clocked by clk_10Mhz_clk_mmcm_wiz  {rise@0.000ns fall@50.000ns period=100.000ns})
  Path Group:             clk_10Mhz_clk_mmcm_wiz
  Path Type:              Setup (Max at Slow Process Corner)
  Requirement:            100.000ns  (clk_10Mhz_clk_mmcm_wiz rise@100.000ns - clk_10Mhz_clk_mmcm_wiz_1 rise@0.000ns)
  Data Path Delay:        6.105ns  (logic 1.244ns (20.377%)  route 4.861ns (79.623%))
  Logic Levels:           4  (LUT5=2 LUT6=2)
  Clock Path Skew:        -0.025ns (DCD - SCD + CPR)
    Destination Clock Delay (DCD):    -1.488ns = ( 98.512 - 100.000 ) 
    Source Clock Delay      (SCD):    -0.887ns
    Clock Pessimism Removal (CPR):    0.576ns
  Clock Uncertainty:      0.149ns  ((TSJ^2 + DJ^2)^1/2) / 2 + PE
    Total System Jitter     (TSJ):    0.071ns
    Discrete Jitter          (DJ):    0.290ns
    Phase Error              (PE):    0.000ns
  Clock Domain Crossing:  Inter clock paths are considered valid unless explicitly excluded by timing constraints such as set_clock_groups or set_false_path.

    Location             Delay type                Incr(ns)  Path(ns)    Netlist Resource(s)
  -------------------------------------------------------------------    -------------------
                         (clock clk_10Mhz_clk_mmcm_wiz_1 rise edge)
                                                      0.000     0.000 r  
    W5                                                0.000     0.000 r  clk (IN)
                         net (fo=0)                   0.000     0.000    clock_geni/clk_mmcm_wizi/inst/clk_in1
    W5                   IBUF (Prop_ibuf_I_O)         1.458     1.458 r  clock_geni/clk_mmcm_wizi/inst/clkin1_ibufg/O
                         net (fo=1, routed)           1.233     2.691    clock_geni/clk_mmcm_wizi/inst/clk_in1_clk_mmcm_wiz
    MMCME2_ADV_X1Y0      MMCME2_ADV (Prop_mmcme2_adv_CLKIN1_CLKOUT0)
                                                     -6.961    -4.269 r  clock_geni/clk_mmcm_wizi/inst/mmcm_adv_inst/CLKOUT0
                         net (fo=1, routed)           1.661    -2.608    clock_geni/clk_mmcm_wizi/inst/clk_10Mhz_clk_mmcm_wiz
    BUFGCTRL_X0Y0        BUFG (Prop_bufg_I_O)         0.096    -2.512 r  clock_geni/clk_mmcm_wizi/inst/clkout1_buf/O
                         net (fo=81, routed)          1.625    -0.887    light_sensori/clk_10Mhz
    SLICE_X60Y93         FDRE                                         r  light_sensori/counter_reg[16]/C
  -------------------------------------------------------------------    -------------------
    SLICE_X60Y93         FDRE (Prop_fdre_C_Q)         0.518    -0.369 r  light_sensori/counter_reg[16]/Q
                         net (fo=4, routed)           1.234     0.865    light_sensori/counter_reg[16]
    SLICE_X61Y92         LUT6 (Prop_lut6_I3_O)        0.124     0.989 r  light_sensori/Reading[7]_i_11/O
                         net (fo=2, routed)           0.677     1.666    light_sensori/Reading[7]_i_11_n_0
    SLICE_X61Y92         LUT5 (Prop_lut5_I4_O)        0.152     1.818 r  light_sensori/JA3_i_3/O
                         net (fo=3, routed)           0.591     2.409    light_sensori/JA3_i_3_n_0
    SLICE_X59Y91         LUT5 (Prop_lut5_I3_O)        0.326     2.735 f  light_sensori/counter[0]_i_4/O
                         net (fo=1, routed)           0.790     3.525    light_sensori/counter[0]_i_4_n_0
    SLICE_X61Y91         LUT6 (Prop_lut6_I2_O)        0.124     3.649 r  light_sensori/counter[0]_i_1/O
                         net (fo=33, routed)          1.569     5.218    light_sensori/counter0
    SLICE_X60Y96         FDRE                                         r  light_sensori/counter_reg[28]/R
  -------------------------------------------------------------------    -------------------

                         (clock clk_10Mhz_clk_mmcm_wiz rise edge)
                                                    100.000   100.000 r  
    W5                                                0.000   100.000 r  clk (IN)
                         net (fo=0)                   0.000   100.000    clock_geni/clk_mmcm_wizi/inst/clk_in1
    W5                   IBUF (Prop_ibuf_I_O)         1.388   101.388 r  clock_geni/clk_mmcm_wizi/inst/clkin1_ibufg/O
                         net (fo=1, routed)           1.162   102.550    clock_geni/clk_mmcm_wizi/inst/clk_in1_clk_mmcm_wiz
    MMCME2_ADV_X1Y0      MMCME2_ADV (Prop_mmcme2_adv_CLKIN1_CLKOUT0)
                                                     -7.217    95.332 r  clock_geni/clk_mmcm_wizi/inst/mmcm_adv_inst/CLKOUT0
                         net (fo=1, routed)           1.581    96.914    clock_geni/clk_mmcm_wizi/inst/clk_10Mhz_clk_mmcm_wiz
    BUFGCTRL_X0Y0        BUFG (Prop_bufg_I_O)         0.091    97.005 r  clock_geni/clk_mmcm_wizi/inst/clkout1_buf/O
                         net (fo=81, routed)          1.508    98.512    light_sensori/clk_10Mhz
    SLICE_X60Y96         FDRE                                         r  light_sensori/counter_reg[28]/C
                         clock pessimism              0.576    99.088    
                         clock uncertainty           -0.149    98.939    
    SLICE_X60Y96         FDRE (Setup_fdre_C_R)       -0.524    98.415    light_sensori/counter_reg[28]
  -------------------------------------------------------------------
                         required time                         98.415    
                         arrival time                          -5.218    
  -------------------------------------------------------------------
                         slack                                 93.197    

Slack (MET) :             93.197ns  (required time - arrival time)
  Source:                 light_sensori/counter_reg[16]/C
                            (rising edge-triggered cell FDRE clocked by clk_10Mhz_clk_mmcm_wiz_1  {rise@0.000ns fall@50.000ns period=100.000ns})
  Destination:            light_sensori/counter_reg[29]/R
                            (rising edge-triggered cell FDRE clocked by clk_10Mhz_clk_mmcm_wiz  {rise@0.000ns fall@50.000ns period=100.000ns})
  Path Group:             clk_10Mhz_clk_mmcm_wiz
  Path Type:              Setup (Max at Slow Process Corner)
  Requirement:            100.000ns  (clk_10Mhz_clk_mmcm_wiz rise@100.000ns - clk_10Mhz_clk_mmcm_wiz_1 rise@0.000ns)
  Data Path Delay:        6.105ns  (logic 1.244ns (20.377%)  route 4.861ns (79.623%))
  Logic Levels:           4  (LUT5=2 LUT6=2)
  Clock Path Skew:        -0.025ns (DCD - SCD + CPR)
    Destination Clock Delay (DCD):    -1.488ns = ( 98.512 - 100.000 ) 
    Source Clock Delay      (SCD):    -0.887ns
    Clock Pessimism Removal (CPR):    0.576ns
  Clock Uncertainty:      0.149ns  ((TSJ^2 + DJ^2)^1/2) / 2 + PE
    Total System Jitter     (TSJ):    0.071ns
    Discrete Jitter          (DJ):    0.290ns
    Phase Error              (PE):    0.000ns
  Clock Domain Crossing:  Inter clock paths are considered valid unless explicitly excluded by timing constraints such as set_clock_groups or set_false_path.

    Location             Delay type                Incr(ns)  Path(ns)    Netlist Resource(s)
  -------------------------------------------------------------------    -------------------
                         (clock clk_10Mhz_clk_mmcm_wiz_1 rise edge)
                                                      0.000     0.000 r  
    W5                                                0.000     0.000 r  clk (IN)
                         net (fo=0)                   0.000     0.000    clock_geni/clk_mmcm_wizi/inst/clk_in1
    W5                   IBUF (Prop_ibuf_I_O)         1.458     1.458 r  clock_geni/clk_mmcm_wizi/inst/clkin1_ibufg/O
                         net (fo=1, routed)           1.233     2.691    clock_geni/clk_mmcm_wizi/inst/clk_in1_clk_mmcm_wiz
    MMCME2_ADV_X1Y0      MMCME2_ADV (Prop_mmcme2_adv_CLKIN1_CLKOUT0)
                                                     -6.961    -4.269 r  clock_geni/clk_mmcm_wizi/inst/mmcm_adv_inst/CLKOUT0
                         net (fo=1, routed)           1.661    -2.608    clock_geni/clk_mmcm_wizi/inst/clk_10Mhz_clk_mmcm_wiz
    BUFGCTRL_X0Y0        BUFG (Prop_bufg_I_O)         0.096    -2.512 r  clock_geni/clk_mmcm_wizi/inst/clkout1_buf/O
                         net (fo=81, routed)          1.625    -0.887    light_sensori/clk_10Mhz
    SLICE_X60Y93         FDRE                                         r  light_sensori/counter_reg[16]/C
  -------------------------------------------------------------------    -------------------
    SLICE_X60Y93         FDRE (Prop_fdre_C_Q)         0.518    -0.369 r  light_sensori/counter_reg[16]/Q
                         net (fo=4, routed)           1.234     0.865    light_sensori/counter_reg[16]
    SLICE_X61Y92         LUT6 (Prop_lut6_I3_O)        0.124     0.989 r  light_sensori/Reading[7]_i_11/O
                         net (fo=2, routed)           0.677     1.666    light_sensori/Reading[7]_i_11_n_0
    SLICE_X61Y92         LUT5 (Prop_lut5_I4_O)        0.152     1.818 r  light_sensori/JA3_i_3/O
                         net (fo=3, routed)           0.591     2.409    light_sensori/JA3_i_3_n_0
    SLICE_X59Y91         LUT5 (Prop_lut5_I3_O)        0.326     2.735 f  light_sensori/counter[0]_i_4/O
                         net (fo=1, routed)           0.790     3.525    light_sensori/counter[0]_i_4_n_0
    SLICE_X61Y91         LUT6 (Prop_lut6_I2_O)        0.124     3.649 r  light_sensori/counter[0]_i_1/O
                         net (fo=33, routed)          1.569     5.218    light_sensori/counter0
    SLICE_X60Y96         FDRE                                         r  light_sensori/counter_reg[29]/R
  -------------------------------------------------------------------    -------------------

                         (clock clk_10Mhz_clk_mmcm_wiz rise edge)
                                                    100.000   100.000 r  
    W5                                                0.000   100.000 r  clk (IN)
                         net (fo=0)                   0.000   100.000    clock_geni/clk_mmcm_wizi/inst/clk_in1
    W5                   IBUF (Prop_ibuf_I_O)         1.388   101.388 r  clock_geni/clk_mmcm_wizi/inst/clkin1_ibufg/O
                         net (fo=1, routed)           1.162   102.550    clock_geni/clk_mmcm_wizi/inst/clk_in1_clk_mmcm_wiz
    MMCME2_ADV_X1Y0      MMCME2_ADV (Prop_mmcme2_adv_CLKIN1_CLKOUT0)
                                                     -7.217    95.332 r  clock_geni/clk_mmcm_wizi/inst/mmcm_adv_inst/CLKOUT0
                         net (fo=1, routed)           1.581    96.914    clock_geni/clk_mmcm_wizi/inst/clk_10Mhz_clk_mmcm_wiz
    BUFGCTRL_X0Y0        BUFG (Prop_bufg_I_O)         0.091    97.005 r  clock_geni/clk_mmcm_wizi/inst/clkout1_buf/O
                         net (fo=81, routed)          1.508    98.512    light_sensori/clk_10Mhz
    SLICE_X60Y96         FDRE                                         r  light_sensori/counter_reg[29]/C
                         clock pessimism              0.576    99.088    
                         clock uncertainty           -0.149    98.939    
    SLICE_X60Y96         FDRE (Setup_fdre_C_R)       -0.524    98.415    light_sensori/counter_reg[29]
  -------------------------------------------------------------------
                         required time                         98.415    
                         arrival time                          -5.218    
  -------------------------------------------------------------------
                         slack                                 93.197    

Slack (MET) :             93.197ns  (required time - arrival time)
  Source:                 light_sensori/counter_reg[16]/C
                            (rising edge-triggered cell FDRE clocked by clk_10Mhz_clk_mmcm_wiz_1  {rise@0.000ns fall@50.000ns period=100.000ns})
  Destination:            light_sensori/counter_reg[30]/R
                            (rising edge-triggered cell FDRE clocked by clk_10Mhz_clk_mmcm_wiz  {rise@0.000ns fall@50.000ns period=100.000ns})
  Path Group:             clk_10Mhz_clk_mmcm_wiz
  Path Type:              Setup (Max at Slow Process Corner)
  Requirement:            100.000ns  (clk_10Mhz_clk_mmcm_wiz rise@100.000ns - clk_10Mhz_clk_mmcm_wiz_1 rise@0.000ns)
  Data Path Delay:        6.105ns  (logic 1.244ns (20.377%)  route 4.861ns (79.623%))
  Logic Levels:           4  (LUT5=2 LUT6=2)
  Clock Path Skew:        -0.025ns (DCD - SCD + CPR)
    Destination Clock Delay (DCD):    -1.488ns = ( 98.512 - 100.000 ) 
    Source Clock Delay      (SCD):    -0.887ns
    Clock Pessimism Removal (CPR):    0.576ns
  Clock Uncertainty:      0.149ns  ((TSJ^2 + DJ^2)^1/2) / 2 + PE
    Total System Jitter     (TSJ):    0.071ns
    Discrete Jitter          (DJ):    0.290ns
    Phase Error              (PE):    0.000ns
  Clock Domain Crossing:  Inter clock paths are considered valid unless explicitly excluded by timing constraints such as set_clock_groups or set_false_path.

    Location             Delay type                Incr(ns)  Path(ns)    Netlist Resource(s)
  -------------------------------------------------------------------    -------------------
                         (clock clk_10Mhz_clk_mmcm_wiz_1 rise edge)
                                                      0.000     0.000 r  
    W5                                                0.000     0.000 r  clk (IN)
                         net (fo=0)                   0.000     0.000    clock_geni/clk_mmcm_wizi/inst/clk_in1
    W5                   IBUF (Prop_ibuf_I_O)         1.458     1.458 r  clock_geni/clk_mmcm_wizi/inst/clkin1_ibufg/O
                         net (fo=1, routed)           1.233     2.691    clock_geni/clk_mmcm_wizi/inst/clk_in1_clk_mmcm_wiz
    MMCME2_ADV_X1Y0      MMCME2_ADV (Prop_mmcme2_adv_CLKIN1_CLKOUT0)
                                                     -6.961    -4.269 r  clock_geni/clk_mmcm_wizi/inst/mmcm_adv_inst/CLKOUT0
                         net (fo=1, routed)           1.661    -2.608    clock_geni/clk_mmcm_wizi/inst/clk_10Mhz_clk_mmcm_wiz
    BUFGCTRL_X0Y0        BUFG (Prop_bufg_I_O)         0.096    -2.512 r  clock_geni/clk_mmcm_wizi/inst/clkout1_buf/O
                         net (fo=81, routed)          1.625    -0.887    light_sensori/clk_10Mhz
    SLICE_X60Y93         FDRE                                         r  light_sensori/counter_reg[16]/C
  -------------------------------------------------------------------    -------------------
    SLICE_X60Y93         FDRE (Prop_fdre_C_Q)         0.518    -0.369 r  light_sensori/counter_reg[16]/Q
                         net (fo=4, routed)           1.234     0.865    light_sensori/counter_reg[16]
    SLICE_X61Y92         LUT6 (Prop_lut6_I3_O)        0.124     0.989 r  light_sensori/Reading[7]_i_11/O
                         net (fo=2, routed)           0.677     1.666    light_sensori/Reading[7]_i_11_n_0
    SLICE_X61Y92         LUT5 (Prop_lut5_I4_O)        0.152     1.818 r  light_sensori/JA3_i_3/O
                         net (fo=3, routed)           0.591     2.409    light_sensori/JA3_i_3_n_0
    SLICE_X59Y91         LUT5 (Prop_lut5_I3_O)        0.326     2.735 f  light_sensori/counter[0]_i_4/O
                         net (fo=1, routed)           0.790     3.525    light_sensori/counter[0]_i_4_n_0
    SLICE_X61Y91         LUT6 (Prop_lut6_I2_O)        0.124     3.649 r  light_sensori/counter[0]_i_1/O
                         net (fo=33, routed)          1.569     5.218    light_sensori/counter0
    SLICE_X60Y96         FDRE                                         r  light_sensori/counter_reg[30]/R
  -------------------------------------------------------------------    -------------------

                         (clock clk_10Mhz_clk_mmcm_wiz rise edge)
                                                    100.000   100.000 r  
    W5                                                0.000   100.000 r  clk (IN)
                         net (fo=0)                   0.000   100.000    clock_geni/clk_mmcm_wizi/inst/clk_in1
    W5                   IBUF (Prop_ibuf_I_O)         1.388   101.388 r  clock_geni/clk_mmcm_wizi/inst/clkin1_ibufg/O
                         net (fo=1, routed)           1.162   102.550    clock_geni/clk_mmcm_wizi/inst/clk_in1_clk_mmcm_wiz
    MMCME2_ADV_X1Y0      MMCME2_ADV (Prop_mmcme2_adv_CLKIN1_CLKOUT0)
                                                     -7.217    95.332 r  clock_geni/clk_mmcm_wizi/inst/mmcm_adv_inst/CLKOUT0
                         net (fo=1, routed)           1.581    96.914    clock_geni/clk_mmcm_wizi/inst/clk_10Mhz_clk_mmcm_wiz
    BUFGCTRL_X0Y0        BUFG (Prop_bufg_I_O)         0.091    97.005 r  clock_geni/clk_mmcm_wizi/inst/clkout1_buf/O
                         net (fo=81, routed)          1.508    98.512    light_sensori/clk_10Mhz
    SLICE_X60Y96         FDRE                                         r  light_sensori/counter_reg[30]/C
                         clock pessimism              0.576    99.088    
                         clock uncertainty           -0.149    98.939    
    SLICE_X60Y96         FDRE (Setup_fdre_C_R)       -0.524    98.415    light_sensori/counter_reg[30]
  -------------------------------------------------------------------
                         required time                         98.415    
                         arrival time                          -5.218    
  -------------------------------------------------------------------
                         slack                                 93.197    

Slack (MET) :             93.197ns  (required time - arrival time)
  Source:                 light_sensori/counter_reg[16]/C
                            (rising edge-triggered cell FDRE clocked by clk_10Mhz_clk_mmcm_wiz_1  {rise@0.000ns fall@50.000ns period=100.000ns})
  Destination:            light_sensori/counter_reg[31]/R
                            (rising edge-triggered cell FDRE clocked by clk_10Mhz_clk_mmcm_wiz  {rise@0.000ns fall@50.000ns period=100.000ns})
  Path Group:             clk_10Mhz_clk_mmcm_wiz
  Path Type:              Setup (Max at Slow Process Corner)
  Requirement:            100.000ns  (clk_10Mhz_clk_mmcm_wiz rise@100.000ns - clk_10Mhz_clk_mmcm_wiz_1 rise@0.000ns)
  Data Path Delay:        6.105ns  (logic 1.244ns (20.377%)  route 4.861ns (79.623%))
  Logic Levels:           4  (LUT5=2 LUT6=2)
  Clock Path Skew:        -0.025ns (DCD - SCD + CPR)
    Destination Clock Delay (DCD):    -1.488ns = ( 98.512 - 100.000 ) 
    Source Clock Delay      (SCD):    -0.887ns
    Clock Pessimism Removal (CPR):    0.576ns
  Clock Uncertainty:      0.149ns  ((TSJ^2 + DJ^2)^1/2) / 2 + PE
    Total System Jitter     (TSJ):    0.071ns
    Discrete Jitter          (DJ):    0.290ns
    Phase Error              (PE):    0.000ns
  Clock Domain Crossing:  Inter clock paths are considered valid unless explicitly excluded by timing constraints such as set_clock_groups or set_false_path.

    Location             Delay type                Incr(ns)  Path(ns)    Netlist Resource(s)
  -------------------------------------------------------------------    -------------------
                         (clock clk_10Mhz_clk_mmcm_wiz_1 rise edge)
                                                      0.000     0.000 r  
    W5                                                0.000     0.000 r  clk (IN)
                         net (fo=0)                   0.000     0.000    clock_geni/clk_mmcm_wizi/inst/clk_in1
    W5                   IBUF (Prop_ibuf_I_O)         1.458     1.458 r  clock_geni/clk_mmcm_wizi/inst/clkin1_ibufg/O
                         net (fo=1, routed)           1.233     2.691    clock_geni/clk_mmcm_wizi/inst/clk_in1_clk_mmcm_wiz
    MMCME2_ADV_X1Y0      MMCME2_ADV (Prop_mmcme2_adv_CLKIN1_CLKOUT0)
                                                     -6.961    -4.269 r  clock_geni/clk_mmcm_wizi/inst/mmcm_adv_inst/CLKOUT0
                         net (fo=1, routed)           1.661    -2.608    clock_geni/clk_mmcm_wizi/inst/clk_10Mhz_clk_mmcm_wiz
    BUFGCTRL_X0Y0        BUFG (Prop_bufg_I_O)         0.096    -2.512 r  clock_geni/clk_mmcm_wizi/inst/clkout1_buf/O
                         net (fo=81, routed)          1.625    -0.887    light_sensori/clk_10Mhz
    SLICE_X60Y93         FDRE                                         r  light_sensori/counter_reg[16]/C
  -------------------------------------------------------------------    -------------------
    SLICE_X60Y93         FDRE (Prop_fdre_C_Q)         0.518    -0.369 r  light_sensori/counter_reg[16]/Q
                         net (fo=4, routed)           1.234     0.865    light_sensori/counter_reg[16]
    SLICE_X61Y92         LUT6 (Prop_lut6_I3_O)        0.124     0.989 r  light_sensori/Reading[7]_i_11/O
                         net (fo=2, routed)           0.677     1.666    light_sensori/Reading[7]_i_11_n_0
    SLICE_X61Y92         LUT5 (Prop_lut5_I4_O)        0.152     1.818 r  light_sensori/JA3_i_3/O
                         net (fo=3, routed)           0.591     2.409    light_sensori/JA3_i_3_n_0
    SLICE_X59Y91         LUT5 (Prop_lut5_I3_O)        0.326     2.735 f  light_sensori/counter[0]_i_4/O
                         net (fo=1, routed)           0.790     3.525    light_sensori/counter[0]_i_4_n_0
    SLICE_X61Y91         LUT6 (Prop_lut6_I2_O)        0.124     3.649 r  light_sensori/counter[0]_i_1/O
                         net (fo=33, routed)          1.569     5.218    light_sensori/counter0
    SLICE_X60Y96         FDRE                                         r  light_sensori/counter_reg[31]/R
  -------------------------------------------------------------------    -------------------

                         (clock clk_10Mhz_clk_mmcm_wiz rise edge)
                                                    100.000   100.000 r  
    W5                                                0.000   100.000 r  clk (IN)
                         net (fo=0)                   0.000   100.000    clock_geni/clk_mmcm_wizi/inst/clk_in1
    W5                   IBUF (Prop_ibuf_I_O)         1.388   101.388 r  clock_geni/clk_mmcm_wizi/inst/clkin1_ibufg/O
                         net (fo=1, routed)           1.162   102.550    clock_geni/clk_mmcm_wizi/inst/clk_in1_clk_mmcm_wiz
    MMCME2_ADV_X1Y0      MMCME2_ADV (Prop_mmcme2_adv_CLKIN1_CLKOUT0)
                                                     -7.217    95.332 r  clock_geni/clk_mmcm_wizi/inst/mmcm_adv_inst/CLKOUT0
                         net (fo=1, routed)           1.581    96.914    clock_geni/clk_mmcm_wizi/inst/clk_10Mhz_clk_mmcm_wiz
    BUFGCTRL_X0Y0        BUFG (Prop_bufg_I_O)         0.091    97.005 r  clock_geni/clk_mmcm_wizi/inst/clkout1_buf/O
                         net (fo=81, routed)          1.508    98.512    light_sensori/clk_10Mhz
    SLICE_X60Y96         FDRE                                         r  light_sensori/counter_reg[31]/C
                         clock pessimism              0.576    99.088    
                         clock uncertainty           -0.149    98.939    
    SLICE_X60Y96         FDRE (Setup_fdre_C_R)       -0.524    98.415    light_sensori/counter_reg[31]
  -------------------------------------------------------------------
                         required time                         98.415    
                         arrival time                          -5.218    
  -------------------------------------------------------------------
                         slack                                 93.197    

Slack (MET) :             93.345ns  (required time - arrival time)
  Source:                 light_sensori/counter_reg[16]/C
                            (rising edge-triggered cell FDRE clocked by clk_10Mhz_clk_mmcm_wiz_1  {rise@0.000ns fall@50.000ns period=100.000ns})
  Destination:            light_sensori/counter_reg[24]/R
                            (rising edge-triggered cell FDRE clocked by clk_10Mhz_clk_mmcm_wiz  {rise@0.000ns fall@50.000ns period=100.000ns})
  Path Group:             clk_10Mhz_clk_mmcm_wiz
  Path Type:              Setup (Max at Slow Process Corner)
  Requirement:            100.000ns  (clk_10Mhz_clk_mmcm_wiz rise@100.000ns - clk_10Mhz_clk_mmcm_wiz_1 rise@0.000ns)
  Data Path Delay:        5.957ns  (logic 1.244ns (20.884%)  route 4.713ns (79.116%))
  Logic Levels:           4  (LUT5=2 LUT6=2)
  Clock Path Skew:        -0.025ns (DCD - SCD + CPR)
    Destination Clock Delay (DCD):    -1.488ns = ( 98.512 - 100.000 ) 
    Source Clock Delay      (SCD):    -0.887ns
    Clock Pessimism Removal (CPR):    0.576ns
  Clock Uncertainty:      0.149ns  ((TSJ^2 + DJ^2)^1/2) / 2 + PE
    Total System Jitter     (TSJ):    0.071ns
    Discrete Jitter          (DJ):    0.290ns
    Phase Error              (PE):    0.000ns
  Clock Domain Crossing:  Inter clock paths are considered valid unless explicitly excluded by timing constraints such as set_clock_groups or set_false_path.

    Location             Delay type                Incr(ns)  Path(ns)    Netlist Resource(s)
  -------------------------------------------------------------------    -------------------
                         (clock clk_10Mhz_clk_mmcm_wiz_1 rise edge)
                                                      0.000     0.000 r  
    W5                                                0.000     0.000 r  clk (IN)
                         net (fo=0)                   0.000     0.000    clock_geni/clk_mmcm_wizi/inst/clk_in1
    W5                   IBUF (Prop_ibuf_I_O)         1.458     1.458 r  clock_geni/clk_mmcm_wizi/inst/clkin1_ibufg/O
                         net (fo=1, routed)           1.233     2.691    clock_geni/clk_mmcm_wizi/inst/clk_in1_clk_mmcm_wiz
    MMCME2_ADV_X1Y0      MMCME2_ADV (Prop_mmcme2_adv_CLKIN1_CLKOUT0)
                                                     -6.961    -4.269 r  clock_geni/clk_mmcm_wizi/inst/mmcm_adv_inst/CLKOUT0
                         net (fo=1, routed)           1.661    -2.608    clock_geni/clk_mmcm_wizi/inst/clk_10Mhz_clk_mmcm_wiz
    BUFGCTRL_X0Y0        BUFG (Prop_bufg_I_O)         0.096    -2.512 r  clock_geni/clk_mmcm_wizi/inst/clkout1_buf/O
                         net (fo=81, routed)          1.625    -0.887    light_sensori/clk_10Mhz
    SLICE_X60Y93         FDRE                                         r  light_sensori/counter_reg[16]/C
  -------------------------------------------------------------------    -------------------
    SLICE_X60Y93         FDRE (Prop_fdre_C_Q)         0.518    -0.369 r  light_sensori/counter_reg[16]/Q
                         net (fo=4, routed)           1.234     0.865    light_sensori/counter_reg[16]
    SLICE_X61Y92         LUT6 (Prop_lut6_I3_O)        0.124     0.989 r  light_sensori/Reading[7]_i_11/O
                         net (fo=2, routed)           0.677     1.666    light_sensori/Reading[7]_i_11_n_0
    SLICE_X61Y92         LUT5 (Prop_lut5_I4_O)        0.152     1.818 r  light_sensori/JA3_i_3/O
                         net (fo=3, routed)           0.591     2.409    light_sensori/JA3_i_3_n_0
    SLICE_X59Y91         LUT5 (Prop_lut5_I3_O)        0.326     2.735 f  light_sensori/counter[0]_i_4/O
                         net (fo=1, routed)           0.790     3.525    light_sensori/counter[0]_i_4_n_0
    SLICE_X61Y91         LUT6 (Prop_lut6_I2_O)        0.124     3.649 r  light_sensori/counter[0]_i_1/O
                         net (fo=33, routed)          1.420     5.070    light_sensori/counter0
    SLICE_X60Y95         FDRE                                         r  light_sensori/counter_reg[24]/R
  -------------------------------------------------------------------    -------------------

                         (clock clk_10Mhz_clk_mmcm_wiz rise edge)
                                                    100.000   100.000 r  
    W5                                                0.000   100.000 r  clk (IN)
                         net (fo=0)                   0.000   100.000    clock_geni/clk_mmcm_wizi/inst/clk_in1
    W5                   IBUF (Prop_ibuf_I_O)         1.388   101.388 r  clock_geni/clk_mmcm_wizi/inst/clkin1_ibufg/O
                         net (fo=1, routed)           1.162   102.550    clock_geni/clk_mmcm_wizi/inst/clk_in1_clk_mmcm_wiz
    MMCME2_ADV_X1Y0      MMCME2_ADV (Prop_mmcme2_adv_CLKIN1_CLKOUT0)
                                                     -7.217    95.332 r  clock_geni/clk_mmcm_wizi/inst/mmcm_adv_inst/CLKOUT0
                         net (fo=1, routed)           1.581    96.914    clock_geni/clk_mmcm_wizi/inst/clk_10Mhz_clk_mmcm_wiz
    BUFGCTRL_X0Y0        BUFG (Prop_bufg_I_O)         0.091    97.005 r  clock_geni/clk_mmcm_wizi/inst/clkout1_buf/O
                         net (fo=81, routed)          1.508    98.512    light_sensori/clk_10Mhz
    SLICE_X60Y95         FDRE                                         r  light_sensori/counter_reg[24]/C
                         clock pessimism              0.576    99.088    
                         clock uncertainty           -0.149    98.939    
    SLICE_X60Y95         FDRE (Setup_fdre_C_R)       -0.524    98.415    light_sensori/counter_reg[24]
  -------------------------------------------------------------------
                         required time                         98.415    
                         arrival time                          -5.070    
  -------------------------------------------------------------------
                         slack                                 93.345    

Slack (MET) :             93.345ns  (required time - arrival time)
  Source:                 light_sensori/counter_reg[16]/C
                            (rising edge-triggered cell FDRE clocked by clk_10Mhz_clk_mmcm_wiz_1  {rise@0.000ns fall@50.000ns period=100.000ns})
  Destination:            light_sensori/counter_reg[25]/R
                            (rising edge-triggered cell FDRE clocked by clk_10Mhz_clk_mmcm_wiz  {rise@0.000ns fall@50.000ns period=100.000ns})
  Path Group:             clk_10Mhz_clk_mmcm_wiz
  Path Type:              Setup (Max at Slow Process Corner)
  Requirement:            100.000ns  (clk_10Mhz_clk_mmcm_wiz rise@100.000ns - clk_10Mhz_clk_mmcm_wiz_1 rise@0.000ns)
  Data Path Delay:        5.957ns  (logic 1.244ns (20.884%)  route 4.713ns (79.116%))
  Logic Levels:           4  (LUT5=2 LUT6=2)
  Clock Path Skew:        -0.025ns (DCD - SCD + CPR)
    Destination Clock Delay (DCD):    -1.488ns = ( 98.512 - 100.000 ) 
    Source Clock Delay      (SCD):    -0.887ns
    Clock Pessimism Removal (CPR):    0.576ns
  Clock Uncertainty:      0.149ns  ((TSJ^2 + DJ^2)^1/2) / 2 + PE
    Total System Jitter     (TSJ):    0.071ns
    Discrete Jitter          (DJ):    0.290ns
    Phase Error              (PE):    0.000ns
  Clock Domain Crossing:  Inter clock paths are considered valid unless explicitly excluded by timing constraints such as set_clock_groups or set_false_path.

    Location             Delay type                Incr(ns)  Path(ns)    Netlist Resource(s)
  -------------------------------------------------------------------    -------------------
                         (clock clk_10Mhz_clk_mmcm_wiz_1 rise edge)
                                                      0.000     0.000 r  
    W5                                                0.000     0.000 r  clk (IN)
                         net (fo=0)                   0.000     0.000    clock_geni/clk_mmcm_wizi/inst/clk_in1
    W5                   IBUF (Prop_ibuf_I_O)         1.458     1.458 r  clock_geni/clk_mmcm_wizi/inst/clkin1_ibufg/O
                         net (fo=1, routed)           1.233     2.691    clock_geni/clk_mmcm_wizi/inst/clk_in1_clk_mmcm_wiz
    MMCME2_ADV_X1Y0      MMCME2_ADV (Prop_mmcme2_adv_CLKIN1_CLKOUT0)
                                                     -6.961    -4.269 r  clock_geni/clk_mmcm_wizi/inst/mmcm_adv_inst/CLKOUT0
                         net (fo=1, routed)           1.661    -2.608    clock_geni/clk_mmcm_wizi/inst/clk_10Mhz_clk_mmcm_wiz
    BUFGCTRL_X0Y0        BUFG (Prop_bufg_I_O)         0.096    -2.512 r  clock_geni/clk_mmcm_wizi/inst/clkout1_buf/O
                         net (fo=81, routed)          1.625    -0.887    light_sensori/clk_10Mhz
    SLICE_X60Y93         FDRE                                         r  light_sensori/counter_reg[16]/C
  -------------------------------------------------------------------    -------------------
    SLICE_X60Y93         FDRE (Prop_fdre_C_Q)         0.518    -0.369 r  light_sensori/counter_reg[16]/Q
                         net (fo=4, routed)           1.234     0.865    light_sensori/counter_reg[16]
    SLICE_X61Y92         LUT6 (Prop_lut6_I3_O)        0.124     0.989 r  light_sensori/Reading[7]_i_11/O
                         net (fo=2, routed)           0.677     1.666    light_sensori/Reading[7]_i_11_n_0
    SLICE_X61Y92         LUT5 (Prop_lut5_I4_O)        0.152     1.818 r  light_sensori/JA3_i_3/O
                         net (fo=3, routed)           0.591     2.409    light_sensori/JA3_i_3_n_0
    SLICE_X59Y91         LUT5 (Prop_lut5_I3_O)        0.326     2.735 f  light_sensori/counter[0]_i_4/O
                         net (fo=1, routed)           0.790     3.525    light_sensori/counter[0]_i_4_n_0
    SLICE_X61Y91         LUT6 (Prop_lut6_I2_O)        0.124     3.649 r  light_sensori/counter[0]_i_1/O
                         net (fo=33, routed)          1.420     5.070    light_sensori/counter0
    SLICE_X60Y95         FDRE                                         r  light_sensori/counter_reg[25]/R
  -------------------------------------------------------------------    -------------------

                         (clock clk_10Mhz_clk_mmcm_wiz rise edge)
                                                    100.000   100.000 r  
    W5                                                0.000   100.000 r  clk (IN)
                         net (fo=0)                   0.000   100.000    clock_geni/clk_mmcm_wizi/inst/clk_in1
    W5                   IBUF (Prop_ibuf_I_O)         1.388   101.388 r  clock_geni/clk_mmcm_wizi/inst/clkin1_ibufg/O
                         net (fo=1, routed)           1.162   102.550    clock_geni/clk_mmcm_wizi/inst/clk_in1_clk_mmcm_wiz
    MMCME2_ADV_X1Y0      MMCME2_ADV (Prop_mmcme2_adv_CLKIN1_CLKOUT0)
                                                     -7.217    95.332 r  clock_geni/clk_mmcm_wizi/inst/mmcm_adv_inst/CLKOUT0
                         net (fo=1, routed)           1.581    96.914    clock_geni/clk_mmcm_wizi/inst/clk_10Mhz_clk_mmcm_wiz
    BUFGCTRL_X0Y0        BUFG (Prop_bufg_I_O)         0.091    97.005 r  clock_geni/clk_mmcm_wizi/inst/clkout1_buf/O
                         net (fo=81, routed)          1.508    98.512    light_sensori/clk_10Mhz
    SLICE_X60Y95         FDRE                                         r  light_sensori/counter_reg[25]/C
                         clock pessimism              0.576    99.088    
                         clock uncertainty           -0.149    98.939    
    SLICE_X60Y95         FDRE (Setup_fdre_C_R)       -0.524    98.415    light_sensori/counter_reg[25]
  -------------------------------------------------------------------
                         required time                         98.415    
                         arrival time                          -5.070    
  -------------------------------------------------------------------
                         slack                                 93.345    

Slack (MET) :             93.345ns  (required time - arrival time)
  Source:                 light_sensori/counter_reg[16]/C
                            (rising edge-triggered cell FDRE clocked by clk_10Mhz_clk_mmcm_wiz_1  {rise@0.000ns fall@50.000ns period=100.000ns})
  Destination:            light_sensori/counter_reg[26]/R
                            (rising edge-triggered cell FDRE clocked by clk_10Mhz_clk_mmcm_wiz  {rise@0.000ns fall@50.000ns period=100.000ns})
  Path Group:             clk_10Mhz_clk_mmcm_wiz
  Path Type:              Setup (Max at Slow Process Corner)
  Requirement:            100.000ns  (clk_10Mhz_clk_mmcm_wiz rise@100.000ns - clk_10Mhz_clk_mmcm_wiz_1 rise@0.000ns)
  Data Path Delay:        5.957ns  (logic 1.244ns (20.884%)  route 4.713ns (79.116%))
  Logic Levels:           4  (LUT5=2 LUT6=2)
  Clock Path Skew:        -0.025ns (DCD - SCD + CPR)
    Destination Clock Delay (DCD):    -1.488ns = ( 98.512 - 100.000 ) 
    Source Clock Delay      (SCD):    -0.887ns
    Clock Pessimism Removal (CPR):    0.576ns
  Clock Uncertainty:      0.149ns  ((TSJ^2 + DJ^2)^1/2) / 2 + PE
    Total System Jitter     (TSJ):    0.071ns
    Discrete Jitter          (DJ):    0.290ns
    Phase Error              (PE):    0.000ns
  Clock Domain Crossing:  Inter clock paths are considered valid unless explicitly excluded by timing constraints such as set_clock_groups or set_false_path.

    Location             Delay type                Incr(ns)  Path(ns)    Netlist Resource(s)
  -------------------------------------------------------------------    -------------------
                         (clock clk_10Mhz_clk_mmcm_wiz_1 rise edge)
                                                      0.000     0.000 r  
    W5                                                0.000     0.000 r  clk (IN)
                         net (fo=0)                   0.000     0.000    clock_geni/clk_mmcm_wizi/inst/clk_in1
    W5                   IBUF (Prop_ibuf_I_O)         1.458     1.458 r  clock_geni/clk_mmcm_wizi/inst/clkin1_ibufg/O
                         net (fo=1, routed)           1.233     2.691    clock_geni/clk_mmcm_wizi/inst/clk_in1_clk_mmcm_wiz
    MMCME2_ADV_X1Y0      MMCME2_ADV (Prop_mmcme2_adv_CLKIN1_CLKOUT0)
                                                     -6.961    -4.269 r  clock_geni/clk_mmcm_wizi/inst/mmcm_adv_inst/CLKOUT0
                         net (fo=1, routed)           1.661    -2.608    clock_geni/clk_mmcm_wizi/inst/clk_10Mhz_clk_mmcm_wiz
    BUFGCTRL_X0Y0        BUFG (Prop_bufg_I_O)         0.096    -2.512 r  clock_geni/clk_mmcm_wizi/inst/clkout1_buf/O
                         net (fo=81, routed)          1.625    -0.887    light_sensori/clk_10Mhz
    SLICE_X60Y93         FDRE                                         r  light_sensori/counter_reg[16]/C
  -------------------------------------------------------------------    -------------------
    SLICE_X60Y93         FDRE (Prop_fdre_C_Q)         0.518    -0.369 r  light_sensori/counter_reg[16]/Q
                         net (fo=4, routed)           1.234     0.865    light_sensori/counter_reg[16]
    SLICE_X61Y92         LUT6 (Prop_lut6_I3_O)        0.124     0.989 r  light_sensori/Reading[7]_i_11/O
                         net (fo=2, routed)           0.677     1.666    light_sensori/Reading[7]_i_11_n_0
    SLICE_X61Y92         LUT5 (Prop_lut5_I4_O)        0.152     1.818 r  light_sensori/JA3_i_3/O
                         net (fo=3, routed)           0.591     2.409    light_sensori/JA3_i_3_n_0
    SLICE_X59Y91         LUT5 (Prop_lut5_I3_O)        0.326     2.735 f  light_sensori/counter[0]_i_4/O
                         net (fo=1, routed)           0.790     3.525    light_sensori/counter[0]_i_4_n_0
    SLICE_X61Y91         LUT6 (Prop_lut6_I2_O)        0.124     3.649 r  light_sensori/counter[0]_i_1/O
                         net (fo=33, routed)          1.420     5.070    light_sensori/counter0
    SLICE_X60Y95         FDRE                                         r  light_sensori/counter_reg[26]/R
  -------------------------------------------------------------------    -------------------

                         (clock clk_10Mhz_clk_mmcm_wiz rise edge)
                                                    100.000   100.000 r  
    W5                                                0.000   100.000 r  clk (IN)
                         net (fo=0)                   0.000   100.000    clock_geni/clk_mmcm_wizi/inst/clk_in1
    W5                   IBUF (Prop_ibuf_I_O)         1.388   101.388 r  clock_geni/clk_mmcm_wizi/inst/clkin1_ibufg/O
                         net (fo=1, routed)           1.162   102.550    clock_geni/clk_mmcm_wizi/inst/clk_in1_clk_mmcm_wiz
    MMCME2_ADV_X1Y0      MMCME2_ADV (Prop_mmcme2_adv_CLKIN1_CLKOUT0)
                                                     -7.217    95.332 r  clock_geni/clk_mmcm_wizi/inst/mmcm_adv_inst/CLKOUT0
                         net (fo=1, routed)           1.581    96.914    clock_geni/clk_mmcm_wizi/inst/clk_10Mhz_clk_mmcm_wiz
    BUFGCTRL_X0Y0        BUFG (Prop_bufg_I_O)         0.091    97.005 r  clock_geni/clk_mmcm_wizi/inst/clkout1_buf/O
                         net (fo=81, routed)          1.508    98.512    light_sensori/clk_10Mhz
    SLICE_X60Y95         FDRE                                         r  light_sensori/counter_reg[26]/C
                         clock pessimism              0.576    99.088    
                         clock uncertainty           -0.149    98.939    
    SLICE_X60Y95         FDRE (Setup_fdre_C_R)       -0.524    98.415    light_sensori/counter_reg[26]
  -------------------------------------------------------------------
                         required time                         98.415    
                         arrival time                          -5.070    
  -------------------------------------------------------------------
                         slack                                 93.345    

Slack (MET) :             93.345ns  (required time - arrival time)
  Source:                 light_sensori/counter_reg[16]/C
                            (rising edge-triggered cell FDRE clocked by clk_10Mhz_clk_mmcm_wiz_1  {rise@0.000ns fall@50.000ns period=100.000ns})
  Destination:            light_sensori/counter_reg[27]/R
                            (rising edge-triggered cell FDRE clocked by clk_10Mhz_clk_mmcm_wiz  {rise@0.000ns fall@50.000ns period=100.000ns})
  Path Group:             clk_10Mhz_clk_mmcm_wiz
  Path Type:              Setup (Max at Slow Process Corner)
  Requirement:            100.000ns  (clk_10Mhz_clk_mmcm_wiz rise@100.000ns - clk_10Mhz_clk_mmcm_wiz_1 rise@0.000ns)
  Data Path Delay:        5.957ns  (logic 1.244ns (20.884%)  route 4.713ns (79.116%))
  Logic Levels:           4  (LUT5=2 LUT6=2)
  Clock Path Skew:        -0.025ns (DCD - SCD + CPR)
    Destination Clock Delay (DCD):    -1.488ns = ( 98.512 - 100.000 ) 
    Source Clock Delay      (SCD):    -0.887ns
    Clock Pessimism Removal (CPR):    0.576ns
  Clock Uncertainty:      0.149ns  ((TSJ^2 + DJ^2)^1/2) / 2 + PE
    Total System Jitter     (TSJ):    0.071ns
    Discrete Jitter          (DJ):    0.290ns
    Phase Error              (PE):    0.000ns
  Clock Domain Crossing:  Inter clock paths are considered valid unless explicitly excluded by timing constraints such as set_clock_groups or set_false_path.

    Location             Delay type                Incr(ns)  Path(ns)    Netlist Resource(s)
  -------------------------------------------------------------------    -------------------
                         (clock clk_10Mhz_clk_mmcm_wiz_1 rise edge)
                                                      0.000     0.000 r  
    W5                                                0.000     0.000 r  clk (IN)
                         net (fo=0)                   0.000     0.000    clock_geni/clk_mmcm_wizi/inst/clk_in1
    W5                   IBUF (Prop_ibuf_I_O)         1.458     1.458 r  clock_geni/clk_mmcm_wizi/inst/clkin1_ibufg/O
                         net (fo=1, routed)           1.233     2.691    clock_geni/clk_mmcm_wizi/inst/clk_in1_clk_mmcm_wiz
    MMCME2_ADV_X1Y0      MMCME2_ADV (Prop_mmcme2_adv_CLKIN1_CLKOUT0)
                                                     -6.961    -4.269 r  clock_geni/clk_mmcm_wizi/inst/mmcm_adv_inst/CLKOUT0
                         net (fo=1, routed)           1.661    -2.608    clock_geni/clk_mmcm_wizi/inst/clk_10Mhz_clk_mmcm_wiz
    BUFGCTRL_X0Y0        BUFG (Prop_bufg_I_O)         0.096    -2.512 r  clock_geni/clk_mmcm_wizi/inst/clkout1_buf/O
                         net (fo=81, routed)          1.625    -0.887    light_sensori/clk_10Mhz
    SLICE_X60Y93         FDRE                                         r  light_sensori/counter_reg[16]/C
  -------------------------------------------------------------------    -------------------
    SLICE_X60Y93         FDRE (Prop_fdre_C_Q)         0.518    -0.369 r  light_sensori/counter_reg[16]/Q
                         net (fo=4, routed)           1.234     0.865    light_sensori/counter_reg[16]
    SLICE_X61Y92         LUT6 (Prop_lut6_I3_O)        0.124     0.989 r  light_sensori/Reading[7]_i_11/O
                         net (fo=2, routed)           0.677     1.666    light_sensori/Reading[7]_i_11_n_0
    SLICE_X61Y92         LUT5 (Prop_lut5_I4_O)        0.152     1.818 r  light_sensori/JA3_i_3/O
                         net (fo=3, routed)           0.591     2.409    light_sensori/JA3_i_3_n_0
    SLICE_X59Y91         LUT5 (Prop_lut5_I3_O)        0.326     2.735 f  light_sensori/counter[0]_i_4/O
                         net (fo=1, routed)           0.790     3.525    light_sensori/counter[0]_i_4_n_0
    SLICE_X61Y91         LUT6 (Prop_lut6_I2_O)        0.124     3.649 r  light_sensori/counter[0]_i_1/O
                         net (fo=33, routed)          1.420     5.070    light_sensori/counter0
    SLICE_X60Y95         FDRE                                         r  light_sensori/counter_reg[27]/R
  -------------------------------------------------------------------    -------------------

                         (clock clk_10Mhz_clk_mmcm_wiz rise edge)
                                                    100.000   100.000 r  
    W5                                                0.000   100.000 r  clk (IN)
                         net (fo=0)                   0.000   100.000    clock_geni/clk_mmcm_wizi/inst/clk_in1
    W5                   IBUF (Prop_ibuf_I_O)         1.388   101.388 r  clock_geni/clk_mmcm_wizi/inst/clkin1_ibufg/O
                         net (fo=1, routed)           1.162   102.550    clock_geni/clk_mmcm_wizi/inst/clk_in1_clk_mmcm_wiz
    MMCME2_ADV_X1Y0      MMCME2_ADV (Prop_mmcme2_adv_CLKIN1_CLKOUT0)
                                                     -7.217    95.332 r  clock_geni/clk_mmcm_wizi/inst/mmcm_adv_inst/CLKOUT0
                         net (fo=1, routed)           1.581    96.914    clock_geni/clk_mmcm_wizi/inst/clk_10Mhz_clk_mmcm_wiz
    BUFGCTRL_X0Y0        BUFG (Prop_bufg_I_O)         0.091    97.005 r  clock_geni/clk_mmcm_wizi/inst/clkout1_buf/O
                         net (fo=81, routed)          1.508    98.512    light_sensori/clk_10Mhz
    SLICE_X60Y95         FDRE                                         r  light_sensori/counter_reg[27]/C
                         clock pessimism              0.576    99.088    
                         clock uncertainty           -0.149    98.939    
    SLICE_X60Y95         FDRE (Setup_fdre_C_R)       -0.524    98.415    light_sensori/counter_reg[27]
  -------------------------------------------------------------------
                         required time                         98.415    
                         arrival time                          -5.070    
  -------------------------------------------------------------------
                         slack                                 93.345    

Slack (MET) :             93.493ns  (required time - arrival time)
  Source:                 light_sensori/counter_reg[16]/C
                            (rising edge-triggered cell FDRE clocked by clk_10Mhz_clk_mmcm_wiz_1  {rise@0.000ns fall@50.000ns period=100.000ns})
  Destination:            light_sensori/counter_reg[20]/R
                            (rising edge-triggered cell FDRE clocked by clk_10Mhz_clk_mmcm_wiz  {rise@0.000ns fall@50.000ns period=100.000ns})
  Path Group:             clk_10Mhz_clk_mmcm_wiz
  Path Type:              Setup (Max at Slow Process Corner)
  Requirement:            100.000ns  (clk_10Mhz_clk_mmcm_wiz rise@100.000ns - clk_10Mhz_clk_mmcm_wiz_1 rise@0.000ns)
  Data Path Delay:        5.808ns  (logic 1.244ns (21.418%)  route 4.564ns (78.582%))
  Logic Levels:           4  (LUT5=2 LUT6=2)
  Clock Path Skew:        -0.025ns (DCD - SCD + CPR)
    Destination Clock Delay (DCD):    -1.488ns = ( 98.512 - 100.000 ) 
    Source Clock Delay      (SCD):    -0.887ns
    Clock Pessimism Removal (CPR):    0.576ns
  Clock Uncertainty:      0.149ns  ((TSJ^2 + DJ^2)^1/2) / 2 + PE
    Total System Jitter     (TSJ):    0.071ns
    Discrete Jitter          (DJ):    0.290ns
    Phase Error              (PE):    0.000ns
  Clock Domain Crossing:  Inter clock paths are considered valid unless explicitly excluded by timing constraints such as set_clock_groups or set_false_path.

    Location             Delay type                Incr(ns)  Path(ns)    Netlist Resource(s)
  -------------------------------------------------------------------    -------------------
                         (clock clk_10Mhz_clk_mmcm_wiz_1 rise edge)
                                                      0.000     0.000 r  
    W5                                                0.000     0.000 r  clk (IN)
                         net (fo=0)                   0.000     0.000    clock_geni/clk_mmcm_wizi/inst/clk_in1
    W5                   IBUF (Prop_ibuf_I_O)         1.458     1.458 r  clock_geni/clk_mmcm_wizi/inst/clkin1_ibufg/O
                         net (fo=1, routed)           1.233     2.691    clock_geni/clk_mmcm_wizi/inst/clk_in1_clk_mmcm_wiz
    MMCME2_ADV_X1Y0      MMCME2_ADV (Prop_mmcme2_adv_CLKIN1_CLKOUT0)
                                                     -6.961    -4.269 r  clock_geni/clk_mmcm_wizi/inst/mmcm_adv_inst/CLKOUT0
                         net (fo=1, routed)           1.661    -2.608    clock_geni/clk_mmcm_wizi/inst/clk_10Mhz_clk_mmcm_wiz
    BUFGCTRL_X0Y0        BUFG (Prop_bufg_I_O)         0.096    -2.512 r  clock_geni/clk_mmcm_wizi/inst/clkout1_buf/O
                         net (fo=81, routed)          1.625    -0.887    light_sensori/clk_10Mhz
    SLICE_X60Y93         FDRE                                         r  light_sensori/counter_reg[16]/C
  -------------------------------------------------------------------    -------------------
    SLICE_X60Y93         FDRE (Prop_fdre_C_Q)         0.518    -0.369 r  light_sensori/counter_reg[16]/Q
                         net (fo=4, routed)           1.234     0.865    light_sensori/counter_reg[16]
    SLICE_X61Y92         LUT6 (Prop_lut6_I3_O)        0.124     0.989 r  light_sensori/Reading[7]_i_11/O
                         net (fo=2, routed)           0.677     1.666    light_sensori/Reading[7]_i_11_n_0
    SLICE_X61Y92         LUT5 (Prop_lut5_I4_O)        0.152     1.818 r  light_sensori/JA3_i_3/O
                         net (fo=3, routed)           0.591     2.409    light_sensori/JA3_i_3_n_0
    SLICE_X59Y91         LUT5 (Prop_lut5_I3_O)        0.326     2.735 f  light_sensori/counter[0]_i_4/O
                         net (fo=1, routed)           0.790     3.525    light_sensori/counter[0]_i_4_n_0
    SLICE_X61Y91         LUT6 (Prop_lut6_I2_O)        0.124     3.649 r  light_sensori/counter[0]_i_1/O
                         net (fo=33, routed)          1.272     4.921    light_sensori/counter0
    SLICE_X60Y94         FDRE                                         r  light_sensori/counter_reg[20]/R
  -------------------------------------------------------------------    -------------------

                         (clock clk_10Mhz_clk_mmcm_wiz rise edge)
                                                    100.000   100.000 r  
    W5                                                0.000   100.000 r  clk (IN)
                         net (fo=0)                   0.000   100.000    clock_geni/clk_mmcm_wizi/inst/clk_in1
    W5                   IBUF (Prop_ibuf_I_O)         1.388   101.388 r  clock_geni/clk_mmcm_wizi/inst/clkin1_ibufg/O
                         net (fo=1, routed)           1.162   102.550    clock_geni/clk_mmcm_wizi/inst/clk_in1_clk_mmcm_wiz
    MMCME2_ADV_X1Y0      MMCME2_ADV (Prop_mmcme2_adv_CLKIN1_CLKOUT0)
                                                     -7.217    95.332 r  clock_geni/clk_mmcm_wizi/inst/mmcm_adv_inst/CLKOUT0
                         net (fo=1, routed)           1.581    96.914    clock_geni/clk_mmcm_wizi/inst/clk_10Mhz_clk_mmcm_wiz
    BUFGCTRL_X0Y0        BUFG (Prop_bufg_I_O)         0.091    97.005 r  clock_geni/clk_mmcm_wizi/inst/clkout1_buf/O
                         net (fo=81, routed)          1.508    98.512    light_sensori/clk_10Mhz
    SLICE_X60Y94         FDRE                                         r  light_sensori/counter_reg[20]/C
                         clock pessimism              0.576    99.088    
                         clock uncertainty           -0.149    98.939    
    SLICE_X60Y94         FDRE (Setup_fdre_C_R)       -0.524    98.415    light_sensori/counter_reg[20]
  -------------------------------------------------------------------
                         required time                         98.415    
                         arrival time                          -4.921    
  -------------------------------------------------------------------
                         slack                                 93.493    





Min Delay Paths
--------------------------------------------------------------------------------------
Slack (MET) :             0.058ns  (arrival time - required time)
  Source:                 light_sensori/toofast_reg[0]/C
                            (rising edge-triggered cell FDRE clocked by clk_10Mhz_clk_mmcm_wiz_1  {rise@0.000ns fall@50.000ns period=100.000ns})
  Destination:            light_sensori/toofast_reg[1]/D
                            (rising edge-triggered cell FDRE clocked by clk_10Mhz_clk_mmcm_wiz  {rise@0.000ns fall@50.000ns period=100.000ns})
  Path Group:             clk_10Mhz_clk_mmcm_wiz
  Path Type:              Hold (Min at Fast Process Corner)
  Requirement:            0.000ns  (clk_10Mhz_clk_mmcm_wiz rise@0.000ns - clk_10Mhz_clk_mmcm_wiz_1 rise@0.000ns)
  Data Path Delay:        0.254ns  (logic 0.141ns (55.503%)  route 0.113ns (44.497%))
  Logic Levels:           0  
  Clock Path Skew:        0.000ns (DCD - SCD - CPR)
    Destination Clock Delay (DCD):    -0.826ns
    Source Clock Delay      (SCD):    -0.588ns
    Clock Pessimism Removal (CPR):    -0.238ns
  Clock Uncertainty:      0.149ns  ((TSJ^2 + DJ^2)^1/2) / 2 + PE
    Total System Jitter     (TSJ):    0.071ns
    Discrete Jitter          (DJ):    0.290ns
    Phase Error              (PE):    0.000ns
  Clock Domain Crossing:  Inter clock paths are considered valid unless explicitly excluded by timing constraints such as set_clock_groups or set_false_path.

    Location             Delay type                Incr(ns)  Path(ns)    Netlist Resource(s)
  -------------------------------------------------------------------    -------------------
                         (clock clk_10Mhz_clk_mmcm_wiz_1 rise edge)
                                                      0.000     0.000 r  
    W5                                                0.000     0.000 r  clk (IN)
                         net (fo=0)                   0.000     0.000    clock_geni/clk_mmcm_wizi/inst/clk_in1
    W5                   IBUF (Prop_ibuf_I_O)         0.226     0.226 r  clock_geni/clk_mmcm_wizi/inst/clkin1_ibufg/O
                         net (fo=1, routed)           0.440     0.667    clock_geni/clk_mmcm_wizi/inst/clk_in1_clk_mmcm_wiz
    MMCME2_ADV_X1Y0      MMCME2_ADV (Prop_mmcme2_adv_CLKIN1_CLKOUT0)
                                                     -2.360    -1.693 r  clock_geni/clk_mmcm_wizi/inst/mmcm_adv_inst/CLKOUT0
                         net (fo=1, routed)           0.486    -1.207    clock_geni/clk_mmcm_wizi/inst/clk_10Mhz_clk_mmcm_wiz
    BUFGCTRL_X0Y0        BUFG (Prop_bufg_I_O)         0.026    -1.181 r  clock_geni/clk_mmcm_wizi/inst/clkout1_buf/O
                         net (fo=81, routed)          0.593    -0.588    light_sensori/clk_10Mhz
    SLICE_X63Y93         FDRE                                         r  light_sensori/toofast_reg[0]/C
  -------------------------------------------------------------------    -------------------
    SLICE_X63Y93         FDRE (Prop_fdre_C_Q)         0.141    -0.447 r  light_sensori/toofast_reg[0]/Q
                         net (fo=2, routed)           0.113    -0.334    light_sensori/toofast[0]
    SLICE_X63Y93         FDRE                                         r  light_sensori/toofast_reg[1]/D
  -------------------------------------------------------------------    -------------------

                         (clock clk_10Mhz_clk_mmcm_wiz rise edge)
                                                      0.000     0.000 r  
    W5                                                0.000     0.000 r  clk (IN)
                         net (fo=0)                   0.000     0.000    clock_geni/clk_mmcm_wizi/inst/clk_in1
    W5                   IBUF (Prop_ibuf_I_O)         0.414     0.414 r  clock_geni/clk_mmcm_wizi/inst/clkin1_ibufg/O
                         net (fo=1, routed)           0.480     0.894    clock_geni/clk_mmcm_wizi/inst/clk_in1_clk_mmcm_wiz
    MMCME2_ADV_X1Y0      MMCME2_ADV (Prop_mmcme2_adv_CLKIN1_CLKOUT0)
                                                     -3.142    -2.248 r  clock_geni/clk_mmcm_wizi/inst/mmcm_adv_inst/CLKOUT0
                         net (fo=1, routed)           0.530    -1.718    clock_geni/clk_mmcm_wizi/inst/clk_10Mhz_clk_mmcm_wiz
    BUFGCTRL_X0Y0        BUFG (Prop_bufg_I_O)         0.029    -1.689 r  clock_geni/clk_mmcm_wizi/inst/clkout1_buf/O
                         net (fo=81, routed)          0.863    -0.826    light_sensori/clk_10Mhz
    SLICE_X63Y93         FDRE                                         r  light_sensori/toofast_reg[1]/C
                         clock pessimism              0.238    -0.588    
                         clock uncertainty            0.149    -0.439    
    SLICE_X63Y93         FDRE (Hold_fdre_C_D)         0.047    -0.392    light_sensori/toofast_reg[1]
  -------------------------------------------------------------------
                         required time                          0.392    
                         arrival time                          -0.334    
  -------------------------------------------------------------------
                         slack                                  0.058    

Slack (MET) :             0.063ns  (arrival time - required time)
  Source:                 light_sensori/toofast_reg[3]/C
                            (rising edge-triggered cell FDRE clocked by clk_10Mhz_clk_mmcm_wiz_1  {rise@0.000ns fall@50.000ns period=100.000ns})
  Destination:            light_sensori/Reading_reg[3]/D
                            (rising edge-triggered cell FDRE clocked by clk_10Mhz_clk_mmcm_wiz  {rise@0.000ns fall@50.000ns period=100.000ns})
  Path Group:             clk_10Mhz_clk_mmcm_wiz
  Path Type:              Hold (Min at Fast Process Corner)
  Requirement:            0.000ns  (clk_10Mhz_clk_mmcm_wiz rise@0.000ns - clk_10Mhz_clk_mmcm_wiz_1 rise@0.000ns)
  Data Path Delay:        0.273ns  (logic 0.141ns (51.656%)  route 0.132ns (48.344%))
  Logic Levels:           0  
  Clock Path Skew:        0.013ns (DCD - SCD - CPR)
    Destination Clock Delay (DCD):    -0.826ns
    Source Clock Delay      (SCD):    -0.588ns
    Clock Pessimism Removal (CPR):    -0.251ns
  Clock Uncertainty:      0.149ns  ((TSJ^2 + DJ^2)^1/2) / 2 + PE
    Total System Jitter     (TSJ):    0.071ns
    Discrete Jitter          (DJ):    0.290ns
    Phase Error              (PE):    0.000ns
  Clock Domain Crossing:  Inter clock paths are considered valid unless explicitly excluded by timing constraints such as set_clock_groups or set_false_path.

    Location             Delay type                Incr(ns)  Path(ns)    Netlist Resource(s)
  -------------------------------------------------------------------    -------------------
                         (clock clk_10Mhz_clk_mmcm_wiz_1 rise edge)
                                                      0.000     0.000 r  
    W5                                                0.000     0.000 r  clk (IN)
                         net (fo=0)                   0.000     0.000    clock_geni/clk_mmcm_wizi/inst/clk_in1
    W5                   IBUF (Prop_ibuf_I_O)         0.226     0.226 r  clock_geni/clk_mmcm_wizi/inst/clkin1_ibufg/O
                         net (fo=1, routed)           0.440     0.667    clock_geni/clk_mmcm_wizi/inst/clk_in1_clk_mmcm_wiz
    MMCME2_ADV_X1Y0      MMCME2_ADV (Prop_mmcme2_adv_CLKIN1_CLKOUT0)
                                                     -2.360    -1.693 r  clock_geni/clk_mmcm_wizi/inst/mmcm_adv_inst/CLKOUT0
                         net (fo=1, routed)           0.486    -1.207    clock_geni/clk_mmcm_wizi/inst/clk_10Mhz_clk_mmcm_wiz
    BUFGCTRL_X0Y0        BUFG (Prop_bufg_I_O)         0.026    -1.181 r  clock_geni/clk_mmcm_wizi/inst/clkout1_buf/O
                         net (fo=81, routed)          0.593    -0.588    light_sensori/clk_10Mhz
    SLICE_X63Y93         FDRE                                         r  light_sensori/toofast_reg[3]/C
  -------------------------------------------------------------------    -------------------
    SLICE_X63Y93         FDRE (Prop_fdre_C_Q)         0.141    -0.447 r  light_sensori/toofast_reg[3]/Q
                         net (fo=2, routed)           0.132    -0.315    light_sensori/toofast[3]
    SLICE_X62Y93         FDRE                                         r  light_sensori/Reading_reg[3]/D
  -------------------------------------------------------------------    -------------------

                         (clock clk_10Mhz_clk_mmcm_wiz rise edge)
                                                      0.000     0.000 r  
    W5                                                0.000     0.000 r  clk (IN)
                         net (fo=0)                   0.000     0.000    clock_geni/clk_mmcm_wizi/inst/clk_in1
    W5                   IBUF (Prop_ibuf_I_O)         0.414     0.414 r  clock_geni/clk_mmcm_wizi/inst/clkin1_ibufg/O
                         net (fo=1, routed)           0.480     0.894    clock_geni/clk_mmcm_wizi/inst/clk_in1_clk_mmcm_wiz
    MMCME2_ADV_X1Y0      MMCME2_ADV (Prop_mmcme2_adv_CLKIN1_CLKOUT0)
                                                     -3.142    -2.248 r  clock_geni/clk_mmcm_wizi/inst/mmcm_adv_inst/CLKOUT0
                         net (fo=1, routed)           0.530    -1.718    clock_geni/clk_mmcm_wizi/inst/clk_10Mhz_clk_mmcm_wiz
    BUFGCTRL_X0Y0        BUFG (Prop_bufg_I_O)         0.029    -1.689 r  clock_geni/clk_mmcm_wizi/inst/clkout1_buf/O
                         net (fo=81, routed)          0.863    -0.826    light_sensori/clk_10Mhz
    SLICE_X62Y93         FDRE                                         r  light_sensori/Reading_reg[3]/C
                         clock pessimism              0.251    -0.575    
                         clock uncertainty            0.149    -0.426    
    SLICE_X62Y93         FDRE (Hold_fdre_C_D)         0.047    -0.379    light_sensori/Reading_reg[3]
  -------------------------------------------------------------------
                         required time                          0.379    
                         arrival time                          -0.315    
  -------------------------------------------------------------------
                         slack                                  0.063    

Slack (MET) :             0.069ns  (arrival time - required time)
  Source:                 light_sensori/toofast_reg[1]/C
                            (rising edge-triggered cell FDRE clocked by clk_10Mhz_clk_mmcm_wiz_1  {rise@0.000ns fall@50.000ns period=100.000ns})
  Destination:            light_sensori/Reading_reg[1]/D
                            (rising edge-triggered cell FDRE clocked by clk_10Mhz_clk_mmcm_wiz  {rise@0.000ns fall@50.000ns period=100.000ns})
  Path Group:             clk_10Mhz_clk_mmcm_wiz
  Path Type:              Hold (Min at Fast Process Corner)
  Requirement:            0.000ns  (clk_10Mhz_clk_mmcm_wiz rise@0.000ns - clk_10Mhz_clk_mmcm_wiz_1 rise@0.000ns)
  Data Path Delay:        0.290ns  (logic 0.141ns (48.596%)  route 0.149ns (51.404%))
  Logic Levels:           0  
  Clock Path Skew:        0.013ns (DCD - SCD - CPR)
    Destination Clock Delay (DCD):    -0.826ns
    Source Clock Delay      (SCD):    -0.588ns
    Clock Pessimism Removal (CPR):    -0.251ns
  Clock Uncertainty:      0.149ns  ((TSJ^2 + DJ^2)^1/2) / 2 + PE
    Total System Jitter     (TSJ):    0.071ns
    Discrete Jitter          (DJ):    0.290ns
    Phase Error              (PE):    0.000ns
  Clock Domain Crossing:  Inter clock paths are considered valid unless explicitly excluded by timing constraints such as set_clock_groups or set_false_path.

    Location             Delay type                Incr(ns)  Path(ns)    Netlist Resource(s)
  -------------------------------------------------------------------    -------------------
                         (clock clk_10Mhz_clk_mmcm_wiz_1 rise edge)
                                                      0.000     0.000 r  
    W5                                                0.000     0.000 r  clk (IN)
                         net (fo=0)                   0.000     0.000    clock_geni/clk_mmcm_wizi/inst/clk_in1
    W5                   IBUF (Prop_ibuf_I_O)         0.226     0.226 r  clock_geni/clk_mmcm_wizi/inst/clkin1_ibufg/O
                         net (fo=1, routed)           0.440     0.667    clock_geni/clk_mmcm_wizi/inst/clk_in1_clk_mmcm_wiz
    MMCME2_ADV_X1Y0      MMCME2_ADV (Prop_mmcme2_adv_CLKIN1_CLKOUT0)
                                                     -2.360    -1.693 r  clock_geni/clk_mmcm_wizi/inst/mmcm_adv_inst/CLKOUT0
                         net (fo=1, routed)           0.486    -1.207    clock_geni/clk_mmcm_wizi/inst/clk_10Mhz_clk_mmcm_wiz
    BUFGCTRL_X0Y0        BUFG (Prop_bufg_I_O)         0.026    -1.181 r  clock_geni/clk_mmcm_wizi/inst/clkout1_buf/O
                         net (fo=81, routed)          0.593    -0.588    light_sensori/clk_10Mhz
    SLICE_X63Y93         FDRE                                         r  light_sensori/toofast_reg[1]/C
  -------------------------------------------------------------------    -------------------
    SLICE_X63Y93         FDRE (Prop_fdre_C_Q)         0.141    -0.447 r  light_sensori/toofast_reg[1]/Q
                         net (fo=2, routed)           0.149    -0.298    light_sensori/toofast[1]
    SLICE_X62Y93         FDRE                                         r  light_sensori/Reading_reg[1]/D
  -------------------------------------------------------------------    -------------------

                         (clock clk_10Mhz_clk_mmcm_wiz rise edge)
                                                      0.000     0.000 r  
    W5                                                0.000     0.000 r  clk (IN)
                         net (fo=0)                   0.000     0.000    clock_geni/clk_mmcm_wizi/inst/clk_in1
    W5                   IBUF (Prop_ibuf_I_O)         0.414     0.414 r  clock_geni/clk_mmcm_wizi/inst/clkin1_ibufg/O
                         net (fo=1, routed)           0.480     0.894    clock_geni/clk_mmcm_wizi/inst/clk_in1_clk_mmcm_wiz
    MMCME2_ADV_X1Y0      MMCME2_ADV (Prop_mmcme2_adv_CLKIN1_CLKOUT0)
                                                     -3.142    -2.248 r  clock_geni/clk_mmcm_wizi/inst/mmcm_adv_inst/CLKOUT0
                         net (fo=1, routed)           0.530    -1.718    clock_geni/clk_mmcm_wizi/inst/clk_10Mhz_clk_mmcm_wiz
    BUFGCTRL_X0Y0        BUFG (Prop_bufg_I_O)         0.029    -1.689 r  clock_geni/clk_mmcm_wizi/inst/clkout1_buf/O
                         net (fo=81, routed)          0.863    -0.826    light_sensori/clk_10Mhz
    SLICE_X62Y93         FDRE                                         r  light_sensori/Reading_reg[1]/C
                         clock pessimism              0.251    -0.575    
                         clock uncertainty            0.149    -0.426    
    SLICE_X62Y93         FDRE (Hold_fdre_C_D)         0.059    -0.367    light_sensori/Reading_reg[1]
  -------------------------------------------------------------------
                         required time                          0.367    
                         arrival time                          -0.298    
  -------------------------------------------------------------------
                         slack                                  0.069    

Slack (MET) :             0.072ns  (arrival time - required time)
  Source:                 seven_seg_segi/select_reg[3]/C
                            (rising edge-triggered cell FDCE clocked by clk_10Mhz_clk_mmcm_wiz_1  {rise@0.000ns fall@50.000ns period=100.000ns})
  Destination:            seven_seg_segi/select_reg[0]/D
                            (rising edge-triggered cell FDPE clocked by clk_10Mhz_clk_mmcm_wiz  {rise@0.000ns fall@50.000ns period=100.000ns})
  Path Group:             clk_10Mhz_clk_mmcm_wiz
  Path Type:              Hold (Min at Fast Process Corner)
  Requirement:            0.000ns  (clk_10Mhz_clk_mmcm_wiz rise@0.000ns - clk_10Mhz_clk_mmcm_wiz_1 rise@0.000ns)
  Data Path Delay:        0.292ns  (logic 0.141ns (48.304%)  route 0.151ns (51.696%))
  Logic Levels:           0  
  Clock Path Skew:        0.000ns (DCD - SCD - CPR)
    Destination Clock Delay (DCD):    -0.827ns
    Source Clock Delay      (SCD):    -0.589ns
    Clock Pessimism Removal (CPR):    -0.238ns
  Clock Uncertainty:      0.149ns  ((TSJ^2 + DJ^2)^1/2) / 2 + PE
    Total System Jitter     (TSJ):    0.071ns
    Discrete Jitter          (DJ):    0.290ns
    Phase Error              (PE):    0.000ns
  Clock Domain Crossing:  Inter clock paths are considered valid unless explicitly excluded by timing constraints such as set_clock_groups or set_false_path.

    Location             Delay type                Incr(ns)  Path(ns)    Netlist Resource(s)
  -------------------------------------------------------------------    -------------------
                         (clock clk_10Mhz_clk_mmcm_wiz_1 rise edge)
                                                      0.000     0.000 r  
    W5                                                0.000     0.000 r  clk (IN)
                         net (fo=0)                   0.000     0.000    clock_geni/clk_mmcm_wizi/inst/clk_in1
    W5                   IBUF (Prop_ibuf_I_O)         0.226     0.226 r  clock_geni/clk_mmcm_wizi/inst/clkin1_ibufg/O
                         net (fo=1, routed)           0.440     0.667    clock_geni/clk_mmcm_wizi/inst/clk_in1_clk_mmcm_wiz
    MMCME2_ADV_X1Y0      MMCME2_ADV (Prop_mmcme2_adv_CLKIN1_CLKOUT0)
                                                     -2.360    -1.693 r  clock_geni/clk_mmcm_wizi/inst/mmcm_adv_inst/CLKOUT0
                         net (fo=1, routed)           0.486    -1.207    clock_geni/clk_mmcm_wizi/inst/clk_10Mhz_clk_mmcm_wiz
    BUFGCTRL_X0Y0        BUFG (Prop_bufg_I_O)         0.026    -1.181 r  clock_geni/clk_mmcm_wizi/inst/clkout1_buf/O
                         net (fo=81, routed)          0.592    -0.589    seven_seg_segi/CLK
    SLICE_X62Y92         FDCE                                         r  seven_seg_segi/select_reg[3]/C
  -------------------------------------------------------------------    -------------------
    SLICE_X62Y92         FDCE (Prop_fdce_C_Q)         0.141    -0.448 r  seven_seg_segi/select_reg[3]/Q
                         net (fo=5, routed)           0.151    -0.297    seven_seg_segi/select_reg_n_0_[3]
    SLICE_X62Y92         FDPE                                         r  seven_seg_segi/select_reg[0]/D
  -------------------------------------------------------------------    -------------------

                         (clock clk_10Mhz_clk_mmcm_wiz rise edge)
                                                      0.000     0.000 r  
    W5                                                0.000     0.000 r  clk (IN)
                         net (fo=0)                   0.000     0.000    clock_geni/clk_mmcm_wizi/inst/clk_in1
    W5                   IBUF (Prop_ibuf_I_O)         0.414     0.414 r  clock_geni/clk_mmcm_wizi/inst/clkin1_ibufg/O
                         net (fo=1, routed)           0.480     0.894    clock_geni/clk_mmcm_wizi/inst/clk_in1_clk_mmcm_wiz
    MMCME2_ADV_X1Y0      MMCME2_ADV (Prop_mmcme2_adv_CLKIN1_CLKOUT0)
                                                     -3.142    -2.248 r  clock_geni/clk_mmcm_wizi/inst/mmcm_adv_inst/CLKOUT0
                         net (fo=1, routed)           0.530    -1.718    clock_geni/clk_mmcm_wizi/inst/clk_10Mhz_clk_mmcm_wiz
    BUFGCTRL_X0Y0        BUFG (Prop_bufg_I_O)         0.029    -1.689 r  clock_geni/clk_mmcm_wizi/inst/clkout1_buf/O
                         net (fo=81, routed)          0.862    -0.827    seven_seg_segi/CLK
    SLICE_X62Y92         FDPE                                         r  seven_seg_segi/select_reg[0]/C
                         clock pessimism              0.238    -0.589    
                         clock uncertainty            0.149    -0.440    
    SLICE_X62Y92         FDPE (Hold_fdpe_C_D)         0.070    -0.370    seven_seg_segi/select_reg[0]
  -------------------------------------------------------------------
                         required time                          0.370    
                         arrival time                          -0.297    
  -------------------------------------------------------------------
                         slack                                  0.072    

Slack (MET) :             0.084ns  (arrival time - required time)
  Source:                 light_sensori/sclk_counter_reg[4]/C
                            (rising edge-triggered cell FDRE clocked by clk_10Mhz_clk_mmcm_wiz_1  {rise@0.000ns fall@50.000ns period=100.000ns})
  Destination:            light_sensori/FSM_onehot_newstate_reg[2]/D
                            (rising edge-triggered cell FDRE clocked by clk_10Mhz_clk_mmcm_wiz  {rise@0.000ns fall@50.000ns period=100.000ns})
  Path Group:             clk_10Mhz_clk_mmcm_wiz
  Path Type:              Hold (Min at Fast Process Corner)
  Requirement:            0.000ns  (clk_10Mhz_clk_mmcm_wiz rise@0.000ns - clk_10Mhz_clk_mmcm_wiz_1 rise@0.000ns)
  Data Path Delay:        0.370ns  (logic 0.209ns (56.417%)  route 0.161ns (43.583%))
  Logic Levels:           1  (LUT6=1)
  Clock Path Skew:        0.016ns (DCD - SCD - CPR)
    Destination Clock Delay (DCD):    -0.827ns
    Source Clock Delay      (SCD):    -0.589ns
    Clock Pessimism Removal (CPR):    -0.254ns
  Clock Uncertainty:      0.149ns  ((TSJ^2 + DJ^2)^1/2) / 2 + PE
    Total System Jitter     (TSJ):    0.071ns
    Discrete Jitter          (DJ):    0.290ns
    Phase Error              (PE):    0.000ns
  Clock Domain Crossing:  Inter clock paths are considered valid unless explicitly excluded by timing constraints such as set_clock_groups or set_false_path.

    Location             Delay type                Incr(ns)  Path(ns)    Netlist Resource(s)
  -------------------------------------------------------------------    -------------------
                         (clock clk_10Mhz_clk_mmcm_wiz_1 rise edge)
                                                      0.000     0.000 r  
    W5                                                0.000     0.000 r  clk (IN)
                         net (fo=0)                   0.000     0.000    clock_geni/clk_mmcm_wizi/inst/clk_in1
    W5                   IBUF (Prop_ibuf_I_O)         0.226     0.226 r  clock_geni/clk_mmcm_wizi/inst/clkin1_ibufg/O
                         net (fo=1, routed)           0.440     0.667    clock_geni/clk_mmcm_wizi/inst/clk_in1_clk_mmcm_wiz
    MMCME2_ADV_X1Y0      MMCME2_ADV (Prop_mmcme2_adv_CLKIN1_CLKOUT0)
                                                     -2.360    -1.693 r  clock_geni/clk_mmcm_wizi/inst/mmcm_adv_inst/CLKOUT0
                         net (fo=1, routed)           0.486    -1.207    clock_geni/clk_mmcm_wizi/inst/clk_10Mhz_clk_mmcm_wiz
    BUFGCTRL_X0Y0        BUFG (Prop_bufg_I_O)         0.026    -1.181 r  clock_geni/clk_mmcm_wizi/inst/clkout1_buf/O
                         net (fo=81, routed)          0.592    -0.589    light_sensori/clk_10Mhz
    SLICE_X64Y92         FDRE                                         r  light_sensori/sclk_counter_reg[4]/C
  -------------------------------------------------------------------    -------------------
    SLICE_X64Y92         FDRE (Prop_fdre_C_Q)         0.164    -0.425 f  light_sensori/sclk_counter_reg[4]/Q
                         net (fo=8, routed)           0.161    -0.264    light_sensori/sclk_counter_reg_n_0_[4]
    SLICE_X64Y91         LUT6 (Prop_lut6_I3_O)        0.045    -0.219 r  light_sensori/FSM_onehot_newstate[2]_i_1/O
                         net (fo=1, routed)           0.000    -0.219    light_sensori/FSM_onehot_newstate[2]_i_1_n_0
    SLICE_X64Y91         FDRE                                         r  light_sensori/FSM_onehot_newstate_reg[2]/D
  -------------------------------------------------------------------    -------------------

                         (clock clk_10Mhz_clk_mmcm_wiz rise edge)
                                                      0.000     0.000 r  
    W5                                                0.000     0.000 r  clk (IN)
                         net (fo=0)                   0.000     0.000    clock_geni/clk_mmcm_wizi/inst/clk_in1
    W5                   IBUF (Prop_ibuf_I_O)         0.414     0.414 r  clock_geni/clk_mmcm_wizi/inst/clkin1_ibufg/O
                         net (fo=1, routed)           0.480     0.894    clock_geni/clk_mmcm_wizi/inst/clk_in1_clk_mmcm_wiz
    MMCME2_ADV_X1Y0      MMCME2_ADV (Prop_mmcme2_adv_CLKIN1_CLKOUT0)
                                                     -3.142    -2.248 r  clock_geni/clk_mmcm_wizi/inst/mmcm_adv_inst/CLKOUT0
                         net (fo=1, routed)           0.530    -1.718    clock_geni/clk_mmcm_wizi/inst/clk_10Mhz_clk_mmcm_wiz
    BUFGCTRL_X0Y0        BUFG (Prop_bufg_I_O)         0.029    -1.689 r  clock_geni/clk_mmcm_wizi/inst/clkout1_buf/O
                         net (fo=81, routed)          0.862    -0.827    light_sensori/clk_10Mhz
    SLICE_X64Y91         FDRE                                         r  light_sensori/FSM_onehot_newstate_reg[2]/C
                         clock pessimism              0.254    -0.573    
                         clock uncertainty            0.149    -0.424    
    SLICE_X64Y91         FDRE (Hold_fdre_C_D)         0.121    -0.303    light_sensori/FSM_onehot_newstate_reg[2]
  -------------------------------------------------------------------
                         required time                          0.303    
                         arrival time                          -0.219    
  -------------------------------------------------------------------
                         slack                                  0.084    

Slack (MET) :             0.087ns  (arrival time - required time)
  Source:                 light_sensori/sclk_counter_reg[4]/C
                            (rising edge-triggered cell FDRE clocked by clk_10Mhz_clk_mmcm_wiz_1  {rise@0.000ns fall@50.000ns period=100.000ns})
  Destination:            light_sensori/FSM_onehot_newstate_reg[1]/D
                            (rising edge-triggered cell FDRE clocked by clk_10Mhz_clk_mmcm_wiz  {rise@0.000ns fall@50.000ns period=100.000ns})
  Path Group:             clk_10Mhz_clk_mmcm_wiz
  Path Type:              Hold (Min at Fast Process Corner)
  Requirement:            0.000ns  (clk_10Mhz_clk_mmcm_wiz rise@0.000ns - clk_10Mhz_clk_mmcm_wiz_1 rise@0.000ns)
  Data Path Delay:        0.372ns  (logic 0.209ns (56.114%)  route 0.163ns (43.886%))
  Logic Levels:           1  (LUT6=1)
  Clock Path Skew:        0.016ns (DCD - SCD - CPR)
    Destination Clock Delay (DCD):    -0.827ns
    Source Clock Delay      (SCD):    -0.589ns
    Clock Pessimism Removal (CPR):    -0.254ns
  Clock Uncertainty:      0.149ns  ((TSJ^2 + DJ^2)^1/2) / 2 + PE
    Total System Jitter     (TSJ):    0.071ns
    Discrete Jitter          (DJ):    0.290ns
    Phase Error              (PE):    0.000ns
  Clock Domain Crossing:  Inter clock paths are considered valid unless explicitly excluded by timing constraints such as set_clock_groups or set_false_path.

    Location             Delay type                Incr(ns)  Path(ns)    Netlist Resource(s)
  -------------------------------------------------------------------    -------------------
                         (clock clk_10Mhz_clk_mmcm_wiz_1 rise edge)
                                                      0.000     0.000 r  
    W5                                                0.000     0.000 r  clk (IN)
                         net (fo=0)                   0.000     0.000    clock_geni/clk_mmcm_wizi/inst/clk_in1
    W5                   IBUF (Prop_ibuf_I_O)         0.226     0.226 r  clock_geni/clk_mmcm_wizi/inst/clkin1_ibufg/O
                         net (fo=1, routed)           0.440     0.667    clock_geni/clk_mmcm_wizi/inst/clk_in1_clk_mmcm_wiz
    MMCME2_ADV_X1Y0      MMCME2_ADV (Prop_mmcme2_adv_CLKIN1_CLKOUT0)
                                                     -2.360    -1.693 r  clock_geni/clk_mmcm_wizi/inst/mmcm_adv_inst/CLKOUT0
                         net (fo=1, routed)           0.486    -1.207    clock_geni/clk_mmcm_wizi/inst/clk_10Mhz_clk_mmcm_wiz
    BUFGCTRL_X0Y0        BUFG (Prop_bufg_I_O)         0.026    -1.181 r  clock_geni/clk_mmcm_wizi/inst/clkout1_buf/O
                         net (fo=81, routed)          0.592    -0.589    light_sensori/clk_10Mhz
    SLICE_X64Y92         FDRE                                         r  light_sensori/sclk_counter_reg[4]/C
  -------------------------------------------------------------------    -------------------
    SLICE_X64Y92         FDRE (Prop_fdre_C_Q)         0.164    -0.425 f  light_sensori/sclk_counter_reg[4]/Q
                         net (fo=8, routed)           0.163    -0.262    light_sensori/sclk_counter_reg_n_0_[4]
    SLICE_X64Y91         LUT6 (Prop_lut6_I3_O)        0.045    -0.217 r  light_sensori/FSM_onehot_newstate[1]_i_1/O
                         net (fo=1, routed)           0.000    -0.217    light_sensori/FSM_onehot_newstate[1]_i_1_n_0
    SLICE_X64Y91         FDRE                                         r  light_sensori/FSM_onehot_newstate_reg[1]/D
  -------------------------------------------------------------------    -------------------

                         (clock clk_10Mhz_clk_mmcm_wiz rise edge)
                                                      0.000     0.000 r  
    W5                                                0.000     0.000 r  clk (IN)
                         net (fo=0)                   0.000     0.000    clock_geni/clk_mmcm_wizi/inst/clk_in1
    W5                   IBUF (Prop_ibuf_I_O)         0.414     0.414 r  clock_geni/clk_mmcm_wizi/inst/clkin1_ibufg/O
                         net (fo=1, routed)           0.480     0.894    clock_geni/clk_mmcm_wizi/inst/clk_in1_clk_mmcm_wiz
    MMCME2_ADV_X1Y0      MMCME2_ADV (Prop_mmcme2_adv_CLKIN1_CLKOUT0)
                                                     -3.142    -2.248 r  clock_geni/clk_mmcm_wizi/inst/mmcm_adv_inst/CLKOUT0
                         net (fo=1, routed)           0.530    -1.718    clock_geni/clk_mmcm_wizi/inst/clk_10Mhz_clk_mmcm_wiz
    BUFGCTRL_X0Y0        BUFG (Prop_bufg_I_O)         0.029    -1.689 r  clock_geni/clk_mmcm_wizi/inst/clkout1_buf/O
                         net (fo=81, routed)          0.862    -0.827    light_sensori/clk_10Mhz
    SLICE_X64Y91         FDRE                                         r  light_sensori/FSM_onehot_newstate_reg[1]/C
                         clock pessimism              0.254    -0.573    
                         clock uncertainty            0.149    -0.424    
    SLICE_X64Y91         FDRE (Hold_fdre_C_D)         0.120    -0.304    light_sensori/FSM_onehot_newstate_reg[1]
  -------------------------------------------------------------------
                         required time                          0.304    
                         arrival time                          -0.217    
  -------------------------------------------------------------------
                         slack                                  0.087    

Slack (MET) :             0.088ns  (arrival time - required time)
  Source:                 light_sensori/FSM_onehot_newstate_reg[0]/C
                            (rising edge-triggered cell FDRE clocked by clk_10Mhz_clk_mmcm_wiz_1  {rise@0.000ns fall@50.000ns period=100.000ns})
  Destination:            light_sensori/FSM_onehot_newstate_reg[0]/D
                            (rising edge-triggered cell FDRE clocked by clk_10Mhz_clk_mmcm_wiz  {rise@0.000ns fall@50.000ns period=100.000ns})
  Path Group:             clk_10Mhz_clk_mmcm_wiz
  Path Type:              Hold (Min at Fast Process Corner)
  Requirement:            0.000ns  (clk_10Mhz_clk_mmcm_wiz rise@0.000ns - clk_10Mhz_clk_mmcm_wiz_1 rise@0.000ns)
  Data Path Delay:        0.359ns  (logic 0.209ns (58.292%)  route 0.150ns (41.708%))
  Logic Levels:           1  (LUT6=1)
  Clock Path Skew:        0.000ns (DCD - SCD - CPR)
    Destination Clock Delay (DCD):    -0.827ns
    Source Clock Delay      (SCD):    -0.589ns
    Clock Pessimism Removal (CPR):    -0.238ns
  Clock Uncertainty:      0.149ns  ((TSJ^2 + DJ^2)^1/2) / 2 + PE
    Total System Jitter     (TSJ):    0.071ns
    Discrete Jitter          (DJ):    0.290ns
    Phase Error              (PE):    0.000ns
  Clock Domain Crossing:  Inter clock paths are considered valid unless explicitly excluded by timing constraints such as set_clock_groups or set_false_path.

    Location             Delay type                Incr(ns)  Path(ns)    Netlist Resource(s)
  -------------------------------------------------------------------    -------------------
                         (clock clk_10Mhz_clk_mmcm_wiz_1 rise edge)
                                                      0.000     0.000 r  
    W5                                                0.000     0.000 r  clk (IN)
                         net (fo=0)                   0.000     0.000    clock_geni/clk_mmcm_wizi/inst/clk_in1
    W5                   IBUF (Prop_ibuf_I_O)         0.226     0.226 r  clock_geni/clk_mmcm_wizi/inst/clkin1_ibufg/O
                         net (fo=1, routed)           0.440     0.667    clock_geni/clk_mmcm_wizi/inst/clk_in1_clk_mmcm_wiz
    MMCME2_ADV_X1Y0      MMCME2_ADV (Prop_mmcme2_adv_CLKIN1_CLKOUT0)
                                                     -2.360    -1.693 r  clock_geni/clk_mmcm_wizi/inst/mmcm_adv_inst/CLKOUT0
                         net (fo=1, routed)           0.486    -1.207    clock_geni/clk_mmcm_wizi/inst/clk_10Mhz_clk_mmcm_wiz
    BUFGCTRL_X0Y0        BUFG (Prop_bufg_I_O)         0.026    -1.181 r  clock_geni/clk_mmcm_wizi/inst/clkout1_buf/O
                         net (fo=81, routed)          0.592    -0.589    light_sensori/clk_10Mhz
    SLICE_X64Y91         FDRE                                         r  light_sensori/FSM_onehot_newstate_reg[0]/C
  -------------------------------------------------------------------    -------------------
    SLICE_X64Y91         FDRE (Prop_fdre_C_Q)         0.164    -0.425 f  light_sensori/FSM_onehot_newstate_reg[0]/Q
                         net (fo=4, routed)           0.150    -0.276    light_sensori/FSM_onehot_newstate_reg_n_0_[0]
    SLICE_X64Y91         LUT6 (Prop_lut6_I5_O)        0.045    -0.231 r  light_sensori/FSM_onehot_newstate[0]_i_1/O
                         net (fo=1, routed)           0.000    -0.231    light_sensori/FSM_onehot_newstate[0]_i_1_n_0
    SLICE_X64Y91         FDRE                                         r  light_sensori/FSM_onehot_newstate_reg[0]/D
  -------------------------------------------------------------------    -------------------

                         (clock clk_10Mhz_clk_mmcm_wiz rise edge)
                                                      0.000     0.000 r  
    W5                                                0.000     0.000 r  clk (IN)
                         net (fo=0)                   0.000     0.000    clock_geni/clk_mmcm_wizi/inst/clk_in1
    W5                   IBUF (Prop_ibuf_I_O)         0.414     0.414 r  clock_geni/clk_mmcm_wizi/inst/clkin1_ibufg/O
                         net (fo=1, routed)           0.480     0.894    clock_geni/clk_mmcm_wizi/inst/clk_in1_clk_mmcm_wiz
    MMCME2_ADV_X1Y0      MMCME2_ADV (Prop_mmcme2_adv_CLKIN1_CLKOUT0)
                                                     -3.142    -2.248 r  clock_geni/clk_mmcm_wizi/inst/mmcm_adv_inst/CLKOUT0
                         net (fo=1, routed)           0.530    -1.718    clock_geni/clk_mmcm_wizi/inst/clk_10Mhz_clk_mmcm_wiz
    BUFGCTRL_X0Y0        BUFG (Prop_bufg_I_O)         0.029    -1.689 r  clock_geni/clk_mmcm_wizi/inst/clkout1_buf/O
                         net (fo=81, routed)          0.862    -0.827    light_sensori/clk_10Mhz
    SLICE_X64Y91         FDRE                                         r  light_sensori/FSM_onehot_newstate_reg[0]/C
                         clock pessimism              0.238    -0.589    
                         clock uncertainty            0.149    -0.440    
    SLICE_X64Y91         FDRE (Hold_fdre_C_D)         0.121    -0.319    light_sensori/FSM_onehot_newstate_reg[0]
  -------------------------------------------------------------------
                         required time                          0.319    
                         arrival time                          -0.231    
  -------------------------------------------------------------------
                         slack                                  0.088    

Slack (MET) :             0.091ns  (arrival time - required time)
  Source:                 light_sensori/toofast_reg[5]/C
                            (rising edge-triggered cell FDRE clocked by clk_10Mhz_clk_mmcm_wiz_1  {rise@0.000ns fall@50.000ns period=100.000ns})
  Destination:            light_sensori/toofast_reg[6]/D
                            (rising edge-triggered cell FDRE clocked by clk_10Mhz_clk_mmcm_wiz  {rise@0.000ns fall@50.000ns period=100.000ns})
  Path Group:             clk_10Mhz_clk_mmcm_wiz
  Path Type:              Hold (Min at Fast Process Corner)
  Requirement:            0.000ns  (clk_10Mhz_clk_mmcm_wiz rise@0.000ns - clk_10Mhz_clk_mmcm_wiz_1 rise@0.000ns)
  Data Path Delay:        0.263ns  (logic 0.128ns (48.591%)  route 0.135ns (51.409%))
  Logic Levels:           0  
  Clock Path Skew:        0.000ns (DCD - SCD - CPR)
    Destination Clock Delay (DCD):    -0.826ns
    Source Clock Delay      (SCD):    -0.588ns
    Clock Pessimism Removal (CPR):    -0.238ns
  Clock Uncertainty:      0.149ns  ((TSJ^2 + DJ^2)^1/2) / 2 + PE
    Total System Jitter     (TSJ):    0.071ns
    Discrete Jitter          (DJ):    0.290ns
    Phase Error              (PE):    0.000ns
  Clock Domain Crossing:  Inter clock paths are considered valid unless explicitly excluded by timing constraints such as set_clock_groups or set_false_path.

    Location             Delay type                Incr(ns)  Path(ns)    Netlist Resource(s)
  -------------------------------------------------------------------    -------------------
                         (clock clk_10Mhz_clk_mmcm_wiz_1 rise edge)
                                                      0.000     0.000 r  
    W5                                                0.000     0.000 r  clk (IN)
                         net (fo=0)                   0.000     0.000    clock_geni/clk_mmcm_wizi/inst/clk_in1
    W5                   IBUF (Prop_ibuf_I_O)         0.226     0.226 r  clock_geni/clk_mmcm_wizi/inst/clkin1_ibufg/O
                         net (fo=1, routed)           0.440     0.667    clock_geni/clk_mmcm_wizi/inst/clk_in1_clk_mmcm_wiz
    MMCME2_ADV_X1Y0      MMCME2_ADV (Prop_mmcme2_adv_CLKIN1_CLKOUT0)
                                                     -2.360    -1.693 r  clock_geni/clk_mmcm_wizi/inst/mmcm_adv_inst/CLKOUT0
                         net (fo=1, routed)           0.486    -1.207    clock_geni/clk_mmcm_wizi/inst/clk_10Mhz_clk_mmcm_wiz
    BUFGCTRL_X0Y0        BUFG (Prop_bufg_I_O)         0.026    -1.181 r  clock_geni/clk_mmcm_wizi/inst/clkout1_buf/O
                         net (fo=81, routed)          0.593    -0.588    light_sensori/clk_10Mhz
    SLICE_X63Y93         FDRE                                         r  light_sensori/toofast_reg[5]/C
  -------------------------------------------------------------------    -------------------
    SLICE_X63Y93         FDRE (Prop_fdre_C_Q)         0.128    -0.460 r  light_sensori/toofast_reg[5]/Q
                         net (fo=2, routed)           0.135    -0.325    light_sensori/toofast[5]
    SLICE_X63Y93         FDRE                                         r  light_sensori/toofast_reg[6]/D
  -------------------------------------------------------------------    -------------------

                         (clock clk_10Mhz_clk_mmcm_wiz rise edge)
                                                      0.000     0.000 r  
    W5                                                0.000     0.000 r  clk (IN)
                         net (fo=0)                   0.000     0.000    clock_geni/clk_mmcm_wizi/inst/clk_in1
    W5                   IBUF (Prop_ibuf_I_O)         0.414     0.414 r  clock_geni/clk_mmcm_wizi/inst/clkin1_ibufg/O
                         net (fo=1, routed)           0.480     0.894    clock_geni/clk_mmcm_wizi/inst/clk_in1_clk_mmcm_wiz
    MMCME2_ADV_X1Y0      MMCME2_ADV (Prop_mmcme2_adv_CLKIN1_CLKOUT0)
                                                     -3.142    -2.248 r  clock_geni/clk_mmcm_wizi/inst/mmcm_adv_inst/CLKOUT0
                         net (fo=1, routed)           0.530    -1.718    clock_geni/clk_mmcm_wizi/inst/clk_10Mhz_clk_mmcm_wiz
    BUFGCTRL_X0Y0        BUFG (Prop_bufg_I_O)         0.029    -1.689 r  clock_geni/clk_mmcm_wizi/inst/clkout1_buf/O
                         net (fo=81, routed)          0.863    -0.826    light_sensori/clk_10Mhz
    SLICE_X63Y93         FDRE                                         r  light_sensori/toofast_reg[6]/C
                         clock pessimism              0.238    -0.588    
                         clock uncertainty            0.149    -0.439    
    SLICE_X63Y93         FDRE (Hold_fdre_C_D)         0.023    -0.416    light_sensori/toofast_reg[6]
  -------------------------------------------------------------------
                         required time                          0.416    
                         arrival time                          -0.325    
  -------------------------------------------------------------------
                         slack                                  0.091    

Slack (MET) :             0.094ns  (arrival time - required time)
  Source:                 light_sensori/toofast_reg[0]/C
                            (rising edge-triggered cell FDRE clocked by clk_10Mhz_clk_mmcm_wiz_1  {rise@0.000ns fall@50.000ns period=100.000ns})
  Destination:            light_sensori/Reading_reg[0]/D
                            (rising edge-triggered cell FDRE clocked by clk_10Mhz_clk_mmcm_wiz  {rise@0.000ns fall@50.000ns period=100.000ns})
  Path Group:             clk_10Mhz_clk_mmcm_wiz
  Path Type:              Hold (Min at Fast Process Corner)
  Requirement:            0.000ns  (clk_10Mhz_clk_mmcm_wiz rise@0.000ns - clk_10Mhz_clk_mmcm_wiz_1 rise@0.000ns)
  Data Path Delay:        0.326ns  (logic 0.141ns (43.229%)  route 0.185ns (56.771%))
  Logic Levels:           0  
  Clock Path Skew:        0.013ns (DCD - SCD - CPR)
    Destination Clock Delay (DCD):    -0.826ns
    Source Clock Delay      (SCD):    -0.588ns
    Clock Pessimism Removal (CPR):    -0.251ns
  Clock Uncertainty:      0.149ns  ((TSJ^2 + DJ^2)^1/2) / 2 + PE
    Total System Jitter     (TSJ):    0.071ns
    Discrete Jitter          (DJ):    0.290ns
    Phase Error              (PE):    0.000ns
  Clock Domain Crossing:  Inter clock paths are considered valid unless explicitly excluded by timing constraints such as set_clock_groups or set_false_path.

    Location             Delay type                Incr(ns)  Path(ns)    Netlist Resource(s)
  -------------------------------------------------------------------    -------------------
                         (clock clk_10Mhz_clk_mmcm_wiz_1 rise edge)
                                                      0.000     0.000 r  
    W5                                                0.000     0.000 r  clk (IN)
                         net (fo=0)                   0.000     0.000    clock_geni/clk_mmcm_wizi/inst/clk_in1
    W5                   IBUF (Prop_ibuf_I_O)         0.226     0.226 r  clock_geni/clk_mmcm_wizi/inst/clkin1_ibufg/O
                         net (fo=1, routed)           0.440     0.667    clock_geni/clk_mmcm_wizi/inst/clk_in1_clk_mmcm_wiz
    MMCME2_ADV_X1Y0      MMCME2_ADV (Prop_mmcme2_adv_CLKIN1_CLKOUT0)
                                                     -2.360    -1.693 r  clock_geni/clk_mmcm_wizi/inst/mmcm_adv_inst/CLKOUT0
                         net (fo=1, routed)           0.486    -1.207    clock_geni/clk_mmcm_wizi/inst/clk_10Mhz_clk_mmcm_wiz
    BUFGCTRL_X0Y0        BUFG (Prop_bufg_I_O)         0.026    -1.181 r  clock_geni/clk_mmcm_wizi/inst/clkout1_buf/O
                         net (fo=81, routed)          0.593    -0.588    light_sensori/clk_10Mhz
    SLICE_X63Y93         FDRE                                         r  light_sensori/toofast_reg[0]/C
  -------------------------------------------------------------------    -------------------
    SLICE_X63Y93         FDRE (Prop_fdre_C_Q)         0.141    -0.447 r  light_sensori/toofast_reg[0]/Q
                         net (fo=2, routed)           0.185    -0.262    light_sensori/toofast[0]
    SLICE_X62Y93         FDRE                                         r  light_sensori/Reading_reg[0]/D
  -------------------------------------------------------------------    -------------------

                         (clock clk_10Mhz_clk_mmcm_wiz rise edge)
                                                      0.000     0.000 r  
    W5                                                0.000     0.000 r  clk (IN)
                         net (fo=0)                   0.000     0.000    clock_geni/clk_mmcm_wizi/inst/clk_in1
    W5                   IBUF (Prop_ibuf_I_O)         0.414     0.414 r  clock_geni/clk_mmcm_wizi/inst/clkin1_ibufg/O
                         net (fo=1, routed)           0.480     0.894    clock_geni/clk_mmcm_wizi/inst/clk_in1_clk_mmcm_wiz
    MMCME2_ADV_X1Y0      MMCME2_ADV (Prop_mmcme2_adv_CLKIN1_CLKOUT0)
                                                     -3.142    -2.248 r  clock_geni/clk_mmcm_wizi/inst/mmcm_adv_inst/CLKOUT0
                         net (fo=1, routed)           0.530    -1.718    clock_geni/clk_mmcm_wizi/inst/clk_10Mhz_clk_mmcm_wiz
    BUFGCTRL_X0Y0        BUFG (Prop_bufg_I_O)         0.029    -1.689 r  clock_geni/clk_mmcm_wizi/inst/clkout1_buf/O
                         net (fo=81, routed)          0.863    -0.826    light_sensori/clk_10Mhz
    SLICE_X62Y93         FDRE                                         r  light_sensori/Reading_reg[0]/C
                         clock pessimism              0.251    -0.575    
                         clock uncertainty            0.149    -0.426    
    SLICE_X62Y93         FDRE (Hold_fdre_C_D)         0.070    -0.356    light_sensori/Reading_reg[0]
  -------------------------------------------------------------------
                         required time                          0.356    
                         arrival time                          -0.262    
  -------------------------------------------------------------------
                         slack                                  0.094    

Slack (MET) :             0.095ns  (arrival time - required time)
  Source:                 light_sensori/FSM_onehot_newstate_reg[2]/C
                            (rising edge-triggered cell FDRE clocked by clk_10Mhz_clk_mmcm_wiz_1  {rise@0.000ns fall@50.000ns period=100.000ns})
  Destination:            light_sensori/sclk_counter_reg[4]/D
                            (rising edge-triggered cell FDRE clocked by clk_10Mhz_clk_mmcm_wiz  {rise@0.000ns fall@50.000ns period=100.000ns})
  Path Group:             clk_10Mhz_clk_mmcm_wiz
  Path Type:              Hold (Min at Fast Process Corner)
  Requirement:            0.000ns  (clk_10Mhz_clk_mmcm_wiz rise@0.000ns - clk_10Mhz_clk_mmcm_wiz_1 rise@0.000ns)
  Data Path Delay:        0.381ns  (logic 0.209ns (54.809%)  route 0.172ns (45.191%))
  Logic Levels:           1  (LUT6=1)
  Clock Path Skew:        0.016ns (DCD - SCD - CPR)
    Destination Clock Delay (DCD):    -0.827ns
    Source Clock Delay      (SCD):    -0.589ns
    Clock Pessimism Removal (CPR):    -0.254ns
  Clock Uncertainty:      0.149ns  ((TSJ^2 + DJ^2)^1/2) / 2 + PE
    Total System Jitter     (TSJ):    0.071ns
    Discrete Jitter          (DJ):    0.290ns
    Phase Error              (PE):    0.000ns
  Clock Domain Crossing:  Inter clock paths are considered valid unless explicitly excluded by timing constraints such as set_clock_groups or set_false_path.

    Location             Delay type                Incr(ns)  Path(ns)    Netlist Resource(s)
  -------------------------------------------------------------------    -------------------
                         (clock clk_10Mhz_clk_mmcm_wiz_1 rise edge)
                                                      0.000     0.000 r  
    W5                                                0.000     0.000 r  clk (IN)
                         net (fo=0)                   0.000     0.000    clock_geni/clk_mmcm_wizi/inst/clk_in1
    W5                   IBUF (Prop_ibuf_I_O)         0.226     0.226 r  clock_geni/clk_mmcm_wizi/inst/clkin1_ibufg/O
                         net (fo=1, routed)           0.440     0.667    clock_geni/clk_mmcm_wizi/inst/clk_in1_clk_mmcm_wiz
    MMCME2_ADV_X1Y0      MMCME2_ADV (Prop_mmcme2_adv_CLKIN1_CLKOUT0)
                                                     -2.360    -1.693 r  clock_geni/clk_mmcm_wizi/inst/mmcm_adv_inst/CLKOUT0
                         net (fo=1, routed)           0.486    -1.207    clock_geni/clk_mmcm_wizi/inst/clk_10Mhz_clk_mmcm_wiz
    BUFGCTRL_X0Y0        BUFG (Prop_bufg_I_O)         0.026    -1.181 r  clock_geni/clk_mmcm_wizi/inst/clkout1_buf/O
                         net (fo=81, routed)          0.592    -0.589    light_sensori/clk_10Mhz
    SLICE_X64Y91         FDRE                                         r  light_sensori/FSM_onehot_newstate_reg[2]/C
  -------------------------------------------------------------------    -------------------
    SLICE_X64Y91         FDRE (Prop_fdre_C_Q)         0.164    -0.425 r  light_sensori/FSM_onehot_newstate_reg[2]/Q
                         net (fo=15, routed)          0.172    -0.253    light_sensori/FSM_onehot_newstate_reg_n_0_[2]
    SLICE_X64Y92         LUT6 (Prop_lut6_I4_O)        0.045    -0.208 r  light_sensori/sclk_counter[4]_i_2/O
                         net (fo=1, routed)           0.000    -0.208    light_sensori/sclk_counter[4]_i_2_n_0
    SLICE_X64Y92         FDRE                                         r  light_sensori/sclk_counter_reg[4]/D
  -------------------------------------------------------------------    -------------------

                         (clock clk_10Mhz_clk_mmcm_wiz rise edge)
                                                      0.000     0.000 r  
    W5                                                0.000     0.000 r  clk (IN)
                         net (fo=0)                   0.000     0.000    clock_geni/clk_mmcm_wizi/inst/clk_in1
    W5                   IBUF (Prop_ibuf_I_O)         0.414     0.414 r  clock_geni/clk_mmcm_wizi/inst/clkin1_ibufg/O
                         net (fo=1, routed)           0.480     0.894    clock_geni/clk_mmcm_wizi/inst/clk_in1_clk_mmcm_wiz
    MMCME2_ADV_X1Y0      MMCME2_ADV (Prop_mmcme2_adv_CLKIN1_CLKOUT0)
                                                     -3.142    -2.248 r  clock_geni/clk_mmcm_wizi/inst/mmcm_adv_inst/CLKOUT0
                         net (fo=1, routed)           0.530    -1.718    clock_geni/clk_mmcm_wizi/inst/clk_10Mhz_clk_mmcm_wiz
    BUFGCTRL_X0Y0        BUFG (Prop_bufg_I_O)         0.029    -1.689 r  clock_geni/clk_mmcm_wizi/inst/clkout1_buf/O
                         net (fo=81, routed)          0.862    -0.827    light_sensori/clk_10Mhz
    SLICE_X64Y92         FDRE                                         r  light_sensori/sclk_counter_reg[4]/C
                         clock pessimism              0.254    -0.573    
                         clock uncertainty            0.149    -0.424    
    SLICE_X64Y92         FDRE (Hold_fdre_C_D)         0.121    -0.303    light_sensori/sclk_counter_reg[4]
  -------------------------------------------------------------------
                         required time                          0.303    
                         arrival time                          -0.208    
  -------------------------------------------------------------------
                         slack                                  0.095    





---------------------------------------------------------------------------------------------------
From Clock:  clk_10Mhz_clk_mmcm_wiz
  To Clock:  clk_10Mhz_clk_mmcm_wiz_1

Setup :            0  Failing Endpoints,  Worst Slack       93.059ns,  Total Violation        0.000ns
Hold  :            0  Failing Endpoints,  Worst Slack        0.058ns,  Total Violation        0.000ns
---------------------------------------------------------------------------------------------------


Max Delay Paths
--------------------------------------------------------------------------------------
Slack (MET) :             93.059ns  (required time - arrival time)
  Source:                 light_sensori/counter_reg[16]/C
                            (rising edge-triggered cell FDRE clocked by clk_10Mhz_clk_mmcm_wiz  {rise@0.000ns fall@50.000ns period=100.000ns})
  Destination:            light_sensori/counter_reg[32]/R
                            (rising edge-triggered cell FDRE clocked by clk_10Mhz_clk_mmcm_wiz_1  {rise@0.000ns fall@50.000ns period=100.000ns})
  Path Group:             clk_10Mhz_clk_mmcm_wiz_1
  Path Type:              Setup (Max at Slow Process Corner)
  Requirement:            100.000ns  (clk_10Mhz_clk_mmcm_wiz_1 rise@100.000ns - clk_10Mhz_clk_mmcm_wiz rise@0.000ns)
  Data Path Delay:        6.243ns  (logic 1.244ns (19.925%)  route 4.999ns (80.075%))
  Logic Levels:           4  (LUT5=2 LUT6=2)
  Clock Path Skew:        -0.024ns (DCD - SCD + CPR)
    Destination Clock Delay (DCD):    -1.487ns = ( 98.513 - 100.000 ) 
    Source Clock Delay      (SCD):    -0.887ns
    Clock Pessimism Removal (CPR):    0.576ns
  Clock Uncertainty:      0.149ns  ((TSJ^2 + DJ^2)^1/2) / 2 + PE
    Total System Jitter     (TSJ):    0.071ns
    Discrete Jitter          (DJ):    0.290ns
    Phase Error              (PE):    0.000ns
  Clock Domain Crossing:  Inter clock paths are considered valid unless explicitly excluded by timing constraints such as set_clock_groups or set_false_path.

    Location             Delay type                Incr(ns)  Path(ns)    Netlist Resource(s)
  -------------------------------------------------------------------    -------------------
                         (clock clk_10Mhz_clk_mmcm_wiz rise edge)
                                                      0.000     0.000 r  
    W5                                                0.000     0.000 r  clk (IN)
                         net (fo=0)                   0.000     0.000    clock_geni/clk_mmcm_wizi/inst/clk_in1
    W5                   IBUF (Prop_ibuf_I_O)         1.458     1.458 r  clock_geni/clk_mmcm_wizi/inst/clkin1_ibufg/O
                         net (fo=1, routed)           1.233     2.691    clock_geni/clk_mmcm_wizi/inst/clk_in1_clk_mmcm_wiz
    MMCME2_ADV_X1Y0      MMCME2_ADV (Prop_mmcme2_adv_CLKIN1_CLKOUT0)
                                                     -6.961    -4.269 r  clock_geni/clk_mmcm_wizi/inst/mmcm_adv_inst/CLKOUT0
                         net (fo=1, routed)           1.661    -2.608    clock_geni/clk_mmcm_wizi/inst/clk_10Mhz_clk_mmcm_wiz
    BUFGCTRL_X0Y0        BUFG (Prop_bufg_I_O)         0.096    -2.512 r  clock_geni/clk_mmcm_wizi/inst/clkout1_buf/O
                         net (fo=81, routed)          1.625    -0.887    light_sensori/clk_10Mhz
    SLICE_X60Y93         FDRE                                         r  light_sensori/counter_reg[16]/C
  -------------------------------------------------------------------    -------------------
    SLICE_X60Y93         FDRE (Prop_fdre_C_Q)         0.518    -0.369 r  light_sensori/counter_reg[16]/Q
                         net (fo=4, routed)           1.234     0.865    light_sensori/counter_reg[16]
    SLICE_X61Y92         LUT6 (Prop_lut6_I3_O)        0.124     0.989 r  light_sensori/Reading[7]_i_11/O
                         net (fo=2, routed)           0.677     1.666    light_sensori/Reading[7]_i_11_n_0
    SLICE_X61Y92         LUT5 (Prop_lut5_I4_O)        0.152     1.818 r  light_sensori/JA3_i_3/O
                         net (fo=3, routed)           0.591     2.409    light_sensori/JA3_i_3_n_0
    SLICE_X59Y91         LUT5 (Prop_lut5_I3_O)        0.326     2.735 f  light_sensori/counter[0]_i_4/O
                         net (fo=1, routed)           0.790     3.525    light_sensori/counter[0]_i_4_n_0
    SLICE_X61Y91         LUT6 (Prop_lut6_I2_O)        0.124     3.649 r  light_sensori/counter[0]_i_1/O
                         net (fo=33, routed)          1.707     5.356    light_sensori/counter0
    SLICE_X60Y97         FDRE                                         r  light_sensori/counter_reg[32]/R
  -------------------------------------------------------------------    -------------------

                         (clock clk_10Mhz_clk_mmcm_wiz_1 rise edge)
                                                    100.000   100.000 r  
    W5                                                0.000   100.000 r  clk (IN)
                         net (fo=0)                   0.000   100.000    clock_geni/clk_mmcm_wizi/inst/clk_in1
    W5                   IBUF (Prop_ibuf_I_O)         1.388   101.388 r  clock_geni/clk_mmcm_wizi/inst/clkin1_ibufg/O
                         net (fo=1, routed)           1.162   102.550    clock_geni/clk_mmcm_wizi/inst/clk_in1_clk_mmcm_wiz
    MMCME2_ADV_X1Y0      MMCME2_ADV (Prop_mmcme2_adv_CLKIN1_CLKOUT0)
                                                     -7.217    95.332 r  clock_geni/clk_mmcm_wizi/inst/mmcm_adv_inst/CLKOUT0
                         net (fo=1, routed)           1.581    96.914    clock_geni/clk_mmcm_wizi/inst/clk_10Mhz_clk_mmcm_wiz
    BUFGCTRL_X0Y0        BUFG (Prop_bufg_I_O)         0.091    97.005 r  clock_geni/clk_mmcm_wizi/inst/clkout1_buf/O
                         net (fo=81, routed)          1.509    98.513    light_sensori/clk_10Mhz
    SLICE_X60Y97         FDRE                                         r  light_sensori/counter_reg[32]/C
                         clock pessimism              0.576    99.089    
                         clock uncertainty           -0.149    98.940    
    SLICE_X60Y97         FDRE (Setup_fdre_C_R)       -0.524    98.416    light_sensori/counter_reg[32]
  -------------------------------------------------------------------
                         required time                         98.416    
                         arrival time                          -5.356    
  -------------------------------------------------------------------
                         slack                                 93.059    

Slack (MET) :             93.197ns  (required time - arrival time)
  Source:                 light_sensori/counter_reg[16]/C
                            (rising edge-triggered cell FDRE clocked by clk_10Mhz_clk_mmcm_wiz  {rise@0.000ns fall@50.000ns period=100.000ns})
  Destination:            light_sensori/counter_reg[28]/R
                            (rising edge-triggered cell FDRE clocked by clk_10Mhz_clk_mmcm_wiz_1  {rise@0.000ns fall@50.000ns period=100.000ns})
  Path Group:             clk_10Mhz_clk_mmcm_wiz_1
  Path Type:              Setup (Max at Slow Process Corner)
  Requirement:            100.000ns  (clk_10Mhz_clk_mmcm_wiz_1 rise@100.000ns - clk_10Mhz_clk_mmcm_wiz rise@0.000ns)
  Data Path Delay:        6.105ns  (logic 1.244ns (20.377%)  route 4.861ns (79.623%))
  Logic Levels:           4  (LUT5=2 LUT6=2)
  Clock Path Skew:        -0.025ns (DCD - SCD + CPR)
    Destination Clock Delay (DCD):    -1.488ns = ( 98.512 - 100.000 ) 
    Source Clock Delay      (SCD):    -0.887ns
    Clock Pessimism Removal (CPR):    0.576ns
  Clock Uncertainty:      0.149ns  ((TSJ^2 + DJ^2)^1/2) / 2 + PE
    Total System Jitter     (TSJ):    0.071ns
    Discrete Jitter          (DJ):    0.290ns
    Phase Error              (PE):    0.000ns
  Clock Domain Crossing:  Inter clock paths are considered valid unless explicitly excluded by timing constraints such as set_clock_groups or set_false_path.

    Location             Delay type                Incr(ns)  Path(ns)    Netlist Resource(s)
  -------------------------------------------------------------------    -------------------
                         (clock clk_10Mhz_clk_mmcm_wiz rise edge)
                                                      0.000     0.000 r  
    W5                                                0.000     0.000 r  clk (IN)
                         net (fo=0)                   0.000     0.000    clock_geni/clk_mmcm_wizi/inst/clk_in1
    W5                   IBUF (Prop_ibuf_I_O)         1.458     1.458 r  clock_geni/clk_mmcm_wizi/inst/clkin1_ibufg/O
                         net (fo=1, routed)           1.233     2.691    clock_geni/clk_mmcm_wizi/inst/clk_in1_clk_mmcm_wiz
    MMCME2_ADV_X1Y0      MMCME2_ADV (Prop_mmcme2_adv_CLKIN1_CLKOUT0)
                                                     -6.961    -4.269 r  clock_geni/clk_mmcm_wizi/inst/mmcm_adv_inst/CLKOUT0
                         net (fo=1, routed)           1.661    -2.608    clock_geni/clk_mmcm_wizi/inst/clk_10Mhz_clk_mmcm_wiz
    BUFGCTRL_X0Y0        BUFG (Prop_bufg_I_O)         0.096    -2.512 r  clock_geni/clk_mmcm_wizi/inst/clkout1_buf/O
                         net (fo=81, routed)          1.625    -0.887    light_sensori/clk_10Mhz
    SLICE_X60Y93         FDRE                                         r  light_sensori/counter_reg[16]/C
  -------------------------------------------------------------------    -------------------
    SLICE_X60Y93         FDRE (Prop_fdre_C_Q)         0.518    -0.369 r  light_sensori/counter_reg[16]/Q
                         net (fo=4, routed)           1.234     0.865    light_sensori/counter_reg[16]
    SLICE_X61Y92         LUT6 (Prop_lut6_I3_O)        0.124     0.989 r  light_sensori/Reading[7]_i_11/O
                         net (fo=2, routed)           0.677     1.666    light_sensori/Reading[7]_i_11_n_0
    SLICE_X61Y92         LUT5 (Prop_lut5_I4_O)        0.152     1.818 r  light_sensori/JA3_i_3/O
                         net (fo=3, routed)           0.591     2.409    light_sensori/JA3_i_3_n_0
    SLICE_X59Y91         LUT5 (Prop_lut5_I3_O)        0.326     2.735 f  light_sensori/counter[0]_i_4/O
                         net (fo=1, routed)           0.790     3.525    light_sensori/counter[0]_i_4_n_0
    SLICE_X61Y91         LUT6 (Prop_lut6_I2_O)        0.124     3.649 r  light_sensori/counter[0]_i_1/O
                         net (fo=33, routed)          1.569     5.218    light_sensori/counter0
    SLICE_X60Y96         FDRE                                         r  light_sensori/counter_reg[28]/R
  -------------------------------------------------------------------    -------------------

                         (clock clk_10Mhz_clk_mmcm_wiz_1 rise edge)
                                                    100.000   100.000 r  
    W5                                                0.000   100.000 r  clk (IN)
                         net (fo=0)                   0.000   100.000    clock_geni/clk_mmcm_wizi/inst/clk_in1
    W5                   IBUF (Prop_ibuf_I_O)         1.388   101.388 r  clock_geni/clk_mmcm_wizi/inst/clkin1_ibufg/O
                         net (fo=1, routed)           1.162   102.550    clock_geni/clk_mmcm_wizi/inst/clk_in1_clk_mmcm_wiz
    MMCME2_ADV_X1Y0      MMCME2_ADV (Prop_mmcme2_adv_CLKIN1_CLKOUT0)
                                                     -7.217    95.332 r  clock_geni/clk_mmcm_wizi/inst/mmcm_adv_inst/CLKOUT0
                         net (fo=1, routed)           1.581    96.914    clock_geni/clk_mmcm_wizi/inst/clk_10Mhz_clk_mmcm_wiz
    BUFGCTRL_X0Y0        BUFG (Prop_bufg_I_O)         0.091    97.005 r  clock_geni/clk_mmcm_wizi/inst/clkout1_buf/O
                         net (fo=81, routed)          1.508    98.512    light_sensori/clk_10Mhz
    SLICE_X60Y96         FDRE                                         r  light_sensori/counter_reg[28]/C
                         clock pessimism              0.576    99.088    
                         clock uncertainty           -0.149    98.939    
    SLICE_X60Y96         FDRE (Setup_fdre_C_R)       -0.524    98.415    light_sensori/counter_reg[28]
  -------------------------------------------------------------------
                         required time                         98.415    
                         arrival time                          -5.218    
  -------------------------------------------------------------------
                         slack                                 93.197    

Slack (MET) :             93.197ns  (required time - arrival time)
  Source:                 light_sensori/counter_reg[16]/C
                            (rising edge-triggered cell FDRE clocked by clk_10Mhz_clk_mmcm_wiz  {rise@0.000ns fall@50.000ns period=100.000ns})
  Destination:            light_sensori/counter_reg[29]/R
                            (rising edge-triggered cell FDRE clocked by clk_10Mhz_clk_mmcm_wiz_1  {rise@0.000ns fall@50.000ns period=100.000ns})
  Path Group:             clk_10Mhz_clk_mmcm_wiz_1
  Path Type:              Setup (Max at Slow Process Corner)
  Requirement:            100.000ns  (clk_10Mhz_clk_mmcm_wiz_1 rise@100.000ns - clk_10Mhz_clk_mmcm_wiz rise@0.000ns)
  Data Path Delay:        6.105ns  (logic 1.244ns (20.377%)  route 4.861ns (79.623%))
  Logic Levels:           4  (LUT5=2 LUT6=2)
  Clock Path Skew:        -0.025ns (DCD - SCD + CPR)
    Destination Clock Delay (DCD):    -1.488ns = ( 98.512 - 100.000 ) 
    Source Clock Delay      (SCD):    -0.887ns
    Clock Pessimism Removal (CPR):    0.576ns
  Clock Uncertainty:      0.149ns  ((TSJ^2 + DJ^2)^1/2) / 2 + PE
    Total System Jitter     (TSJ):    0.071ns
    Discrete Jitter          (DJ):    0.290ns
    Phase Error              (PE):    0.000ns
  Clock Domain Crossing:  Inter clock paths are considered valid unless explicitly excluded by timing constraints such as set_clock_groups or set_false_path.

    Location             Delay type                Incr(ns)  Path(ns)    Netlist Resource(s)
  -------------------------------------------------------------------    -------------------
                         (clock clk_10Mhz_clk_mmcm_wiz rise edge)
                                                      0.000     0.000 r  
    W5                                                0.000     0.000 r  clk (IN)
                         net (fo=0)                   0.000     0.000    clock_geni/clk_mmcm_wizi/inst/clk_in1
    W5                   IBUF (Prop_ibuf_I_O)         1.458     1.458 r  clock_geni/clk_mmcm_wizi/inst/clkin1_ibufg/O
                         net (fo=1, routed)           1.233     2.691    clock_geni/clk_mmcm_wizi/inst/clk_in1_clk_mmcm_wiz
    MMCME2_ADV_X1Y0      MMCME2_ADV (Prop_mmcme2_adv_CLKIN1_CLKOUT0)
                                                     -6.961    -4.269 r  clock_geni/clk_mmcm_wizi/inst/mmcm_adv_inst/CLKOUT0
                         net (fo=1, routed)           1.661    -2.608    clock_geni/clk_mmcm_wizi/inst/clk_10Mhz_clk_mmcm_wiz
    BUFGCTRL_X0Y0        BUFG (Prop_bufg_I_O)         0.096    -2.512 r  clock_geni/clk_mmcm_wizi/inst/clkout1_buf/O
                         net (fo=81, routed)          1.625    -0.887    light_sensori/clk_10Mhz
    SLICE_X60Y93         FDRE                                         r  light_sensori/counter_reg[16]/C
  -------------------------------------------------------------------    -------------------
    SLICE_X60Y93         FDRE (Prop_fdre_C_Q)         0.518    -0.369 r  light_sensori/counter_reg[16]/Q
                         net (fo=4, routed)           1.234     0.865    light_sensori/counter_reg[16]
    SLICE_X61Y92         LUT6 (Prop_lut6_I3_O)        0.124     0.989 r  light_sensori/Reading[7]_i_11/O
                         net (fo=2, routed)           0.677     1.666    light_sensori/Reading[7]_i_11_n_0
    SLICE_X61Y92         LUT5 (Prop_lut5_I4_O)        0.152     1.818 r  light_sensori/JA3_i_3/O
                         net (fo=3, routed)           0.591     2.409    light_sensori/JA3_i_3_n_0
    SLICE_X59Y91         LUT5 (Prop_lut5_I3_O)        0.326     2.735 f  light_sensori/counter[0]_i_4/O
                         net (fo=1, routed)           0.790     3.525    light_sensori/counter[0]_i_4_n_0
    SLICE_X61Y91         LUT6 (Prop_lut6_I2_O)        0.124     3.649 r  light_sensori/counter[0]_i_1/O
                         net (fo=33, routed)          1.569     5.218    light_sensori/counter0
    SLICE_X60Y96         FDRE                                         r  light_sensori/counter_reg[29]/R
  -------------------------------------------------------------------    -------------------

                         (clock clk_10Mhz_clk_mmcm_wiz_1 rise edge)
                                                    100.000   100.000 r  
    W5                                                0.000   100.000 r  clk (IN)
                         net (fo=0)                   0.000   100.000    clock_geni/clk_mmcm_wizi/inst/clk_in1
    W5                   IBUF (Prop_ibuf_I_O)         1.388   101.388 r  clock_geni/clk_mmcm_wizi/inst/clkin1_ibufg/O
                         net (fo=1, routed)           1.162   102.550    clock_geni/clk_mmcm_wizi/inst/clk_in1_clk_mmcm_wiz
    MMCME2_ADV_X1Y0      MMCME2_ADV (Prop_mmcme2_adv_CLKIN1_CLKOUT0)
                                                     -7.217    95.332 r  clock_geni/clk_mmcm_wizi/inst/mmcm_adv_inst/CLKOUT0
                         net (fo=1, routed)           1.581    96.914    clock_geni/clk_mmcm_wizi/inst/clk_10Mhz_clk_mmcm_wiz
    BUFGCTRL_X0Y0        BUFG (Prop_bufg_I_O)         0.091    97.005 r  clock_geni/clk_mmcm_wizi/inst/clkout1_buf/O
                         net (fo=81, routed)          1.508    98.512    light_sensori/clk_10Mhz
    SLICE_X60Y96         FDRE                                         r  light_sensori/counter_reg[29]/C
                         clock pessimism              0.576    99.088    
                         clock uncertainty           -0.149    98.939    
    SLICE_X60Y96         FDRE (Setup_fdre_C_R)       -0.524    98.415    light_sensori/counter_reg[29]
  -------------------------------------------------------------------
                         required time                         98.415    
                         arrival time                          -5.218    
  -------------------------------------------------------------------
                         slack                                 93.197    

Slack (MET) :             93.197ns  (required time - arrival time)
  Source:                 light_sensori/counter_reg[16]/C
                            (rising edge-triggered cell FDRE clocked by clk_10Mhz_clk_mmcm_wiz  {rise@0.000ns fall@50.000ns period=100.000ns})
  Destination:            light_sensori/counter_reg[30]/R
                            (rising edge-triggered cell FDRE clocked by clk_10Mhz_clk_mmcm_wiz_1  {rise@0.000ns fall@50.000ns period=100.000ns})
  Path Group:             clk_10Mhz_clk_mmcm_wiz_1
  Path Type:              Setup (Max at Slow Process Corner)
  Requirement:            100.000ns  (clk_10Mhz_clk_mmcm_wiz_1 rise@100.000ns - clk_10Mhz_clk_mmcm_wiz rise@0.000ns)
  Data Path Delay:        6.105ns  (logic 1.244ns (20.377%)  route 4.861ns (79.623%))
  Logic Levels:           4  (LUT5=2 LUT6=2)
  Clock Path Skew:        -0.025ns (DCD - SCD + CPR)
    Destination Clock Delay (DCD):    -1.488ns = ( 98.512 - 100.000 ) 
    Source Clock Delay      (SCD):    -0.887ns
    Clock Pessimism Removal (CPR):    0.576ns
  Clock Uncertainty:      0.149ns  ((TSJ^2 + DJ^2)^1/2) / 2 + PE
    Total System Jitter     (TSJ):    0.071ns
    Discrete Jitter          (DJ):    0.290ns
    Phase Error              (PE):    0.000ns
  Clock Domain Crossing:  Inter clock paths are considered valid unless explicitly excluded by timing constraints such as set_clock_groups or set_false_path.

    Location             Delay type                Incr(ns)  Path(ns)    Netlist Resource(s)
  -------------------------------------------------------------------    -------------------
                         (clock clk_10Mhz_clk_mmcm_wiz rise edge)
                                                      0.000     0.000 r  
    W5                                                0.000     0.000 r  clk (IN)
                         net (fo=0)                   0.000     0.000    clock_geni/clk_mmcm_wizi/inst/clk_in1
    W5                   IBUF (Prop_ibuf_I_O)         1.458     1.458 r  clock_geni/clk_mmcm_wizi/inst/clkin1_ibufg/O
                         net (fo=1, routed)           1.233     2.691    clock_geni/clk_mmcm_wizi/inst/clk_in1_clk_mmcm_wiz
    MMCME2_ADV_X1Y0      MMCME2_ADV (Prop_mmcme2_adv_CLKIN1_CLKOUT0)
                                                     -6.961    -4.269 r  clock_geni/clk_mmcm_wizi/inst/mmcm_adv_inst/CLKOUT0
                         net (fo=1, routed)           1.661    -2.608    clock_geni/clk_mmcm_wizi/inst/clk_10Mhz_clk_mmcm_wiz
    BUFGCTRL_X0Y0        BUFG (Prop_bufg_I_O)         0.096    -2.512 r  clock_geni/clk_mmcm_wizi/inst/clkout1_buf/O
                         net (fo=81, routed)          1.625    -0.887    light_sensori/clk_10Mhz
    SLICE_X60Y93         FDRE                                         r  light_sensori/counter_reg[16]/C
  -------------------------------------------------------------------    -------------------
    SLICE_X60Y93         FDRE (Prop_fdre_C_Q)         0.518    -0.369 r  light_sensori/counter_reg[16]/Q
                         net (fo=4, routed)           1.234     0.865    light_sensori/counter_reg[16]
    SLICE_X61Y92         LUT6 (Prop_lut6_I3_O)        0.124     0.989 r  light_sensori/Reading[7]_i_11/O
                         net (fo=2, routed)           0.677     1.666    light_sensori/Reading[7]_i_11_n_0
    SLICE_X61Y92         LUT5 (Prop_lut5_I4_O)        0.152     1.818 r  light_sensori/JA3_i_3/O
                         net (fo=3, routed)           0.591     2.409    light_sensori/JA3_i_3_n_0
    SLICE_X59Y91         LUT5 (Prop_lut5_I3_O)        0.326     2.735 f  light_sensori/counter[0]_i_4/O
                         net (fo=1, routed)           0.790     3.525    light_sensori/counter[0]_i_4_n_0
    SLICE_X61Y91         LUT6 (Prop_lut6_I2_O)        0.124     3.649 r  light_sensori/counter[0]_i_1/O
                         net (fo=33, routed)          1.569     5.218    light_sensori/counter0
    SLICE_X60Y96         FDRE                                         r  light_sensori/counter_reg[30]/R
  -------------------------------------------------------------------    -------------------

                         (clock clk_10Mhz_clk_mmcm_wiz_1 rise edge)
                                                    100.000   100.000 r  
    W5                                                0.000   100.000 r  clk (IN)
                         net (fo=0)                   0.000   100.000    clock_geni/clk_mmcm_wizi/inst/clk_in1
    W5                   IBUF (Prop_ibuf_I_O)         1.388   101.388 r  clock_geni/clk_mmcm_wizi/inst/clkin1_ibufg/O
                         net (fo=1, routed)           1.162   102.550    clock_geni/clk_mmcm_wizi/inst/clk_in1_clk_mmcm_wiz
    MMCME2_ADV_X1Y0      MMCME2_ADV (Prop_mmcme2_adv_CLKIN1_CLKOUT0)
                                                     -7.217    95.332 r  clock_geni/clk_mmcm_wizi/inst/mmcm_adv_inst/CLKOUT0
                         net (fo=1, routed)           1.581    96.914    clock_geni/clk_mmcm_wizi/inst/clk_10Mhz_clk_mmcm_wiz
    BUFGCTRL_X0Y0        BUFG (Prop_bufg_I_O)         0.091    97.005 r  clock_geni/clk_mmcm_wizi/inst/clkout1_buf/O
                         net (fo=81, routed)          1.508    98.512    light_sensori/clk_10Mhz
    SLICE_X60Y96         FDRE                                         r  light_sensori/counter_reg[30]/C
                         clock pessimism              0.576    99.088    
                         clock uncertainty           -0.149    98.939    
    SLICE_X60Y96         FDRE (Setup_fdre_C_R)       -0.524    98.415    light_sensori/counter_reg[30]
  -------------------------------------------------------------------
                         required time                         98.415    
                         arrival time                          -5.218    
  -------------------------------------------------------------------
                         slack                                 93.197    

Slack (MET) :             93.197ns  (required time - arrival time)
  Source:                 light_sensori/counter_reg[16]/C
                            (rising edge-triggered cell FDRE clocked by clk_10Mhz_clk_mmcm_wiz  {rise@0.000ns fall@50.000ns period=100.000ns})
  Destination:            light_sensori/counter_reg[31]/R
                            (rising edge-triggered cell FDRE clocked by clk_10Mhz_clk_mmcm_wiz_1  {rise@0.000ns fall@50.000ns period=100.000ns})
  Path Group:             clk_10Mhz_clk_mmcm_wiz_1
  Path Type:              Setup (Max at Slow Process Corner)
  Requirement:            100.000ns  (clk_10Mhz_clk_mmcm_wiz_1 rise@100.000ns - clk_10Mhz_clk_mmcm_wiz rise@0.000ns)
  Data Path Delay:        6.105ns  (logic 1.244ns (20.377%)  route 4.861ns (79.623%))
  Logic Levels:           4  (LUT5=2 LUT6=2)
  Clock Path Skew:        -0.025ns (DCD - SCD + CPR)
    Destination Clock Delay (DCD):    -1.488ns = ( 98.512 - 100.000 ) 
    Source Clock Delay      (SCD):    -0.887ns
    Clock Pessimism Removal (CPR):    0.576ns
  Clock Uncertainty:      0.149ns  ((TSJ^2 + DJ^2)^1/2) / 2 + PE
    Total System Jitter     (TSJ):    0.071ns
    Discrete Jitter          (DJ):    0.290ns
    Phase Error              (PE):    0.000ns
  Clock Domain Crossing:  Inter clock paths are considered valid unless explicitly excluded by timing constraints such as set_clock_groups or set_false_path.

    Location             Delay type                Incr(ns)  Path(ns)    Netlist Resource(s)
  -------------------------------------------------------------------    -------------------
                         (clock clk_10Mhz_clk_mmcm_wiz rise edge)
                                                      0.000     0.000 r  
    W5                                                0.000     0.000 r  clk (IN)
                         net (fo=0)                   0.000     0.000    clock_geni/clk_mmcm_wizi/inst/clk_in1
    W5                   IBUF (Prop_ibuf_I_O)         1.458     1.458 r  clock_geni/clk_mmcm_wizi/inst/clkin1_ibufg/O
                         net (fo=1, routed)           1.233     2.691    clock_geni/clk_mmcm_wizi/inst/clk_in1_clk_mmcm_wiz
    MMCME2_ADV_X1Y0      MMCME2_ADV (Prop_mmcme2_adv_CLKIN1_CLKOUT0)
                                                     -6.961    -4.269 r  clock_geni/clk_mmcm_wizi/inst/mmcm_adv_inst/CLKOUT0
                         net (fo=1, routed)           1.661    -2.608    clock_geni/clk_mmcm_wizi/inst/clk_10Mhz_clk_mmcm_wiz
    BUFGCTRL_X0Y0        BUFG (Prop_bufg_I_O)         0.096    -2.512 r  clock_geni/clk_mmcm_wizi/inst/clkout1_buf/O
                         net (fo=81, routed)          1.625    -0.887    light_sensori/clk_10Mhz
    SLICE_X60Y93         FDRE                                         r  light_sensori/counter_reg[16]/C
  -------------------------------------------------------------------    -------------------
    SLICE_X60Y93         FDRE (Prop_fdre_C_Q)         0.518    -0.369 r  light_sensori/counter_reg[16]/Q
                         net (fo=4, routed)           1.234     0.865    light_sensori/counter_reg[16]
    SLICE_X61Y92         LUT6 (Prop_lut6_I3_O)        0.124     0.989 r  light_sensori/Reading[7]_i_11/O
                         net (fo=2, routed)           0.677     1.666    light_sensori/Reading[7]_i_11_n_0
    SLICE_X61Y92         LUT5 (Prop_lut5_I4_O)        0.152     1.818 r  light_sensori/JA3_i_3/O
                         net (fo=3, routed)           0.591     2.409    light_sensori/JA3_i_3_n_0
    SLICE_X59Y91         LUT5 (Prop_lut5_I3_O)        0.326     2.735 f  light_sensori/counter[0]_i_4/O
                         net (fo=1, routed)           0.790     3.525    light_sensori/counter[0]_i_4_n_0
    SLICE_X61Y91         LUT6 (Prop_lut6_I2_O)        0.124     3.649 r  light_sensori/counter[0]_i_1/O
                         net (fo=33, routed)          1.569     5.218    light_sensori/counter0
    SLICE_X60Y96         FDRE                                         r  light_sensori/counter_reg[31]/R
  -------------------------------------------------------------------    -------------------

                         (clock clk_10Mhz_clk_mmcm_wiz_1 rise edge)
                                                    100.000   100.000 r  
    W5                                                0.000   100.000 r  clk (IN)
                         net (fo=0)                   0.000   100.000    clock_geni/clk_mmcm_wizi/inst/clk_in1
    W5                   IBUF (Prop_ibuf_I_O)         1.388   101.388 r  clock_geni/clk_mmcm_wizi/inst/clkin1_ibufg/O
                         net (fo=1, routed)           1.162   102.550    clock_geni/clk_mmcm_wizi/inst/clk_in1_clk_mmcm_wiz
    MMCME2_ADV_X1Y0      MMCME2_ADV (Prop_mmcme2_adv_CLKIN1_CLKOUT0)
                                                     -7.217    95.332 r  clock_geni/clk_mmcm_wizi/inst/mmcm_adv_inst/CLKOUT0
                         net (fo=1, routed)           1.581    96.914    clock_geni/clk_mmcm_wizi/inst/clk_10Mhz_clk_mmcm_wiz
    BUFGCTRL_X0Y0        BUFG (Prop_bufg_I_O)         0.091    97.005 r  clock_geni/clk_mmcm_wizi/inst/clkout1_buf/O
                         net (fo=81, routed)          1.508    98.512    light_sensori/clk_10Mhz
    SLICE_X60Y96         FDRE                                         r  light_sensori/counter_reg[31]/C
                         clock pessimism              0.576    99.088    
                         clock uncertainty           -0.149    98.939    
    SLICE_X60Y96         FDRE (Setup_fdre_C_R)       -0.524    98.415    light_sensori/counter_reg[31]
  -------------------------------------------------------------------
                         required time                         98.415    
                         arrival time                          -5.218    
  -------------------------------------------------------------------
                         slack                                 93.197    

Slack (MET) :             93.345ns  (required time - arrival time)
  Source:                 light_sensori/counter_reg[16]/C
                            (rising edge-triggered cell FDRE clocked by clk_10Mhz_clk_mmcm_wiz  {rise@0.000ns fall@50.000ns period=100.000ns})
  Destination:            light_sensori/counter_reg[24]/R
                            (rising edge-triggered cell FDRE clocked by clk_10Mhz_clk_mmcm_wiz_1  {rise@0.000ns fall@50.000ns period=100.000ns})
  Path Group:             clk_10Mhz_clk_mmcm_wiz_1
  Path Type:              Setup (Max at Slow Process Corner)
  Requirement:            100.000ns  (clk_10Mhz_clk_mmcm_wiz_1 rise@100.000ns - clk_10Mhz_clk_mmcm_wiz rise@0.000ns)
  Data Path Delay:        5.957ns  (logic 1.244ns (20.884%)  route 4.713ns (79.116%))
  Logic Levels:           4  (LUT5=2 LUT6=2)
  Clock Path Skew:        -0.025ns (DCD - SCD + CPR)
    Destination Clock Delay (DCD):    -1.488ns = ( 98.512 - 100.000 ) 
    Source Clock Delay      (SCD):    -0.887ns
    Clock Pessimism Removal (CPR):    0.576ns
  Clock Uncertainty:      0.149ns  ((TSJ^2 + DJ^2)^1/2) / 2 + PE
    Total System Jitter     (TSJ):    0.071ns
    Discrete Jitter          (DJ):    0.290ns
    Phase Error              (PE):    0.000ns
  Clock Domain Crossing:  Inter clock paths are considered valid unless explicitly excluded by timing constraints such as set_clock_groups or set_false_path.

    Location             Delay type                Incr(ns)  Path(ns)    Netlist Resource(s)
  -------------------------------------------------------------------    -------------------
                         (clock clk_10Mhz_clk_mmcm_wiz rise edge)
                                                      0.000     0.000 r  
    W5                                                0.000     0.000 r  clk (IN)
                         net (fo=0)                   0.000     0.000    clock_geni/clk_mmcm_wizi/inst/clk_in1
    W5                   IBUF (Prop_ibuf_I_O)         1.458     1.458 r  clock_geni/clk_mmcm_wizi/inst/clkin1_ibufg/O
                         net (fo=1, routed)           1.233     2.691    clock_geni/clk_mmcm_wizi/inst/clk_in1_clk_mmcm_wiz
    MMCME2_ADV_X1Y0      MMCME2_ADV (Prop_mmcme2_adv_CLKIN1_CLKOUT0)
                                                     -6.961    -4.269 r  clock_geni/clk_mmcm_wizi/inst/mmcm_adv_inst/CLKOUT0
                         net (fo=1, routed)           1.661    -2.608    clock_geni/clk_mmcm_wizi/inst/clk_10Mhz_clk_mmcm_wiz
    BUFGCTRL_X0Y0        BUFG (Prop_bufg_I_O)         0.096    -2.512 r  clock_geni/clk_mmcm_wizi/inst/clkout1_buf/O
                         net (fo=81, routed)          1.625    -0.887    light_sensori/clk_10Mhz
    SLICE_X60Y93         FDRE                                         r  light_sensori/counter_reg[16]/C
  -------------------------------------------------------------------    -------------------
    SLICE_X60Y93         FDRE (Prop_fdre_C_Q)         0.518    -0.369 r  light_sensori/counter_reg[16]/Q
                         net (fo=4, routed)           1.234     0.865    light_sensori/counter_reg[16]
    SLICE_X61Y92         LUT6 (Prop_lut6_I3_O)        0.124     0.989 r  light_sensori/Reading[7]_i_11/O
                         net (fo=2, routed)           0.677     1.666    light_sensori/Reading[7]_i_11_n_0
    SLICE_X61Y92         LUT5 (Prop_lut5_I4_O)        0.152     1.818 r  light_sensori/JA3_i_3/O
                         net (fo=3, routed)           0.591     2.409    light_sensori/JA3_i_3_n_0
    SLICE_X59Y91         LUT5 (Prop_lut5_I3_O)        0.326     2.735 f  light_sensori/counter[0]_i_4/O
                         net (fo=1, routed)           0.790     3.525    light_sensori/counter[0]_i_4_n_0
    SLICE_X61Y91         LUT6 (Prop_lut6_I2_O)        0.124     3.649 r  light_sensori/counter[0]_i_1/O
                         net (fo=33, routed)          1.420     5.070    light_sensori/counter0
    SLICE_X60Y95         FDRE                                         r  light_sensori/counter_reg[24]/R
  -------------------------------------------------------------------    -------------------

                         (clock clk_10Mhz_clk_mmcm_wiz_1 rise edge)
                                                    100.000   100.000 r  
    W5                                                0.000   100.000 r  clk (IN)
                         net (fo=0)                   0.000   100.000    clock_geni/clk_mmcm_wizi/inst/clk_in1
    W5                   IBUF (Prop_ibuf_I_O)         1.388   101.388 r  clock_geni/clk_mmcm_wizi/inst/clkin1_ibufg/O
                         net (fo=1, routed)           1.162   102.550    clock_geni/clk_mmcm_wizi/inst/clk_in1_clk_mmcm_wiz
    MMCME2_ADV_X1Y0      MMCME2_ADV (Prop_mmcme2_adv_CLKIN1_CLKOUT0)
                                                     -7.217    95.332 r  clock_geni/clk_mmcm_wizi/inst/mmcm_adv_inst/CLKOUT0
                         net (fo=1, routed)           1.581    96.914    clock_geni/clk_mmcm_wizi/inst/clk_10Mhz_clk_mmcm_wiz
    BUFGCTRL_X0Y0        BUFG (Prop_bufg_I_O)         0.091    97.005 r  clock_geni/clk_mmcm_wizi/inst/clkout1_buf/O
                         net (fo=81, routed)          1.508    98.512    light_sensori/clk_10Mhz
    SLICE_X60Y95         FDRE                                         r  light_sensori/counter_reg[24]/C
                         clock pessimism              0.576    99.088    
                         clock uncertainty           -0.149    98.939    
    SLICE_X60Y95         FDRE (Setup_fdre_C_R)       -0.524    98.415    light_sensori/counter_reg[24]
  -------------------------------------------------------------------
                         required time                         98.415    
                         arrival time                          -5.070    
  -------------------------------------------------------------------
                         slack                                 93.345    

Slack (MET) :             93.345ns  (required time - arrival time)
  Source:                 light_sensori/counter_reg[16]/C
                            (rising edge-triggered cell FDRE clocked by clk_10Mhz_clk_mmcm_wiz  {rise@0.000ns fall@50.000ns period=100.000ns})
  Destination:            light_sensori/counter_reg[25]/R
                            (rising edge-triggered cell FDRE clocked by clk_10Mhz_clk_mmcm_wiz_1  {rise@0.000ns fall@50.000ns period=100.000ns})
  Path Group:             clk_10Mhz_clk_mmcm_wiz_1
  Path Type:              Setup (Max at Slow Process Corner)
  Requirement:            100.000ns  (clk_10Mhz_clk_mmcm_wiz_1 rise@100.000ns - clk_10Mhz_clk_mmcm_wiz rise@0.000ns)
  Data Path Delay:        5.957ns  (logic 1.244ns (20.884%)  route 4.713ns (79.116%))
  Logic Levels:           4  (LUT5=2 LUT6=2)
  Clock Path Skew:        -0.025ns (DCD - SCD + CPR)
    Destination Clock Delay (DCD):    -1.488ns = ( 98.512 - 100.000 ) 
    Source Clock Delay      (SCD):    -0.887ns
    Clock Pessimism Removal (CPR):    0.576ns
  Clock Uncertainty:      0.149ns  ((TSJ^2 + DJ^2)^1/2) / 2 + PE
    Total System Jitter     (TSJ):    0.071ns
    Discrete Jitter          (DJ):    0.290ns
    Phase Error              (PE):    0.000ns
  Clock Domain Crossing:  Inter clock paths are considered valid unless explicitly excluded by timing constraints such as set_clock_groups or set_false_path.

    Location             Delay type                Incr(ns)  Path(ns)    Netlist Resource(s)
  -------------------------------------------------------------------    -------------------
                         (clock clk_10Mhz_clk_mmcm_wiz rise edge)
                                                      0.000     0.000 r  
    W5                                                0.000     0.000 r  clk (IN)
                         net (fo=0)                   0.000     0.000    clock_geni/clk_mmcm_wizi/inst/clk_in1
    W5                   IBUF (Prop_ibuf_I_O)         1.458     1.458 r  clock_geni/clk_mmcm_wizi/inst/clkin1_ibufg/O
                         net (fo=1, routed)           1.233     2.691    clock_geni/clk_mmcm_wizi/inst/clk_in1_clk_mmcm_wiz
    MMCME2_ADV_X1Y0      MMCME2_ADV (Prop_mmcme2_adv_CLKIN1_CLKOUT0)
                                                     -6.961    -4.269 r  clock_geni/clk_mmcm_wizi/inst/mmcm_adv_inst/CLKOUT0
                         net (fo=1, routed)           1.661    -2.608    clock_geni/clk_mmcm_wizi/inst/clk_10Mhz_clk_mmcm_wiz
    BUFGCTRL_X0Y0        BUFG (Prop_bufg_I_O)         0.096    -2.512 r  clock_geni/clk_mmcm_wizi/inst/clkout1_buf/O
                         net (fo=81, routed)          1.625    -0.887    light_sensori/clk_10Mhz
    SLICE_X60Y93         FDRE                                         r  light_sensori/counter_reg[16]/C
  -------------------------------------------------------------------    -------------------
    SLICE_X60Y93         FDRE (Prop_fdre_C_Q)         0.518    -0.369 r  light_sensori/counter_reg[16]/Q
                         net (fo=4, routed)           1.234     0.865    light_sensori/counter_reg[16]
    SLICE_X61Y92         LUT6 (Prop_lut6_I3_O)        0.124     0.989 r  light_sensori/Reading[7]_i_11/O
                         net (fo=2, routed)           0.677     1.666    light_sensori/Reading[7]_i_11_n_0
    SLICE_X61Y92         LUT5 (Prop_lut5_I4_O)        0.152     1.818 r  light_sensori/JA3_i_3/O
                         net (fo=3, routed)           0.591     2.409    light_sensori/JA3_i_3_n_0
    SLICE_X59Y91         LUT5 (Prop_lut5_I3_O)        0.326     2.735 f  light_sensori/counter[0]_i_4/O
                         net (fo=1, routed)           0.790     3.525    light_sensori/counter[0]_i_4_n_0
    SLICE_X61Y91         LUT6 (Prop_lut6_I2_O)        0.124     3.649 r  light_sensori/counter[0]_i_1/O
                         net (fo=33, routed)          1.420     5.070    light_sensori/counter0
    SLICE_X60Y95         FDRE                                         r  light_sensori/counter_reg[25]/R
  -------------------------------------------------------------------    -------------------

                         (clock clk_10Mhz_clk_mmcm_wiz_1 rise edge)
                                                    100.000   100.000 r  
    W5                                                0.000   100.000 r  clk (IN)
                         net (fo=0)                   0.000   100.000    clock_geni/clk_mmcm_wizi/inst/clk_in1
    W5                   IBUF (Prop_ibuf_I_O)         1.388   101.388 r  clock_geni/clk_mmcm_wizi/inst/clkin1_ibufg/O
                         net (fo=1, routed)           1.162   102.550    clock_geni/clk_mmcm_wizi/inst/clk_in1_clk_mmcm_wiz
    MMCME2_ADV_X1Y0      MMCME2_ADV (Prop_mmcme2_adv_CLKIN1_CLKOUT0)
                                                     -7.217    95.332 r  clock_geni/clk_mmcm_wizi/inst/mmcm_adv_inst/CLKOUT0
                         net (fo=1, routed)           1.581    96.914    clock_geni/clk_mmcm_wizi/inst/clk_10Mhz_clk_mmcm_wiz
    BUFGCTRL_X0Y0        BUFG (Prop_bufg_I_O)         0.091    97.005 r  clock_geni/clk_mmcm_wizi/inst/clkout1_buf/O
                         net (fo=81, routed)          1.508    98.512    light_sensori/clk_10Mhz
    SLICE_X60Y95         FDRE                                         r  light_sensori/counter_reg[25]/C
                         clock pessimism              0.576    99.088    
                         clock uncertainty           -0.149    98.939    
    SLICE_X60Y95         FDRE (Setup_fdre_C_R)       -0.524    98.415    light_sensori/counter_reg[25]
  -------------------------------------------------------------------
                         required time                         98.415    
                         arrival time                          -5.070    
  -------------------------------------------------------------------
                         slack                                 93.345    

Slack (MET) :             93.345ns  (required time - arrival time)
  Source:                 light_sensori/counter_reg[16]/C
                            (rising edge-triggered cell FDRE clocked by clk_10Mhz_clk_mmcm_wiz  {rise@0.000ns fall@50.000ns period=100.000ns})
  Destination:            light_sensori/counter_reg[26]/R
                            (rising edge-triggered cell FDRE clocked by clk_10Mhz_clk_mmcm_wiz_1  {rise@0.000ns fall@50.000ns period=100.000ns})
  Path Group:             clk_10Mhz_clk_mmcm_wiz_1
  Path Type:              Setup (Max at Slow Process Corner)
  Requirement:            100.000ns  (clk_10Mhz_clk_mmcm_wiz_1 rise@100.000ns - clk_10Mhz_clk_mmcm_wiz rise@0.000ns)
  Data Path Delay:        5.957ns  (logic 1.244ns (20.884%)  route 4.713ns (79.116%))
  Logic Levels:           4  (LUT5=2 LUT6=2)
  Clock Path Skew:        -0.025ns (DCD - SCD + CPR)
    Destination Clock Delay (DCD):    -1.488ns = ( 98.512 - 100.000 ) 
    Source Clock Delay      (SCD):    -0.887ns
    Clock Pessimism Removal (CPR):    0.576ns
  Clock Uncertainty:      0.149ns  ((TSJ^2 + DJ^2)^1/2) / 2 + PE
    Total System Jitter     (TSJ):    0.071ns
    Discrete Jitter          (DJ):    0.290ns
    Phase Error              (PE):    0.000ns
  Clock Domain Crossing:  Inter clock paths are considered valid unless explicitly excluded by timing constraints such as set_clock_groups or set_false_path.

    Location             Delay type                Incr(ns)  Path(ns)    Netlist Resource(s)
  -------------------------------------------------------------------    -------------------
                         (clock clk_10Mhz_clk_mmcm_wiz rise edge)
                                                      0.000     0.000 r  
    W5                                                0.000     0.000 r  clk (IN)
                         net (fo=0)                   0.000     0.000    clock_geni/clk_mmcm_wizi/inst/clk_in1
    W5                   IBUF (Prop_ibuf_I_O)         1.458     1.458 r  clock_geni/clk_mmcm_wizi/inst/clkin1_ibufg/O
                         net (fo=1, routed)           1.233     2.691    clock_geni/clk_mmcm_wizi/inst/clk_in1_clk_mmcm_wiz
    MMCME2_ADV_X1Y0      MMCME2_ADV (Prop_mmcme2_adv_CLKIN1_CLKOUT0)
                                                     -6.961    -4.269 r  clock_geni/clk_mmcm_wizi/inst/mmcm_adv_inst/CLKOUT0
                         net (fo=1, routed)           1.661    -2.608    clock_geni/clk_mmcm_wizi/inst/clk_10Mhz_clk_mmcm_wiz
    BUFGCTRL_X0Y0        BUFG (Prop_bufg_I_O)         0.096    -2.512 r  clock_geni/clk_mmcm_wizi/inst/clkout1_buf/O
                         net (fo=81, routed)          1.625    -0.887    light_sensori/clk_10Mhz
    SLICE_X60Y93         FDRE                                         r  light_sensori/counter_reg[16]/C
  -------------------------------------------------------------------    -------------------
    SLICE_X60Y93         FDRE (Prop_fdre_C_Q)         0.518    -0.369 r  light_sensori/counter_reg[16]/Q
                         net (fo=4, routed)           1.234     0.865    light_sensori/counter_reg[16]
    SLICE_X61Y92         LUT6 (Prop_lut6_I3_O)        0.124     0.989 r  light_sensori/Reading[7]_i_11/O
                         net (fo=2, routed)           0.677     1.666    light_sensori/Reading[7]_i_11_n_0
    SLICE_X61Y92         LUT5 (Prop_lut5_I4_O)        0.152     1.818 r  light_sensori/JA3_i_3/O
                         net (fo=3, routed)           0.591     2.409    light_sensori/JA3_i_3_n_0
    SLICE_X59Y91         LUT5 (Prop_lut5_I3_O)        0.326     2.735 f  light_sensori/counter[0]_i_4/O
                         net (fo=1, routed)           0.790     3.525    light_sensori/counter[0]_i_4_n_0
    SLICE_X61Y91         LUT6 (Prop_lut6_I2_O)        0.124     3.649 r  light_sensori/counter[0]_i_1/O
                         net (fo=33, routed)          1.420     5.070    light_sensori/counter0
    SLICE_X60Y95         FDRE                                         r  light_sensori/counter_reg[26]/R
  -------------------------------------------------------------------    -------------------

                         (clock clk_10Mhz_clk_mmcm_wiz_1 rise edge)
                                                    100.000   100.000 r  
    W5                                                0.000   100.000 r  clk (IN)
                         net (fo=0)                   0.000   100.000    clock_geni/clk_mmcm_wizi/inst/clk_in1
    W5                   IBUF (Prop_ibuf_I_O)         1.388   101.388 r  clock_geni/clk_mmcm_wizi/inst/clkin1_ibufg/O
                         net (fo=1, routed)           1.162   102.550    clock_geni/clk_mmcm_wizi/inst/clk_in1_clk_mmcm_wiz
    MMCME2_ADV_X1Y0      MMCME2_ADV (Prop_mmcme2_adv_CLKIN1_CLKOUT0)
                                                     -7.217    95.332 r  clock_geni/clk_mmcm_wizi/inst/mmcm_adv_inst/CLKOUT0
                         net (fo=1, routed)           1.581    96.914    clock_geni/clk_mmcm_wizi/inst/clk_10Mhz_clk_mmcm_wiz
    BUFGCTRL_X0Y0        BUFG (Prop_bufg_I_O)         0.091    97.005 r  clock_geni/clk_mmcm_wizi/inst/clkout1_buf/O
                         net (fo=81, routed)          1.508    98.512    light_sensori/clk_10Mhz
    SLICE_X60Y95         FDRE                                         r  light_sensori/counter_reg[26]/C
                         clock pessimism              0.576    99.088    
                         clock uncertainty           -0.149    98.939    
    SLICE_X60Y95         FDRE (Setup_fdre_C_R)       -0.524    98.415    light_sensori/counter_reg[26]
  -------------------------------------------------------------------
                         required time                         98.415    
                         arrival time                          -5.070    
  -------------------------------------------------------------------
                         slack                                 93.345    

Slack (MET) :             93.345ns  (required time - arrival time)
  Source:                 light_sensori/counter_reg[16]/C
                            (rising edge-triggered cell FDRE clocked by clk_10Mhz_clk_mmcm_wiz  {rise@0.000ns fall@50.000ns period=100.000ns})
  Destination:            light_sensori/counter_reg[27]/R
                            (rising edge-triggered cell FDRE clocked by clk_10Mhz_clk_mmcm_wiz_1  {rise@0.000ns fall@50.000ns period=100.000ns})
  Path Group:             clk_10Mhz_clk_mmcm_wiz_1
  Path Type:              Setup (Max at Slow Process Corner)
  Requirement:            100.000ns  (clk_10Mhz_clk_mmcm_wiz_1 rise@100.000ns - clk_10Mhz_clk_mmcm_wiz rise@0.000ns)
  Data Path Delay:        5.957ns  (logic 1.244ns (20.884%)  route 4.713ns (79.116%))
  Logic Levels:           4  (LUT5=2 LUT6=2)
  Clock Path Skew:        -0.025ns (DCD - SCD + CPR)
    Destination Clock Delay (DCD):    -1.488ns = ( 98.512 - 100.000 ) 
    Source Clock Delay      (SCD):    -0.887ns
    Clock Pessimism Removal (CPR):    0.576ns
  Clock Uncertainty:      0.149ns  ((TSJ^2 + DJ^2)^1/2) / 2 + PE
    Total System Jitter     (TSJ):    0.071ns
    Discrete Jitter          (DJ):    0.290ns
    Phase Error              (PE):    0.000ns
  Clock Domain Crossing:  Inter clock paths are considered valid unless explicitly excluded by timing constraints such as set_clock_groups or set_false_path.

    Location             Delay type                Incr(ns)  Path(ns)    Netlist Resource(s)
  -------------------------------------------------------------------    -------------------
                         (clock clk_10Mhz_clk_mmcm_wiz rise edge)
                                                      0.000     0.000 r  
    W5                                                0.000     0.000 r  clk (IN)
                         net (fo=0)                   0.000     0.000    clock_geni/clk_mmcm_wizi/inst/clk_in1
    W5                   IBUF (Prop_ibuf_I_O)         1.458     1.458 r  clock_geni/clk_mmcm_wizi/inst/clkin1_ibufg/O
                         net (fo=1, routed)           1.233     2.691    clock_geni/clk_mmcm_wizi/inst/clk_in1_clk_mmcm_wiz
    MMCME2_ADV_X1Y0      MMCME2_ADV (Prop_mmcme2_adv_CLKIN1_CLKOUT0)
                                                     -6.961    -4.269 r  clock_geni/clk_mmcm_wizi/inst/mmcm_adv_inst/CLKOUT0
                         net (fo=1, routed)           1.661    -2.608    clock_geni/clk_mmcm_wizi/inst/clk_10Mhz_clk_mmcm_wiz
    BUFGCTRL_X0Y0        BUFG (Prop_bufg_I_O)         0.096    -2.512 r  clock_geni/clk_mmcm_wizi/inst/clkout1_buf/O
                         net (fo=81, routed)          1.625    -0.887    light_sensori/clk_10Mhz
    SLICE_X60Y93         FDRE                                         r  light_sensori/counter_reg[16]/C
  -------------------------------------------------------------------    -------------------
    SLICE_X60Y93         FDRE (Prop_fdre_C_Q)         0.518    -0.369 r  light_sensori/counter_reg[16]/Q
                         net (fo=4, routed)           1.234     0.865    light_sensori/counter_reg[16]
    SLICE_X61Y92         LUT6 (Prop_lut6_I3_O)        0.124     0.989 r  light_sensori/Reading[7]_i_11/O
                         net (fo=2, routed)           0.677     1.666    light_sensori/Reading[7]_i_11_n_0
    SLICE_X61Y92         LUT5 (Prop_lut5_I4_O)        0.152     1.818 r  light_sensori/JA3_i_3/O
                         net (fo=3, routed)           0.591     2.409    light_sensori/JA3_i_3_n_0
    SLICE_X59Y91         LUT5 (Prop_lut5_I3_O)        0.326     2.735 f  light_sensori/counter[0]_i_4/O
                         net (fo=1, routed)           0.790     3.525    light_sensori/counter[0]_i_4_n_0
    SLICE_X61Y91         LUT6 (Prop_lut6_I2_O)        0.124     3.649 r  light_sensori/counter[0]_i_1/O
                         net (fo=33, routed)          1.420     5.070    light_sensori/counter0
    SLICE_X60Y95         FDRE                                         r  light_sensori/counter_reg[27]/R
  -------------------------------------------------------------------    -------------------

                         (clock clk_10Mhz_clk_mmcm_wiz_1 rise edge)
                                                    100.000   100.000 r  
    W5                                                0.000   100.000 r  clk (IN)
                         net (fo=0)                   0.000   100.000    clock_geni/clk_mmcm_wizi/inst/clk_in1
    W5                   IBUF (Prop_ibuf_I_O)         1.388   101.388 r  clock_geni/clk_mmcm_wizi/inst/clkin1_ibufg/O
                         net (fo=1, routed)           1.162   102.550    clock_geni/clk_mmcm_wizi/inst/clk_in1_clk_mmcm_wiz
    MMCME2_ADV_X1Y0      MMCME2_ADV (Prop_mmcme2_adv_CLKIN1_CLKOUT0)
                                                     -7.217    95.332 r  clock_geni/clk_mmcm_wizi/inst/mmcm_adv_inst/CLKOUT0
                         net (fo=1, routed)           1.581    96.914    clock_geni/clk_mmcm_wizi/inst/clk_10Mhz_clk_mmcm_wiz
    BUFGCTRL_X0Y0        BUFG (Prop_bufg_I_O)         0.091    97.005 r  clock_geni/clk_mmcm_wizi/inst/clkout1_buf/O
                         net (fo=81, routed)          1.508    98.512    light_sensori/clk_10Mhz
    SLICE_X60Y95         FDRE                                         r  light_sensori/counter_reg[27]/C
                         clock pessimism              0.576    99.088    
                         clock uncertainty           -0.149    98.939    
    SLICE_X60Y95         FDRE (Setup_fdre_C_R)       -0.524    98.415    light_sensori/counter_reg[27]
  -------------------------------------------------------------------
                         required time                         98.415    
                         arrival time                          -5.070    
  -------------------------------------------------------------------
                         slack                                 93.345    

Slack (MET) :             93.493ns  (required time - arrival time)
  Source:                 light_sensori/counter_reg[16]/C
                            (rising edge-triggered cell FDRE clocked by clk_10Mhz_clk_mmcm_wiz  {rise@0.000ns fall@50.000ns period=100.000ns})
  Destination:            light_sensori/counter_reg[20]/R
                            (rising edge-triggered cell FDRE clocked by clk_10Mhz_clk_mmcm_wiz_1  {rise@0.000ns fall@50.000ns period=100.000ns})
  Path Group:             clk_10Mhz_clk_mmcm_wiz_1
  Path Type:              Setup (Max at Slow Process Corner)
  Requirement:            100.000ns  (clk_10Mhz_clk_mmcm_wiz_1 rise@100.000ns - clk_10Mhz_clk_mmcm_wiz rise@0.000ns)
  Data Path Delay:        5.808ns  (logic 1.244ns (21.418%)  route 4.564ns (78.582%))
  Logic Levels:           4  (LUT5=2 LUT6=2)
  Clock Path Skew:        -0.025ns (DCD - SCD + CPR)
    Destination Clock Delay (DCD):    -1.488ns = ( 98.512 - 100.000 ) 
    Source Clock Delay      (SCD):    -0.887ns
    Clock Pessimism Removal (CPR):    0.576ns
  Clock Uncertainty:      0.149ns  ((TSJ^2 + DJ^2)^1/2) / 2 + PE
    Total System Jitter     (TSJ):    0.071ns
    Discrete Jitter          (DJ):    0.290ns
    Phase Error              (PE):    0.000ns
  Clock Domain Crossing:  Inter clock paths are considered valid unless explicitly excluded by timing constraints such as set_clock_groups or set_false_path.

    Location             Delay type                Incr(ns)  Path(ns)    Netlist Resource(s)
  -------------------------------------------------------------------    -------------------
                         (clock clk_10Mhz_clk_mmcm_wiz rise edge)
                                                      0.000     0.000 r  
    W5                                                0.000     0.000 r  clk (IN)
                         net (fo=0)                   0.000     0.000    clock_geni/clk_mmcm_wizi/inst/clk_in1
    W5                   IBUF (Prop_ibuf_I_O)         1.458     1.458 r  clock_geni/clk_mmcm_wizi/inst/clkin1_ibufg/O
                         net (fo=1, routed)           1.233     2.691    clock_geni/clk_mmcm_wizi/inst/clk_in1_clk_mmcm_wiz
    MMCME2_ADV_X1Y0      MMCME2_ADV (Prop_mmcme2_adv_CLKIN1_CLKOUT0)
                                                     -6.961    -4.269 r  clock_geni/clk_mmcm_wizi/inst/mmcm_adv_inst/CLKOUT0
                         net (fo=1, routed)           1.661    -2.608    clock_geni/clk_mmcm_wizi/inst/clk_10Mhz_clk_mmcm_wiz
    BUFGCTRL_X0Y0        BUFG (Prop_bufg_I_O)         0.096    -2.512 r  clock_geni/clk_mmcm_wizi/inst/clkout1_buf/O
                         net (fo=81, routed)          1.625    -0.887    light_sensori/clk_10Mhz
    SLICE_X60Y93         FDRE                                         r  light_sensori/counter_reg[16]/C
  -------------------------------------------------------------------    -------------------
    SLICE_X60Y93         FDRE (Prop_fdre_C_Q)         0.518    -0.369 r  light_sensori/counter_reg[16]/Q
                         net (fo=4, routed)           1.234     0.865    light_sensori/counter_reg[16]
    SLICE_X61Y92         LUT6 (Prop_lut6_I3_O)        0.124     0.989 r  light_sensori/Reading[7]_i_11/O
                         net (fo=2, routed)           0.677     1.666    light_sensori/Reading[7]_i_11_n_0
    SLICE_X61Y92         LUT5 (Prop_lut5_I4_O)        0.152     1.818 r  light_sensori/JA3_i_3/O
                         net (fo=3, routed)           0.591     2.409    light_sensori/JA3_i_3_n_0
    SLICE_X59Y91         LUT5 (Prop_lut5_I3_O)        0.326     2.735 f  light_sensori/counter[0]_i_4/O
                         net (fo=1, routed)           0.790     3.525    light_sensori/counter[0]_i_4_n_0
    SLICE_X61Y91         LUT6 (Prop_lut6_I2_O)        0.124     3.649 r  light_sensori/counter[0]_i_1/O
                         net (fo=33, routed)          1.272     4.921    light_sensori/counter0
    SLICE_X60Y94         FDRE                                         r  light_sensori/counter_reg[20]/R
  -------------------------------------------------------------------    -------------------

                         (clock clk_10Mhz_clk_mmcm_wiz_1 rise edge)
                                                    100.000   100.000 r  
    W5                                                0.000   100.000 r  clk (IN)
                         net (fo=0)                   0.000   100.000    clock_geni/clk_mmcm_wizi/inst/clk_in1
    W5                   IBUF (Prop_ibuf_I_O)         1.388   101.388 r  clock_geni/clk_mmcm_wizi/inst/clkin1_ibufg/O
                         net (fo=1, routed)           1.162   102.550    clock_geni/clk_mmcm_wizi/inst/clk_in1_clk_mmcm_wiz
    MMCME2_ADV_X1Y0      MMCME2_ADV (Prop_mmcme2_adv_CLKIN1_CLKOUT0)
                                                     -7.217    95.332 r  clock_geni/clk_mmcm_wizi/inst/mmcm_adv_inst/CLKOUT0
                         net (fo=1, routed)           1.581    96.914    clock_geni/clk_mmcm_wizi/inst/clk_10Mhz_clk_mmcm_wiz
    BUFGCTRL_X0Y0        BUFG (Prop_bufg_I_O)         0.091    97.005 r  clock_geni/clk_mmcm_wizi/inst/clkout1_buf/O
                         net (fo=81, routed)          1.508    98.512    light_sensori/clk_10Mhz
    SLICE_X60Y94         FDRE                                         r  light_sensori/counter_reg[20]/C
                         clock pessimism              0.576    99.088    
                         clock uncertainty           -0.149    98.939    
    SLICE_X60Y94         FDRE (Setup_fdre_C_R)       -0.524    98.415    light_sensori/counter_reg[20]
  -------------------------------------------------------------------
                         required time                         98.415    
                         arrival time                          -4.921    
  -------------------------------------------------------------------
                         slack                                 93.493    





Min Delay Paths
--------------------------------------------------------------------------------------
Slack (MET) :             0.058ns  (arrival time - required time)
  Source:                 light_sensori/toofast_reg[0]/C
                            (rising edge-triggered cell FDRE clocked by clk_10Mhz_clk_mmcm_wiz  {rise@0.000ns fall@50.000ns period=100.000ns})
  Destination:            light_sensori/toofast_reg[1]/D
                            (rising edge-triggered cell FDRE clocked by clk_10Mhz_clk_mmcm_wiz_1  {rise@0.000ns fall@50.000ns period=100.000ns})
  Path Group:             clk_10Mhz_clk_mmcm_wiz_1
  Path Type:              Hold (Min at Fast Process Corner)
  Requirement:            0.000ns  (clk_10Mhz_clk_mmcm_wiz_1 rise@0.000ns - clk_10Mhz_clk_mmcm_wiz rise@0.000ns)
  Data Path Delay:        0.254ns  (logic 0.141ns (55.503%)  route 0.113ns (44.497%))
  Logic Levels:           0  
  Clock Path Skew:        0.000ns (DCD - SCD - CPR)
    Destination Clock Delay (DCD):    -0.826ns
    Source Clock Delay      (SCD):    -0.588ns
    Clock Pessimism Removal (CPR):    -0.238ns
  Clock Uncertainty:      0.149ns  ((TSJ^2 + DJ^2)^1/2) / 2 + PE
    Total System Jitter     (TSJ):    0.071ns
    Discrete Jitter          (DJ):    0.290ns
    Phase Error              (PE):    0.000ns
  Clock Domain Crossing:  Inter clock paths are considered valid unless explicitly excluded by timing constraints such as set_clock_groups or set_false_path.

    Location             Delay type                Incr(ns)  Path(ns)    Netlist Resource(s)
  -------------------------------------------------------------------    -------------------
                         (clock clk_10Mhz_clk_mmcm_wiz rise edge)
                                                      0.000     0.000 r  
    W5                                                0.000     0.000 r  clk (IN)
                         net (fo=0)                   0.000     0.000    clock_geni/clk_mmcm_wizi/inst/clk_in1
    W5                   IBUF (Prop_ibuf_I_O)         0.226     0.226 r  clock_geni/clk_mmcm_wizi/inst/clkin1_ibufg/O
                         net (fo=1, routed)           0.440     0.667    clock_geni/clk_mmcm_wizi/inst/clk_in1_clk_mmcm_wiz
    MMCME2_ADV_X1Y0      MMCME2_ADV (Prop_mmcme2_adv_CLKIN1_CLKOUT0)
                                                     -2.360    -1.693 r  clock_geni/clk_mmcm_wizi/inst/mmcm_adv_inst/CLKOUT0
                         net (fo=1, routed)           0.486    -1.207    clock_geni/clk_mmcm_wizi/inst/clk_10Mhz_clk_mmcm_wiz
    BUFGCTRL_X0Y0        BUFG (Prop_bufg_I_O)         0.026    -1.181 r  clock_geni/clk_mmcm_wizi/inst/clkout1_buf/O
                         net (fo=81, routed)          0.593    -0.588    light_sensori/clk_10Mhz
    SLICE_X63Y93         FDRE                                         r  light_sensori/toofast_reg[0]/C
  -------------------------------------------------------------------    -------------------
    SLICE_X63Y93         FDRE (Prop_fdre_C_Q)         0.141    -0.447 r  light_sensori/toofast_reg[0]/Q
                         net (fo=2, routed)           0.113    -0.334    light_sensori/toofast[0]
    SLICE_X63Y93         FDRE                                         r  light_sensori/toofast_reg[1]/D
  -------------------------------------------------------------------    -------------------

                         (clock clk_10Mhz_clk_mmcm_wiz_1 rise edge)
                                                      0.000     0.000 r  
    W5                                                0.000     0.000 r  clk (IN)
                         net (fo=0)                   0.000     0.000    clock_geni/clk_mmcm_wizi/inst/clk_in1
    W5                   IBUF (Prop_ibuf_I_O)         0.414     0.414 r  clock_geni/clk_mmcm_wizi/inst/clkin1_ibufg/O
                         net (fo=1, routed)           0.480     0.894    clock_geni/clk_mmcm_wizi/inst/clk_in1_clk_mmcm_wiz
    MMCME2_ADV_X1Y0      MMCME2_ADV (Prop_mmcme2_adv_CLKIN1_CLKOUT0)
                                                     -3.142    -2.248 r  clock_geni/clk_mmcm_wizi/inst/mmcm_adv_inst/CLKOUT0
                         net (fo=1, routed)           0.530    -1.718    clock_geni/clk_mmcm_wizi/inst/clk_10Mhz_clk_mmcm_wiz
    BUFGCTRL_X0Y0        BUFG (Prop_bufg_I_O)         0.029    -1.689 r  clock_geni/clk_mmcm_wizi/inst/clkout1_buf/O
                         net (fo=81, routed)          0.863    -0.826    light_sensori/clk_10Mhz
    SLICE_X63Y93         FDRE                                         r  light_sensori/toofast_reg[1]/C
                         clock pessimism              0.238    -0.588    
                         clock uncertainty            0.149    -0.439    
    SLICE_X63Y93         FDRE (Hold_fdre_C_D)         0.047    -0.392    light_sensori/toofast_reg[1]
  -------------------------------------------------------------------
                         required time                          0.392    
                         arrival time                          -0.334    
  -------------------------------------------------------------------
                         slack                                  0.058    

Slack (MET) :             0.063ns  (arrival time - required time)
  Source:                 light_sensori/toofast_reg[3]/C
                            (rising edge-triggered cell FDRE clocked by clk_10Mhz_clk_mmcm_wiz  {rise@0.000ns fall@50.000ns period=100.000ns})
  Destination:            light_sensori/Reading_reg[3]/D
                            (rising edge-triggered cell FDRE clocked by clk_10Mhz_clk_mmcm_wiz_1  {rise@0.000ns fall@50.000ns period=100.000ns})
  Path Group:             clk_10Mhz_clk_mmcm_wiz_1
  Path Type:              Hold (Min at Fast Process Corner)
  Requirement:            0.000ns  (clk_10Mhz_clk_mmcm_wiz_1 rise@0.000ns - clk_10Mhz_clk_mmcm_wiz rise@0.000ns)
  Data Path Delay:        0.273ns  (logic 0.141ns (51.656%)  route 0.132ns (48.344%))
  Logic Levels:           0  
  Clock Path Skew:        0.013ns (DCD - SCD - CPR)
    Destination Clock Delay (DCD):    -0.826ns
    Source Clock Delay      (SCD):    -0.588ns
    Clock Pessimism Removal (CPR):    -0.251ns
  Clock Uncertainty:      0.149ns  ((TSJ^2 + DJ^2)^1/2) / 2 + PE
    Total System Jitter     (TSJ):    0.071ns
    Discrete Jitter          (DJ):    0.290ns
    Phase Error              (PE):    0.000ns
  Clock Domain Crossing:  Inter clock paths are considered valid unless explicitly excluded by timing constraints such as set_clock_groups or set_false_path.

    Location             Delay type                Incr(ns)  Path(ns)    Netlist Resource(s)
  -------------------------------------------------------------------    -------------------
                         (clock clk_10Mhz_clk_mmcm_wiz rise edge)
                                                      0.000     0.000 r  
    W5                                                0.000     0.000 r  clk (IN)
                         net (fo=0)                   0.000     0.000    clock_geni/clk_mmcm_wizi/inst/clk_in1
    W5                   IBUF (Prop_ibuf_I_O)         0.226     0.226 r  clock_geni/clk_mmcm_wizi/inst/clkin1_ibufg/O
                         net (fo=1, routed)           0.440     0.667    clock_geni/clk_mmcm_wizi/inst/clk_in1_clk_mmcm_wiz
    MMCME2_ADV_X1Y0      MMCME2_ADV (Prop_mmcme2_adv_CLKIN1_CLKOUT0)
                                                     -2.360    -1.693 r  clock_geni/clk_mmcm_wizi/inst/mmcm_adv_inst/CLKOUT0
                         net (fo=1, routed)           0.486    -1.207    clock_geni/clk_mmcm_wizi/inst/clk_10Mhz_clk_mmcm_wiz
    BUFGCTRL_X0Y0        BUFG (Prop_bufg_I_O)         0.026    -1.181 r  clock_geni/clk_mmcm_wizi/inst/clkout1_buf/O
                         net (fo=81, routed)          0.593    -0.588    light_sensori/clk_10Mhz
    SLICE_X63Y93         FDRE                                         r  light_sensori/toofast_reg[3]/C
  -------------------------------------------------------------------    -------------------
    SLICE_X63Y93         FDRE (Prop_fdre_C_Q)         0.141    -0.447 r  light_sensori/toofast_reg[3]/Q
                         net (fo=2, routed)           0.132    -0.315    light_sensori/toofast[3]
    SLICE_X62Y93         FDRE                                         r  light_sensori/Reading_reg[3]/D
  -------------------------------------------------------------------    -------------------

                         (clock clk_10Mhz_clk_mmcm_wiz_1 rise edge)
                                                      0.000     0.000 r  
    W5                                                0.000     0.000 r  clk (IN)
                         net (fo=0)                   0.000     0.000    clock_geni/clk_mmcm_wizi/inst/clk_in1
    W5                   IBUF (Prop_ibuf_I_O)         0.414     0.414 r  clock_geni/clk_mmcm_wizi/inst/clkin1_ibufg/O
                         net (fo=1, routed)           0.480     0.894    clock_geni/clk_mmcm_wizi/inst/clk_in1_clk_mmcm_wiz
    MMCME2_ADV_X1Y0      MMCME2_ADV (Prop_mmcme2_adv_CLKIN1_CLKOUT0)
                                                     -3.142    -2.248 r  clock_geni/clk_mmcm_wizi/inst/mmcm_adv_inst/CLKOUT0
                         net (fo=1, routed)           0.530    -1.718    clock_geni/clk_mmcm_wizi/inst/clk_10Mhz_clk_mmcm_wiz
    BUFGCTRL_X0Y0        BUFG (Prop_bufg_I_O)         0.029    -1.689 r  clock_geni/clk_mmcm_wizi/inst/clkout1_buf/O
                         net (fo=81, routed)          0.863    -0.826    light_sensori/clk_10Mhz
    SLICE_X62Y93         FDRE                                         r  light_sensori/Reading_reg[3]/C
                         clock pessimism              0.251    -0.575    
                         clock uncertainty            0.149    -0.426    
    SLICE_X62Y93         FDRE (Hold_fdre_C_D)         0.047    -0.379    light_sensori/Reading_reg[3]
  -------------------------------------------------------------------
                         required time                          0.379    
                         arrival time                          -0.315    
  -------------------------------------------------------------------
                         slack                                  0.063    

Slack (MET) :             0.069ns  (arrival time - required time)
  Source:                 light_sensori/toofast_reg[1]/C
                            (rising edge-triggered cell FDRE clocked by clk_10Mhz_clk_mmcm_wiz  {rise@0.000ns fall@50.000ns period=100.000ns})
  Destination:            light_sensori/Reading_reg[1]/D
                            (rising edge-triggered cell FDRE clocked by clk_10Mhz_clk_mmcm_wiz_1  {rise@0.000ns fall@50.000ns period=100.000ns})
  Path Group:             clk_10Mhz_clk_mmcm_wiz_1
  Path Type:              Hold (Min at Fast Process Corner)
  Requirement:            0.000ns  (clk_10Mhz_clk_mmcm_wiz_1 rise@0.000ns - clk_10Mhz_clk_mmcm_wiz rise@0.000ns)
  Data Path Delay:        0.290ns  (logic 0.141ns (48.596%)  route 0.149ns (51.404%))
  Logic Levels:           0  
  Clock Path Skew:        0.013ns (DCD - SCD - CPR)
    Destination Clock Delay (DCD):    -0.826ns
    Source Clock Delay      (SCD):    -0.588ns
    Clock Pessimism Removal (CPR):    -0.251ns
  Clock Uncertainty:      0.149ns  ((TSJ^2 + DJ^2)^1/2) / 2 + PE
    Total System Jitter     (TSJ):    0.071ns
    Discrete Jitter          (DJ):    0.290ns
    Phase Error              (PE):    0.000ns
  Clock Domain Crossing:  Inter clock paths are considered valid unless explicitly excluded by timing constraints such as set_clock_groups or set_false_path.

    Location             Delay type                Incr(ns)  Path(ns)    Netlist Resource(s)
  -------------------------------------------------------------------    -------------------
                         (clock clk_10Mhz_clk_mmcm_wiz rise edge)
                                                      0.000     0.000 r  
    W5                                                0.000     0.000 r  clk (IN)
                         net (fo=0)                   0.000     0.000    clock_geni/clk_mmcm_wizi/inst/clk_in1
    W5                   IBUF (Prop_ibuf_I_O)         0.226     0.226 r  clock_geni/clk_mmcm_wizi/inst/clkin1_ibufg/O
                         net (fo=1, routed)           0.440     0.667    clock_geni/clk_mmcm_wizi/inst/clk_in1_clk_mmcm_wiz
    MMCME2_ADV_X1Y0      MMCME2_ADV (Prop_mmcme2_adv_CLKIN1_CLKOUT0)
                                                     -2.360    -1.693 r  clock_geni/clk_mmcm_wizi/inst/mmcm_adv_inst/CLKOUT0
                         net (fo=1, routed)           0.486    -1.207    clock_geni/clk_mmcm_wizi/inst/clk_10Mhz_clk_mmcm_wiz
    BUFGCTRL_X0Y0        BUFG (Prop_bufg_I_O)         0.026    -1.181 r  clock_geni/clk_mmcm_wizi/inst/clkout1_buf/O
                         net (fo=81, routed)          0.593    -0.588    light_sensori/clk_10Mhz
    SLICE_X63Y93         FDRE                                         r  light_sensori/toofast_reg[1]/C
  -------------------------------------------------------------------    -------------------
    SLICE_X63Y93         FDRE (Prop_fdre_C_Q)         0.141    -0.447 r  light_sensori/toofast_reg[1]/Q
                         net (fo=2, routed)           0.149    -0.298    light_sensori/toofast[1]
    SLICE_X62Y93         FDRE                                         r  light_sensori/Reading_reg[1]/D
  -------------------------------------------------------------------    -------------------

                         (clock clk_10Mhz_clk_mmcm_wiz_1 rise edge)
                                                      0.000     0.000 r  
    W5                                                0.000     0.000 r  clk (IN)
                         net (fo=0)                   0.000     0.000    clock_geni/clk_mmcm_wizi/inst/clk_in1
    W5                   IBUF (Prop_ibuf_I_O)         0.414     0.414 r  clock_geni/clk_mmcm_wizi/inst/clkin1_ibufg/O
                         net (fo=1, routed)           0.480     0.894    clock_geni/clk_mmcm_wizi/inst/clk_in1_clk_mmcm_wiz
    MMCME2_ADV_X1Y0      MMCME2_ADV (Prop_mmcme2_adv_CLKIN1_CLKOUT0)
                                                     -3.142    -2.248 r  clock_geni/clk_mmcm_wizi/inst/mmcm_adv_inst/CLKOUT0
                         net (fo=1, routed)           0.530    -1.718    clock_geni/clk_mmcm_wizi/inst/clk_10Mhz_clk_mmcm_wiz
    BUFGCTRL_X0Y0        BUFG (Prop_bufg_I_O)         0.029    -1.689 r  clock_geni/clk_mmcm_wizi/inst/clkout1_buf/O
                         net (fo=81, routed)          0.863    -0.826    light_sensori/clk_10Mhz
    SLICE_X62Y93         FDRE                                         r  light_sensori/Reading_reg[1]/C
                         clock pessimism              0.251    -0.575    
                         clock uncertainty            0.149    -0.426    
    SLICE_X62Y93         FDRE (Hold_fdre_C_D)         0.059    -0.367    light_sensori/Reading_reg[1]
  -------------------------------------------------------------------
                         required time                          0.367    
                         arrival time                          -0.298    
  -------------------------------------------------------------------
                         slack                                  0.069    

Slack (MET) :             0.072ns  (arrival time - required time)
  Source:                 seven_seg_segi/select_reg[3]/C
                            (rising edge-triggered cell FDCE clocked by clk_10Mhz_clk_mmcm_wiz  {rise@0.000ns fall@50.000ns period=100.000ns})
  Destination:            seven_seg_segi/select_reg[0]/D
                            (rising edge-triggered cell FDPE clocked by clk_10Mhz_clk_mmcm_wiz_1  {rise@0.000ns fall@50.000ns period=100.000ns})
  Path Group:             clk_10Mhz_clk_mmcm_wiz_1
  Path Type:              Hold (Min at Fast Process Corner)
  Requirement:            0.000ns  (clk_10Mhz_clk_mmcm_wiz_1 rise@0.000ns - clk_10Mhz_clk_mmcm_wiz rise@0.000ns)
  Data Path Delay:        0.292ns  (logic 0.141ns (48.304%)  route 0.151ns (51.696%))
  Logic Levels:           0  
  Clock Path Skew:        0.000ns (DCD - SCD - CPR)
    Destination Clock Delay (DCD):    -0.827ns
    Source Clock Delay      (SCD):    -0.589ns
    Clock Pessimism Removal (CPR):    -0.238ns
  Clock Uncertainty:      0.149ns  ((TSJ^2 + DJ^2)^1/2) / 2 + PE
    Total System Jitter     (TSJ):    0.071ns
    Discrete Jitter          (DJ):    0.290ns
    Phase Error              (PE):    0.000ns
  Clock Domain Crossing:  Inter clock paths are considered valid unless explicitly excluded by timing constraints such as set_clock_groups or set_false_path.

    Location             Delay type                Incr(ns)  Path(ns)    Netlist Resource(s)
  -------------------------------------------------------------------    -------------------
                         (clock clk_10Mhz_clk_mmcm_wiz rise edge)
                                                      0.000     0.000 r  
    W5                                                0.000     0.000 r  clk (IN)
                         net (fo=0)                   0.000     0.000    clock_geni/clk_mmcm_wizi/inst/clk_in1
    W5                   IBUF (Prop_ibuf_I_O)         0.226     0.226 r  clock_geni/clk_mmcm_wizi/inst/clkin1_ibufg/O
                         net (fo=1, routed)           0.440     0.667    clock_geni/clk_mmcm_wizi/inst/clk_in1_clk_mmcm_wiz
    MMCME2_ADV_X1Y0      MMCME2_ADV (Prop_mmcme2_adv_CLKIN1_CLKOUT0)
                                                     -2.360    -1.693 r  clock_geni/clk_mmcm_wizi/inst/mmcm_adv_inst/CLKOUT0
                         net (fo=1, routed)           0.486    -1.207    clock_geni/clk_mmcm_wizi/inst/clk_10Mhz_clk_mmcm_wiz
    BUFGCTRL_X0Y0        BUFG (Prop_bufg_I_O)         0.026    -1.181 r  clock_geni/clk_mmcm_wizi/inst/clkout1_buf/O
                         net (fo=81, routed)          0.592    -0.589    seven_seg_segi/CLK
    SLICE_X62Y92         FDCE                                         r  seven_seg_segi/select_reg[3]/C
  -------------------------------------------------------------------    -------------------
    SLICE_X62Y92         FDCE (Prop_fdce_C_Q)         0.141    -0.448 r  seven_seg_segi/select_reg[3]/Q
                         net (fo=5, routed)           0.151    -0.297    seven_seg_segi/select_reg_n_0_[3]
    SLICE_X62Y92         FDPE                                         r  seven_seg_segi/select_reg[0]/D
  -------------------------------------------------------------------    -------------------

                         (clock clk_10Mhz_clk_mmcm_wiz_1 rise edge)
                                                      0.000     0.000 r  
    W5                                                0.000     0.000 r  clk (IN)
                         net (fo=0)                   0.000     0.000    clock_geni/clk_mmcm_wizi/inst/clk_in1
    W5                   IBUF (Prop_ibuf_I_O)         0.414     0.414 r  clock_geni/clk_mmcm_wizi/inst/clkin1_ibufg/O
                         net (fo=1, routed)           0.480     0.894    clock_geni/clk_mmcm_wizi/inst/clk_in1_clk_mmcm_wiz
    MMCME2_ADV_X1Y0      MMCME2_ADV (Prop_mmcme2_adv_CLKIN1_CLKOUT0)
                                                     -3.142    -2.248 r  clock_geni/clk_mmcm_wizi/inst/mmcm_adv_inst/CLKOUT0
                         net (fo=1, routed)           0.530    -1.718    clock_geni/clk_mmcm_wizi/inst/clk_10Mhz_clk_mmcm_wiz
    BUFGCTRL_X0Y0        BUFG (Prop_bufg_I_O)         0.029    -1.689 r  clock_geni/clk_mmcm_wizi/inst/clkout1_buf/O
                         net (fo=81, routed)          0.862    -0.827    seven_seg_segi/CLK
    SLICE_X62Y92         FDPE                                         r  seven_seg_segi/select_reg[0]/C
                         clock pessimism              0.238    -0.589    
                         clock uncertainty            0.149    -0.440    
    SLICE_X62Y92         FDPE (Hold_fdpe_C_D)         0.070    -0.370    seven_seg_segi/select_reg[0]
  -------------------------------------------------------------------
                         required time                          0.370    
                         arrival time                          -0.297    
  -------------------------------------------------------------------
                         slack                                  0.072    

Slack (MET) :             0.084ns  (arrival time - required time)
  Source:                 light_sensori/sclk_counter_reg[4]/C
                            (rising edge-triggered cell FDRE clocked by clk_10Mhz_clk_mmcm_wiz  {rise@0.000ns fall@50.000ns period=100.000ns})
  Destination:            light_sensori/FSM_onehot_newstate_reg[2]/D
                            (rising edge-triggered cell FDRE clocked by clk_10Mhz_clk_mmcm_wiz_1  {rise@0.000ns fall@50.000ns period=100.000ns})
  Path Group:             clk_10Mhz_clk_mmcm_wiz_1
  Path Type:              Hold (Min at Fast Process Corner)
  Requirement:            0.000ns  (clk_10Mhz_clk_mmcm_wiz_1 rise@0.000ns - clk_10Mhz_clk_mmcm_wiz rise@0.000ns)
  Data Path Delay:        0.370ns  (logic 0.209ns (56.417%)  route 0.161ns (43.583%))
  Logic Levels:           1  (LUT6=1)
  Clock Path Skew:        0.016ns (DCD - SCD - CPR)
    Destination Clock Delay (DCD):    -0.827ns
    Source Clock Delay      (SCD):    -0.589ns
    Clock Pessimism Removal (CPR):    -0.254ns
  Clock Uncertainty:      0.149ns  ((TSJ^2 + DJ^2)^1/2) / 2 + PE
    Total System Jitter     (TSJ):    0.071ns
    Discrete Jitter          (DJ):    0.290ns
    Phase Error              (PE):    0.000ns
  Clock Domain Crossing:  Inter clock paths are considered valid unless explicitly excluded by timing constraints such as set_clock_groups or set_false_path.

    Location             Delay type                Incr(ns)  Path(ns)    Netlist Resource(s)
  -------------------------------------------------------------------    -------------------
                         (clock clk_10Mhz_clk_mmcm_wiz rise edge)
                                                      0.000     0.000 r  
    W5                                                0.000     0.000 r  clk (IN)
                         net (fo=0)                   0.000     0.000    clock_geni/clk_mmcm_wizi/inst/clk_in1
    W5                   IBUF (Prop_ibuf_I_O)         0.226     0.226 r  clock_geni/clk_mmcm_wizi/inst/clkin1_ibufg/O
                         net (fo=1, routed)           0.440     0.667    clock_geni/clk_mmcm_wizi/inst/clk_in1_clk_mmcm_wiz
    MMCME2_ADV_X1Y0      MMCME2_ADV (Prop_mmcme2_adv_CLKIN1_CLKOUT0)
                                                     -2.360    -1.693 r  clock_geni/clk_mmcm_wizi/inst/mmcm_adv_inst/CLKOUT0
                         net (fo=1, routed)           0.486    -1.207    clock_geni/clk_mmcm_wizi/inst/clk_10Mhz_clk_mmcm_wiz
    BUFGCTRL_X0Y0        BUFG (Prop_bufg_I_O)         0.026    -1.181 r  clock_geni/clk_mmcm_wizi/inst/clkout1_buf/O
                         net (fo=81, routed)          0.592    -0.589    light_sensori/clk_10Mhz
    SLICE_X64Y92         FDRE                                         r  light_sensori/sclk_counter_reg[4]/C
  -------------------------------------------------------------------    -------------------
    SLICE_X64Y92         FDRE (Prop_fdre_C_Q)         0.164    -0.425 f  light_sensori/sclk_counter_reg[4]/Q
                         net (fo=8, routed)           0.161    -0.264    light_sensori/sclk_counter_reg_n_0_[4]
    SLICE_X64Y91         LUT6 (Prop_lut6_I3_O)        0.045    -0.219 r  light_sensori/FSM_onehot_newstate[2]_i_1/O
                         net (fo=1, routed)           0.000    -0.219    light_sensori/FSM_onehot_newstate[2]_i_1_n_0
    SLICE_X64Y91         FDRE                                         r  light_sensori/FSM_onehot_newstate_reg[2]/D
  -------------------------------------------------------------------    -------------------

                         (clock clk_10Mhz_clk_mmcm_wiz_1 rise edge)
                                                      0.000     0.000 r  
    W5                                                0.000     0.000 r  clk (IN)
                         net (fo=0)                   0.000     0.000    clock_geni/clk_mmcm_wizi/inst/clk_in1
    W5                   IBUF (Prop_ibuf_I_O)         0.414     0.414 r  clock_geni/clk_mmcm_wizi/inst/clkin1_ibufg/O
                         net (fo=1, routed)           0.480     0.894    clock_geni/clk_mmcm_wizi/inst/clk_in1_clk_mmcm_wiz
    MMCME2_ADV_X1Y0      MMCME2_ADV (Prop_mmcme2_adv_CLKIN1_CLKOUT0)
                                                     -3.142    -2.248 r  clock_geni/clk_mmcm_wizi/inst/mmcm_adv_inst/CLKOUT0
                         net (fo=1, routed)           0.530    -1.718    clock_geni/clk_mmcm_wizi/inst/clk_10Mhz_clk_mmcm_wiz
    BUFGCTRL_X0Y0        BUFG (Prop_bufg_I_O)         0.029    -1.689 r  clock_geni/clk_mmcm_wizi/inst/clkout1_buf/O
                         net (fo=81, routed)          0.862    -0.827    light_sensori/clk_10Mhz
    SLICE_X64Y91         FDRE                                         r  light_sensori/FSM_onehot_newstate_reg[2]/C
                         clock pessimism              0.254    -0.573    
                         clock uncertainty            0.149    -0.424    
    SLICE_X64Y91         FDRE (Hold_fdre_C_D)         0.121    -0.303    light_sensori/FSM_onehot_newstate_reg[2]
  -------------------------------------------------------------------
                         required time                          0.303    
                         arrival time                          -0.219    
  -------------------------------------------------------------------
                         slack                                  0.084    

Slack (MET) :             0.087ns  (arrival time - required time)
  Source:                 light_sensori/sclk_counter_reg[4]/C
                            (rising edge-triggered cell FDRE clocked by clk_10Mhz_clk_mmcm_wiz  {rise@0.000ns fall@50.000ns period=100.000ns})
  Destination:            light_sensori/FSM_onehot_newstate_reg[1]/D
                            (rising edge-triggered cell FDRE clocked by clk_10Mhz_clk_mmcm_wiz_1  {rise@0.000ns fall@50.000ns period=100.000ns})
  Path Group:             clk_10Mhz_clk_mmcm_wiz_1
  Path Type:              Hold (Min at Fast Process Corner)
  Requirement:            0.000ns  (clk_10Mhz_clk_mmcm_wiz_1 rise@0.000ns - clk_10Mhz_clk_mmcm_wiz rise@0.000ns)
  Data Path Delay:        0.372ns  (logic 0.209ns (56.114%)  route 0.163ns (43.886%))
  Logic Levels:           1  (LUT6=1)
  Clock Path Skew:        0.016ns (DCD - SCD - CPR)
    Destination Clock Delay (DCD):    -0.827ns
    Source Clock Delay      (SCD):    -0.589ns
    Clock Pessimism Removal (CPR):    -0.254ns
  Clock Uncertainty:      0.149ns  ((TSJ^2 + DJ^2)^1/2) / 2 + PE
    Total System Jitter     (TSJ):    0.071ns
    Discrete Jitter          (DJ):    0.290ns
    Phase Error              (PE):    0.000ns
  Clock Domain Crossing:  Inter clock paths are considered valid unless explicitly excluded by timing constraints such as set_clock_groups or set_false_path.

    Location             Delay type                Incr(ns)  Path(ns)    Netlist Resource(s)
  -------------------------------------------------------------------    -------------------
                         (clock clk_10Mhz_clk_mmcm_wiz rise edge)
                                                      0.000     0.000 r  
    W5                                                0.000     0.000 r  clk (IN)
                         net (fo=0)                   0.000     0.000    clock_geni/clk_mmcm_wizi/inst/clk_in1
    W5                   IBUF (Prop_ibuf_I_O)         0.226     0.226 r  clock_geni/clk_mmcm_wizi/inst/clkin1_ibufg/O
                         net (fo=1, routed)           0.440     0.667    clock_geni/clk_mmcm_wizi/inst/clk_in1_clk_mmcm_wiz
    MMCME2_ADV_X1Y0      MMCME2_ADV (Prop_mmcme2_adv_CLKIN1_CLKOUT0)
                                                     -2.360    -1.693 r  clock_geni/clk_mmcm_wizi/inst/mmcm_adv_inst/CLKOUT0
                         net (fo=1, routed)           0.486    -1.207    clock_geni/clk_mmcm_wizi/inst/clk_10Mhz_clk_mmcm_wiz
    BUFGCTRL_X0Y0        BUFG (Prop_bufg_I_O)         0.026    -1.181 r  clock_geni/clk_mmcm_wizi/inst/clkout1_buf/O
                         net (fo=81, routed)          0.592    -0.589    light_sensori/clk_10Mhz
    SLICE_X64Y92         FDRE                                         r  light_sensori/sclk_counter_reg[4]/C
  -------------------------------------------------------------------    -------------------
    SLICE_X64Y92         FDRE (Prop_fdre_C_Q)         0.164    -0.425 f  light_sensori/sclk_counter_reg[4]/Q
                         net (fo=8, routed)           0.163    -0.262    light_sensori/sclk_counter_reg_n_0_[4]
    SLICE_X64Y91         LUT6 (Prop_lut6_I3_O)        0.045    -0.217 r  light_sensori/FSM_onehot_newstate[1]_i_1/O
                         net (fo=1, routed)           0.000    -0.217    light_sensori/FSM_onehot_newstate[1]_i_1_n_0
    SLICE_X64Y91         FDRE                                         r  light_sensori/FSM_onehot_newstate_reg[1]/D
  -------------------------------------------------------------------    -------------------

                         (clock clk_10Mhz_clk_mmcm_wiz_1 rise edge)
                                                      0.000     0.000 r  
    W5                                                0.000     0.000 r  clk (IN)
                         net (fo=0)                   0.000     0.000    clock_geni/clk_mmcm_wizi/inst/clk_in1
    W5                   IBUF (Prop_ibuf_I_O)         0.414     0.414 r  clock_geni/clk_mmcm_wizi/inst/clkin1_ibufg/O
                         net (fo=1, routed)           0.480     0.894    clock_geni/clk_mmcm_wizi/inst/clk_in1_clk_mmcm_wiz
    MMCME2_ADV_X1Y0      MMCME2_ADV (Prop_mmcme2_adv_CLKIN1_CLKOUT0)
                                                     -3.142    -2.248 r  clock_geni/clk_mmcm_wizi/inst/mmcm_adv_inst/CLKOUT0
                         net (fo=1, routed)           0.530    -1.718    clock_geni/clk_mmcm_wizi/inst/clk_10Mhz_clk_mmcm_wiz
    BUFGCTRL_X0Y0        BUFG (Prop_bufg_I_O)         0.029    -1.689 r  clock_geni/clk_mmcm_wizi/inst/clkout1_buf/O
                         net (fo=81, routed)          0.862    -0.827    light_sensori/clk_10Mhz
    SLICE_X64Y91         FDRE                                         r  light_sensori/FSM_onehot_newstate_reg[1]/C
                         clock pessimism              0.254    -0.573    
                         clock uncertainty            0.149    -0.424    
    SLICE_X64Y91         FDRE (Hold_fdre_C_D)         0.120    -0.304    light_sensori/FSM_onehot_newstate_reg[1]
  -------------------------------------------------------------------
                         required time                          0.304    
                         arrival time                          -0.217    
  -------------------------------------------------------------------
                         slack                                  0.087    

Slack (MET) :             0.088ns  (arrival time - required time)
  Source:                 light_sensori/FSM_onehot_newstate_reg[0]/C
                            (rising edge-triggered cell FDRE clocked by clk_10Mhz_clk_mmcm_wiz  {rise@0.000ns fall@50.000ns period=100.000ns})
  Destination:            light_sensori/FSM_onehot_newstate_reg[0]/D
                            (rising edge-triggered cell FDRE clocked by clk_10Mhz_clk_mmcm_wiz_1  {rise@0.000ns fall@50.000ns period=100.000ns})
  Path Group:             clk_10Mhz_clk_mmcm_wiz_1
  Path Type:              Hold (Min at Fast Process Corner)
  Requirement:            0.000ns  (clk_10Mhz_clk_mmcm_wiz_1 rise@0.000ns - clk_10Mhz_clk_mmcm_wiz rise@0.000ns)
  Data Path Delay:        0.359ns  (logic 0.209ns (58.292%)  route 0.150ns (41.708%))
  Logic Levels:           1  (LUT6=1)
  Clock Path Skew:        0.000ns (DCD - SCD - CPR)
    Destination Clock Delay (DCD):    -0.827ns
    Source Clock Delay      (SCD):    -0.589ns
    Clock Pessimism Removal (CPR):    -0.238ns
  Clock Uncertainty:      0.149ns  ((TSJ^2 + DJ^2)^1/2) / 2 + PE
    Total System Jitter     (TSJ):    0.071ns
    Discrete Jitter          (DJ):    0.290ns
    Phase Error              (PE):    0.000ns
  Clock Domain Crossing:  Inter clock paths are considered valid unless explicitly excluded by timing constraints such as set_clock_groups or set_false_path.

    Location             Delay type                Incr(ns)  Path(ns)    Netlist Resource(s)
  -------------------------------------------------------------------    -------------------
                         (clock clk_10Mhz_clk_mmcm_wiz rise edge)
                                                      0.000     0.000 r  
    W5                                                0.000     0.000 r  clk (IN)
                         net (fo=0)                   0.000     0.000    clock_geni/clk_mmcm_wizi/inst/clk_in1
    W5                   IBUF (Prop_ibuf_I_O)         0.226     0.226 r  clock_geni/clk_mmcm_wizi/inst/clkin1_ibufg/O
                         net (fo=1, routed)           0.440     0.667    clock_geni/clk_mmcm_wizi/inst/clk_in1_clk_mmcm_wiz
    MMCME2_ADV_X1Y0      MMCME2_ADV (Prop_mmcme2_adv_CLKIN1_CLKOUT0)
                                                     -2.360    -1.693 r  clock_geni/clk_mmcm_wizi/inst/mmcm_adv_inst/CLKOUT0
                         net (fo=1, routed)           0.486    -1.207    clock_geni/clk_mmcm_wizi/inst/clk_10Mhz_clk_mmcm_wiz
    BUFGCTRL_X0Y0        BUFG (Prop_bufg_I_O)         0.026    -1.181 r  clock_geni/clk_mmcm_wizi/inst/clkout1_buf/O
                         net (fo=81, routed)          0.592    -0.589    light_sensori/clk_10Mhz
    SLICE_X64Y91         FDRE                                         r  light_sensori/FSM_onehot_newstate_reg[0]/C
  -------------------------------------------------------------------    -------------------
    SLICE_X64Y91         FDRE (Prop_fdre_C_Q)         0.164    -0.425 f  light_sensori/FSM_onehot_newstate_reg[0]/Q
                         net (fo=4, routed)           0.150    -0.276    light_sensori/FSM_onehot_newstate_reg_n_0_[0]
    SLICE_X64Y91         LUT6 (Prop_lut6_I5_O)        0.045    -0.231 r  light_sensori/FSM_onehot_newstate[0]_i_1/O
                         net (fo=1, routed)           0.000    -0.231    light_sensori/FSM_onehot_newstate[0]_i_1_n_0
    SLICE_X64Y91         FDRE                                         r  light_sensori/FSM_onehot_newstate_reg[0]/D
  -------------------------------------------------------------------    -------------------

                         (clock clk_10Mhz_clk_mmcm_wiz_1 rise edge)
                                                      0.000     0.000 r  
    W5                                                0.000     0.000 r  clk (IN)
                         net (fo=0)                   0.000     0.000    clock_geni/clk_mmcm_wizi/inst/clk_in1
    W5                   IBUF (Prop_ibuf_I_O)         0.414     0.414 r  clock_geni/clk_mmcm_wizi/inst/clkin1_ibufg/O
                         net (fo=1, routed)           0.480     0.894    clock_geni/clk_mmcm_wizi/inst/clk_in1_clk_mmcm_wiz
    MMCME2_ADV_X1Y0      MMCME2_ADV (Prop_mmcme2_adv_CLKIN1_CLKOUT0)
                                                     -3.142    -2.248 r  clock_geni/clk_mmcm_wizi/inst/mmcm_adv_inst/CLKOUT0
                         net (fo=1, routed)           0.530    -1.718    clock_geni/clk_mmcm_wizi/inst/clk_10Mhz_clk_mmcm_wiz
    BUFGCTRL_X0Y0        BUFG (Prop_bufg_I_O)         0.029    -1.689 r  clock_geni/clk_mmcm_wizi/inst/clkout1_buf/O
                         net (fo=81, routed)          0.862    -0.827    light_sensori/clk_10Mhz
    SLICE_X64Y91         FDRE                                         r  light_sensori/FSM_onehot_newstate_reg[0]/C
                         clock pessimism              0.238    -0.589    
                         clock uncertainty            0.149    -0.440    
    SLICE_X64Y91         FDRE (Hold_fdre_C_D)         0.121    -0.319    light_sensori/FSM_onehot_newstate_reg[0]
  -------------------------------------------------------------------
                         required time                          0.319    
                         arrival time                          -0.231    
  -------------------------------------------------------------------
                         slack                                  0.088    

Slack (MET) :             0.091ns  (arrival time - required time)
  Source:                 light_sensori/toofast_reg[5]/C
                            (rising edge-triggered cell FDRE clocked by clk_10Mhz_clk_mmcm_wiz  {rise@0.000ns fall@50.000ns period=100.000ns})
  Destination:            light_sensori/toofast_reg[6]/D
                            (rising edge-triggered cell FDRE clocked by clk_10Mhz_clk_mmcm_wiz_1  {rise@0.000ns fall@50.000ns period=100.000ns})
  Path Group:             clk_10Mhz_clk_mmcm_wiz_1
  Path Type:              Hold (Min at Fast Process Corner)
  Requirement:            0.000ns  (clk_10Mhz_clk_mmcm_wiz_1 rise@0.000ns - clk_10Mhz_clk_mmcm_wiz rise@0.000ns)
  Data Path Delay:        0.263ns  (logic 0.128ns (48.591%)  route 0.135ns (51.409%))
  Logic Levels:           0  
  Clock Path Skew:        0.000ns (DCD - SCD - CPR)
    Destination Clock Delay (DCD):    -0.826ns
    Source Clock Delay      (SCD):    -0.588ns
    Clock Pessimism Removal (CPR):    -0.238ns
  Clock Uncertainty:      0.149ns  ((TSJ^2 + DJ^2)^1/2) / 2 + PE
    Total System Jitter     (TSJ):    0.071ns
    Discrete Jitter          (DJ):    0.290ns
    Phase Error              (PE):    0.000ns
  Clock Domain Crossing:  Inter clock paths are considered valid unless explicitly excluded by timing constraints such as set_clock_groups or set_false_path.

    Location             Delay type                Incr(ns)  Path(ns)    Netlist Resource(s)
  -------------------------------------------------------------------    -------------------
                         (clock clk_10Mhz_clk_mmcm_wiz rise edge)
                                                      0.000     0.000 r  
    W5                                                0.000     0.000 r  clk (IN)
                         net (fo=0)                   0.000     0.000    clock_geni/clk_mmcm_wizi/inst/clk_in1
    W5                   IBUF (Prop_ibuf_I_O)         0.226     0.226 r  clock_geni/clk_mmcm_wizi/inst/clkin1_ibufg/O
                         net (fo=1, routed)           0.440     0.667    clock_geni/clk_mmcm_wizi/inst/clk_in1_clk_mmcm_wiz
    MMCME2_ADV_X1Y0      MMCME2_ADV (Prop_mmcme2_adv_CLKIN1_CLKOUT0)
                                                     -2.360    -1.693 r  clock_geni/clk_mmcm_wizi/inst/mmcm_adv_inst/CLKOUT0
                         net (fo=1, routed)           0.486    -1.207    clock_geni/clk_mmcm_wizi/inst/clk_10Mhz_clk_mmcm_wiz
    BUFGCTRL_X0Y0        BUFG (Prop_bufg_I_O)         0.026    -1.181 r  clock_geni/clk_mmcm_wizi/inst/clkout1_buf/O
                         net (fo=81, routed)          0.593    -0.588    light_sensori/clk_10Mhz
    SLICE_X63Y93         FDRE                                         r  light_sensori/toofast_reg[5]/C
  -------------------------------------------------------------------    -------------------
    SLICE_X63Y93         FDRE (Prop_fdre_C_Q)         0.128    -0.460 r  light_sensori/toofast_reg[5]/Q
                         net (fo=2, routed)           0.135    -0.325    light_sensori/toofast[5]
    SLICE_X63Y93         FDRE                                         r  light_sensori/toofast_reg[6]/D
  -------------------------------------------------------------------    -------------------

                         (clock clk_10Mhz_clk_mmcm_wiz_1 rise edge)
                                                      0.000     0.000 r  
    W5                                                0.000     0.000 r  clk (IN)
                         net (fo=0)                   0.000     0.000    clock_geni/clk_mmcm_wizi/inst/clk_in1
    W5                   IBUF (Prop_ibuf_I_O)         0.414     0.414 r  clock_geni/clk_mmcm_wizi/inst/clkin1_ibufg/O
                         net (fo=1, routed)           0.480     0.894    clock_geni/clk_mmcm_wizi/inst/clk_in1_clk_mmcm_wiz
    MMCME2_ADV_X1Y0      MMCME2_ADV (Prop_mmcme2_adv_CLKIN1_CLKOUT0)
                                                     -3.142    -2.248 r  clock_geni/clk_mmcm_wizi/inst/mmcm_adv_inst/CLKOUT0
                         net (fo=1, routed)           0.530    -1.718    clock_geni/clk_mmcm_wizi/inst/clk_10Mhz_clk_mmcm_wiz
    BUFGCTRL_X0Y0        BUFG (Prop_bufg_I_O)         0.029    -1.689 r  clock_geni/clk_mmcm_wizi/inst/clkout1_buf/O
                         net (fo=81, routed)          0.863    -0.826    light_sensori/clk_10Mhz
    SLICE_X63Y93         FDRE                                         r  light_sensori/toofast_reg[6]/C
                         clock pessimism              0.238    -0.588    
                         clock uncertainty            0.149    -0.439    
    SLICE_X63Y93         FDRE (Hold_fdre_C_D)         0.023    -0.416    light_sensori/toofast_reg[6]
  -------------------------------------------------------------------
                         required time                          0.416    
                         arrival time                          -0.325    
  -------------------------------------------------------------------
                         slack                                  0.091    

Slack (MET) :             0.094ns  (arrival time - required time)
  Source:                 light_sensori/toofast_reg[0]/C
                            (rising edge-triggered cell FDRE clocked by clk_10Mhz_clk_mmcm_wiz  {rise@0.000ns fall@50.000ns period=100.000ns})
  Destination:            light_sensori/Reading_reg[0]/D
                            (rising edge-triggered cell FDRE clocked by clk_10Mhz_clk_mmcm_wiz_1  {rise@0.000ns fall@50.000ns period=100.000ns})
  Path Group:             clk_10Mhz_clk_mmcm_wiz_1
  Path Type:              Hold (Min at Fast Process Corner)
  Requirement:            0.000ns  (clk_10Mhz_clk_mmcm_wiz_1 rise@0.000ns - clk_10Mhz_clk_mmcm_wiz rise@0.000ns)
  Data Path Delay:        0.326ns  (logic 0.141ns (43.229%)  route 0.185ns (56.771%))
  Logic Levels:           0  
  Clock Path Skew:        0.013ns (DCD - SCD - CPR)
    Destination Clock Delay (DCD):    -0.826ns
    Source Clock Delay      (SCD):    -0.588ns
    Clock Pessimism Removal (CPR):    -0.251ns
  Clock Uncertainty:      0.149ns  ((TSJ^2 + DJ^2)^1/2) / 2 + PE
    Total System Jitter     (TSJ):    0.071ns
    Discrete Jitter          (DJ):    0.290ns
    Phase Error              (PE):    0.000ns
  Clock Domain Crossing:  Inter clock paths are considered valid unless explicitly excluded by timing constraints such as set_clock_groups or set_false_path.

    Location             Delay type                Incr(ns)  Path(ns)    Netlist Resource(s)
  -------------------------------------------------------------------    -------------------
                         (clock clk_10Mhz_clk_mmcm_wiz rise edge)
                                                      0.000     0.000 r  
    W5                                                0.000     0.000 r  clk (IN)
                         net (fo=0)                   0.000     0.000    clock_geni/clk_mmcm_wizi/inst/clk_in1
    W5                   IBUF (Prop_ibuf_I_O)         0.226     0.226 r  clock_geni/clk_mmcm_wizi/inst/clkin1_ibufg/O
                         net (fo=1, routed)           0.440     0.667    clock_geni/clk_mmcm_wizi/inst/clk_in1_clk_mmcm_wiz
    MMCME2_ADV_X1Y0      MMCME2_ADV (Prop_mmcme2_adv_CLKIN1_CLKOUT0)
                                                     -2.360    -1.693 r  clock_geni/clk_mmcm_wizi/inst/mmcm_adv_inst/CLKOUT0
                         net (fo=1, routed)           0.486    -1.207    clock_geni/clk_mmcm_wizi/inst/clk_10Mhz_clk_mmcm_wiz
    BUFGCTRL_X0Y0        BUFG (Prop_bufg_I_O)         0.026    -1.181 r  clock_geni/clk_mmcm_wizi/inst/clkout1_buf/O
                         net (fo=81, routed)          0.593    -0.588    light_sensori/clk_10Mhz
    SLICE_X63Y93         FDRE                                         r  light_sensori/toofast_reg[0]/C
  -------------------------------------------------------------------    -------------------
    SLICE_X63Y93         FDRE (Prop_fdre_C_Q)         0.141    -0.447 r  light_sensori/toofast_reg[0]/Q
                         net (fo=2, routed)           0.185    -0.262    light_sensori/toofast[0]
    SLICE_X62Y93         FDRE                                         r  light_sensori/Reading_reg[0]/D
  -------------------------------------------------------------------    -------------------

                         (clock clk_10Mhz_clk_mmcm_wiz_1 rise edge)
                                                      0.000     0.000 r  
    W5                                                0.000     0.000 r  clk (IN)
                         net (fo=0)                   0.000     0.000    clock_geni/clk_mmcm_wizi/inst/clk_in1
    W5                   IBUF (Prop_ibuf_I_O)         0.414     0.414 r  clock_geni/clk_mmcm_wizi/inst/clkin1_ibufg/O
                         net (fo=1, routed)           0.480     0.894    clock_geni/clk_mmcm_wizi/inst/clk_in1_clk_mmcm_wiz
    MMCME2_ADV_X1Y0      MMCME2_ADV (Prop_mmcme2_adv_CLKIN1_CLKOUT0)
                                                     -3.142    -2.248 r  clock_geni/clk_mmcm_wizi/inst/mmcm_adv_inst/CLKOUT0
                         net (fo=1, routed)           0.530    -1.718    clock_geni/clk_mmcm_wizi/inst/clk_10Mhz_clk_mmcm_wiz
    BUFGCTRL_X0Y0        BUFG (Prop_bufg_I_O)         0.029    -1.689 r  clock_geni/clk_mmcm_wizi/inst/clkout1_buf/O
                         net (fo=81, routed)          0.863    -0.826    light_sensori/clk_10Mhz
    SLICE_X62Y93         FDRE                                         r  light_sensori/Reading_reg[0]/C
                         clock pessimism              0.251    -0.575    
                         clock uncertainty            0.149    -0.426    
    SLICE_X62Y93         FDRE (Hold_fdre_C_D)         0.070    -0.356    light_sensori/Reading_reg[0]
  -------------------------------------------------------------------
                         required time                          0.356    
                         arrival time                          -0.262    
  -------------------------------------------------------------------
                         slack                                  0.094    

Slack (MET) :             0.095ns  (arrival time - required time)
  Source:                 light_sensori/FSM_onehot_newstate_reg[2]/C
                            (rising edge-triggered cell FDRE clocked by clk_10Mhz_clk_mmcm_wiz  {rise@0.000ns fall@50.000ns period=100.000ns})
  Destination:            light_sensori/sclk_counter_reg[4]/D
                            (rising edge-triggered cell FDRE clocked by clk_10Mhz_clk_mmcm_wiz_1  {rise@0.000ns fall@50.000ns period=100.000ns})
  Path Group:             clk_10Mhz_clk_mmcm_wiz_1
  Path Type:              Hold (Min at Fast Process Corner)
  Requirement:            0.000ns  (clk_10Mhz_clk_mmcm_wiz_1 rise@0.000ns - clk_10Mhz_clk_mmcm_wiz rise@0.000ns)
  Data Path Delay:        0.381ns  (logic 0.209ns (54.809%)  route 0.172ns (45.191%))
  Logic Levels:           1  (LUT6=1)
  Clock Path Skew:        0.016ns (DCD - SCD - CPR)
    Destination Clock Delay (DCD):    -0.827ns
    Source Clock Delay      (SCD):    -0.589ns
    Clock Pessimism Removal (CPR):    -0.254ns
  Clock Uncertainty:      0.149ns  ((TSJ^2 + DJ^2)^1/2) / 2 + PE
    Total System Jitter     (TSJ):    0.071ns
    Discrete Jitter          (DJ):    0.290ns
    Phase Error              (PE):    0.000ns
  Clock Domain Crossing:  Inter clock paths are considered valid unless explicitly excluded by timing constraints such as set_clock_groups or set_false_path.

    Location             Delay type                Incr(ns)  Path(ns)    Netlist Resource(s)
  -------------------------------------------------------------------    -------------------
                         (clock clk_10Mhz_clk_mmcm_wiz rise edge)
                                                      0.000     0.000 r  
    W5                                                0.000     0.000 r  clk (IN)
                         net (fo=0)                   0.000     0.000    clock_geni/clk_mmcm_wizi/inst/clk_in1
    W5                   IBUF (Prop_ibuf_I_O)         0.226     0.226 r  clock_geni/clk_mmcm_wizi/inst/clkin1_ibufg/O
                         net (fo=1, routed)           0.440     0.667    clock_geni/clk_mmcm_wizi/inst/clk_in1_clk_mmcm_wiz
    MMCME2_ADV_X1Y0      MMCME2_ADV (Prop_mmcme2_adv_CLKIN1_CLKOUT0)
                                                     -2.360    -1.693 r  clock_geni/clk_mmcm_wizi/inst/mmcm_adv_inst/CLKOUT0
                         net (fo=1, routed)           0.486    -1.207    clock_geni/clk_mmcm_wizi/inst/clk_10Mhz_clk_mmcm_wiz
    BUFGCTRL_X0Y0        BUFG (Prop_bufg_I_O)         0.026    -1.181 r  clock_geni/clk_mmcm_wizi/inst/clkout1_buf/O
                         net (fo=81, routed)          0.592    -0.589    light_sensori/clk_10Mhz
    SLICE_X64Y91         FDRE                                         r  light_sensori/FSM_onehot_newstate_reg[2]/C
  -------------------------------------------------------------------    -------------------
    SLICE_X64Y91         FDRE (Prop_fdre_C_Q)         0.164    -0.425 r  light_sensori/FSM_onehot_newstate_reg[2]/Q
                         net (fo=15, routed)          0.172    -0.253    light_sensori/FSM_onehot_newstate_reg_n_0_[2]
    SLICE_X64Y92         LUT6 (Prop_lut6_I4_O)        0.045    -0.208 r  light_sensori/sclk_counter[4]_i_2/O
                         net (fo=1, routed)           0.000    -0.208    light_sensori/sclk_counter[4]_i_2_n_0
    SLICE_X64Y92         FDRE                                         r  light_sensori/sclk_counter_reg[4]/D
  -------------------------------------------------------------------    -------------------

                         (clock clk_10Mhz_clk_mmcm_wiz_1 rise edge)
                                                      0.000     0.000 r  
    W5                                                0.000     0.000 r  clk (IN)
                         net (fo=0)                   0.000     0.000    clock_geni/clk_mmcm_wizi/inst/clk_in1
    W5                   IBUF (Prop_ibuf_I_O)         0.414     0.414 r  clock_geni/clk_mmcm_wizi/inst/clkin1_ibufg/O
                         net (fo=1, routed)           0.480     0.894    clock_geni/clk_mmcm_wizi/inst/clk_in1_clk_mmcm_wiz
    MMCME2_ADV_X1Y0      MMCME2_ADV (Prop_mmcme2_adv_CLKIN1_CLKOUT0)
                                                     -3.142    -2.248 r  clock_geni/clk_mmcm_wizi/inst/mmcm_adv_inst/CLKOUT0
                         net (fo=1, routed)           0.530    -1.718    clock_geni/clk_mmcm_wizi/inst/clk_10Mhz_clk_mmcm_wiz
    BUFGCTRL_X0Y0        BUFG (Prop_bufg_I_O)         0.029    -1.689 r  clock_geni/clk_mmcm_wizi/inst/clkout1_buf/O
                         net (fo=81, routed)          0.862    -0.827    light_sensori/clk_10Mhz
    SLICE_X64Y92         FDRE                                         r  light_sensori/sclk_counter_reg[4]/C
                         clock pessimism              0.254    -0.573    
                         clock uncertainty            0.149    -0.424    
    SLICE_X64Y92         FDRE (Hold_fdre_C_D)         0.121    -0.303    light_sensori/sclk_counter_reg[4]
  -------------------------------------------------------------------
                         required time                          0.303    
                         arrival time                          -0.208    
  -------------------------------------------------------------------
                         slack                                  0.095    





---------------------------------------------------------------------------------------------------
Path Group:  **async_default**
From Clock:  clk_10Mhz_clk_mmcm_wiz
  To Clock:  clk_10Mhz_clk_mmcm_wiz

Setup :            0  Failing Endpoints,  Worst Slack       96.847ns,  Total Violation        0.000ns
Hold  :            0  Failing Endpoints,  Worst Slack        0.773ns,  Total Violation        0.000ns
---------------------------------------------------------------------------------------------------


Max Delay Paths
--------------------------------------------------------------------------------------
Slack (MET) :             96.847ns  (required time - arrival time)
  Source:                 clock_geni/locked_dd_reg/C
                            (rising edge-triggered cell FDRE clocked by clk_10Mhz_clk_mmcm_wiz  {rise@0.000ns fall@50.000ns period=100.000ns})
  Destination:            seven_seg_segi/counter_reg[14]/CLR
                            (recovery check against rising-edge clock clk_10Mhz_clk_mmcm_wiz  {rise@0.000ns fall@50.000ns period=100.000ns})
  Path Group:             **async_default**
  Path Type:              Recovery (Max at Slow Process Corner)
  Requirement:            100.000ns  (clk_10Mhz_clk_mmcm_wiz rise@100.000ns - clk_10Mhz_clk_mmcm_wiz rise@0.000ns)
  Data Path Delay:        2.561ns  (logic 0.580ns (22.652%)  route 1.981ns (77.348%))
  Logic Levels:           1  (LUT1=1)
  Clock Path Skew:        -0.038ns (DCD - SCD + CPR)
    Destination Clock Delay (DCD):    -1.488ns = ( 98.512 - 100.000 ) 
    Source Clock Delay      (SCD):    -0.888ns
    Clock Pessimism Removal (CPR):    0.562ns
  Clock Uncertainty:      0.149ns  ((TSJ^2 + DJ^2)^1/2) / 2 + PE
    Total System Jitter     (TSJ):    0.071ns
    Discrete Jitter          (DJ):    0.290ns
    Phase Error              (PE):    0.000ns

    Location             Delay type                Incr(ns)  Path(ns)    Netlist Resource(s)
  -------------------------------------------------------------------    -------------------
                         (clock clk_10Mhz_clk_mmcm_wiz rise edge)
                                                      0.000     0.000 r  
    W5                                                0.000     0.000 r  clk (IN)
                         net (fo=0)                   0.000     0.000    clock_geni/clk_mmcm_wizi/inst/clk_in1
    W5                   IBUF (Prop_ibuf_I_O)         1.458     1.458 r  clock_geni/clk_mmcm_wizi/inst/clkin1_ibufg/O
                         net (fo=1, routed)           1.233     2.691    clock_geni/clk_mmcm_wizi/inst/clk_in1_clk_mmcm_wiz
    MMCME2_ADV_X1Y0      MMCME2_ADV (Prop_mmcme2_adv_CLKIN1_CLKOUT0)
                                                     -6.961    -4.269 r  clock_geni/clk_mmcm_wizi/inst/mmcm_adv_inst/CLKOUT0
                         net (fo=1, routed)           1.661    -2.608    clock_geni/clk_mmcm_wizi/inst/clk_10Mhz_clk_mmcm_wiz
    BUFGCTRL_X0Y0        BUFG (Prop_bufg_I_O)         0.096    -2.512 r  clock_geni/clk_mmcm_wizi/inst/clkout1_buf/O
                         net (fo=81, routed)          1.624    -0.888    clock_geni/clk_10Mhz
    SLICE_X62Y90         FDRE                                         r  clock_geni/locked_dd_reg/C
  -------------------------------------------------------------------    -------------------
    SLICE_X62Y90         FDRE (Prop_fdre_C_Q)         0.456    -0.432 r  clock_geni/locked_dd_reg/Q
                         net (fo=11, routed)          0.860     0.428    clock_geni/reset_n
    SLICE_X62Y90         LUT1 (Prop_lut1_I0_O)        0.124     0.552 f  clock_geni/disp_reg[3]_i_2/O
                         net (fo=28, routed)          1.120     1.673    seven_seg_segi/AR[0]
    SLICE_X59Y94         FDCE                                         f  seven_seg_segi/counter_reg[14]/CLR
  -------------------------------------------------------------------    -------------------

                         (clock clk_10Mhz_clk_mmcm_wiz rise edge)
                                                    100.000   100.000 r  
    W5                                                0.000   100.000 r  clk (IN)
                         net (fo=0)                   0.000   100.000    clock_geni/clk_mmcm_wizi/inst/clk_in1
    W5                   IBUF (Prop_ibuf_I_O)         1.388   101.388 r  clock_geni/clk_mmcm_wizi/inst/clkin1_ibufg/O
                         net (fo=1, routed)           1.162   102.550    clock_geni/clk_mmcm_wizi/inst/clk_in1_clk_mmcm_wiz
    MMCME2_ADV_X1Y0      MMCME2_ADV (Prop_mmcme2_adv_CLKIN1_CLKOUT0)
                                                     -7.217    95.332 r  clock_geni/clk_mmcm_wizi/inst/mmcm_adv_inst/CLKOUT0
                         net (fo=1, routed)           1.581    96.914    clock_geni/clk_mmcm_wizi/inst/clk_10Mhz_clk_mmcm_wiz
    BUFGCTRL_X0Y0        BUFG (Prop_bufg_I_O)         0.091    97.005 r  clock_geni/clk_mmcm_wizi/inst/clkout1_buf/O
                         net (fo=81, routed)          1.508    98.512    seven_seg_segi/CLK
    SLICE_X59Y94         FDCE                                         r  seven_seg_segi/counter_reg[14]/C
                         clock pessimism              0.562    99.074    
                         clock uncertainty           -0.149    98.925    
    SLICE_X59Y94         FDCE (Recov_fdce_C_CLR)     -0.405    98.520    seven_seg_segi/counter_reg[14]
  -------------------------------------------------------------------
                         required time                         98.520    
                         arrival time                          -1.673    
  -------------------------------------------------------------------
                         slack                                 96.847    

Slack (MET) :             96.847ns  (required time - arrival time)
  Source:                 clock_geni/locked_dd_reg/C
                            (rising edge-triggered cell FDRE clocked by clk_10Mhz_clk_mmcm_wiz  {rise@0.000ns fall@50.000ns period=100.000ns})
  Destination:            seven_seg_segi/counter_reg[15]/CLR
                            (recovery check against rising-edge clock clk_10Mhz_clk_mmcm_wiz  {rise@0.000ns fall@50.000ns period=100.000ns})
  Path Group:             **async_default**
  Path Type:              Recovery (Max at Slow Process Corner)
  Requirement:            100.000ns  (clk_10Mhz_clk_mmcm_wiz rise@100.000ns - clk_10Mhz_clk_mmcm_wiz rise@0.000ns)
  Data Path Delay:        2.561ns  (logic 0.580ns (22.652%)  route 1.981ns (77.348%))
  Logic Levels:           1  (LUT1=1)
  Clock Path Skew:        -0.038ns (DCD - SCD + CPR)
    Destination Clock Delay (DCD):    -1.488ns = ( 98.512 - 100.000 ) 
    Source Clock Delay      (SCD):    -0.888ns
    Clock Pessimism Removal (CPR):    0.562ns
  Clock Uncertainty:      0.149ns  ((TSJ^2 + DJ^2)^1/2) / 2 + PE
    Total System Jitter     (TSJ):    0.071ns
    Discrete Jitter          (DJ):    0.290ns
    Phase Error              (PE):    0.000ns

    Location             Delay type                Incr(ns)  Path(ns)    Netlist Resource(s)
  -------------------------------------------------------------------    -------------------
                         (clock clk_10Mhz_clk_mmcm_wiz rise edge)
                                                      0.000     0.000 r  
    W5                                                0.000     0.000 r  clk (IN)
                         net (fo=0)                   0.000     0.000    clock_geni/clk_mmcm_wizi/inst/clk_in1
    W5                   IBUF (Prop_ibuf_I_O)         1.458     1.458 r  clock_geni/clk_mmcm_wizi/inst/clkin1_ibufg/O
                         net (fo=1, routed)           1.233     2.691    clock_geni/clk_mmcm_wizi/inst/clk_in1_clk_mmcm_wiz
    MMCME2_ADV_X1Y0      MMCME2_ADV (Prop_mmcme2_adv_CLKIN1_CLKOUT0)
                                                     -6.961    -4.269 r  clock_geni/clk_mmcm_wizi/inst/mmcm_adv_inst/CLKOUT0
                         net (fo=1, routed)           1.661    -2.608    clock_geni/clk_mmcm_wizi/inst/clk_10Mhz_clk_mmcm_wiz
    BUFGCTRL_X0Y0        BUFG (Prop_bufg_I_O)         0.096    -2.512 r  clock_geni/clk_mmcm_wizi/inst/clkout1_buf/O
                         net (fo=81, routed)          1.624    -0.888    clock_geni/clk_10Mhz
    SLICE_X62Y90         FDRE                                         r  clock_geni/locked_dd_reg/C
  -------------------------------------------------------------------    -------------------
    SLICE_X62Y90         FDRE (Prop_fdre_C_Q)         0.456    -0.432 r  clock_geni/locked_dd_reg/Q
                         net (fo=11, routed)          0.860     0.428    clock_geni/reset_n
    SLICE_X62Y90         LUT1 (Prop_lut1_I0_O)        0.124     0.552 f  clock_geni/disp_reg[3]_i_2/O
                         net (fo=28, routed)          1.120     1.673    seven_seg_segi/AR[0]
    SLICE_X59Y94         FDCE                                         f  seven_seg_segi/counter_reg[15]/CLR
  -------------------------------------------------------------------    -------------------

                         (clock clk_10Mhz_clk_mmcm_wiz rise edge)
                                                    100.000   100.000 r  
    W5                                                0.000   100.000 r  clk (IN)
                         net (fo=0)                   0.000   100.000    clock_geni/clk_mmcm_wizi/inst/clk_in1
    W5                   IBUF (Prop_ibuf_I_O)         1.388   101.388 r  clock_geni/clk_mmcm_wizi/inst/clkin1_ibufg/O
                         net (fo=1, routed)           1.162   102.550    clock_geni/clk_mmcm_wizi/inst/clk_in1_clk_mmcm_wiz
    MMCME2_ADV_X1Y0      MMCME2_ADV (Prop_mmcme2_adv_CLKIN1_CLKOUT0)
                                                     -7.217    95.332 r  clock_geni/clk_mmcm_wizi/inst/mmcm_adv_inst/CLKOUT0
                         net (fo=1, routed)           1.581    96.914    clock_geni/clk_mmcm_wizi/inst/clk_10Mhz_clk_mmcm_wiz
    BUFGCTRL_X0Y0        BUFG (Prop_bufg_I_O)         0.091    97.005 r  clock_geni/clk_mmcm_wizi/inst/clkout1_buf/O
                         net (fo=81, routed)          1.508    98.512    seven_seg_segi/CLK
    SLICE_X59Y94         FDCE                                         r  seven_seg_segi/counter_reg[15]/C
                         clock pessimism              0.562    99.074    
                         clock uncertainty           -0.149    98.925    
    SLICE_X59Y94         FDCE (Recov_fdce_C_CLR)     -0.405    98.520    seven_seg_segi/counter_reg[15]
  -------------------------------------------------------------------
                         required time                         98.520    
                         arrival time                          -1.673    
  -------------------------------------------------------------------
                         slack                                 96.847    

Slack (MET) :             96.989ns  (required time - arrival time)
  Source:                 clock_geni/locked_dd_reg/C
                            (rising edge-triggered cell FDRE clocked by clk_10Mhz_clk_mmcm_wiz  {rise@0.000ns fall@50.000ns period=100.000ns})
  Destination:            seven_seg_segi/counter_reg[6]/CLR
                            (recovery check against rising-edge clock clk_10Mhz_clk_mmcm_wiz  {rise@0.000ns fall@50.000ns period=100.000ns})
  Path Group:             **async_default**
  Path Type:              Recovery (Max at Slow Process Corner)
  Requirement:            100.000ns  (clk_10Mhz_clk_mmcm_wiz rise@100.000ns - clk_10Mhz_clk_mmcm_wiz rise@0.000ns)
  Data Path Delay:        2.417ns  (logic 0.580ns (23.992%)  route 1.837ns (76.008%))
  Logic Levels:           1  (LUT1=1)
  Clock Path Skew:        -0.039ns (DCD - SCD + CPR)
    Destination Clock Delay (DCD):    -1.489ns = ( 98.511 - 100.000 ) 
    Source Clock Delay      (SCD):    -0.888ns
    Clock Pessimism Removal (CPR):    0.562ns
  Clock Uncertainty:      0.149ns  ((TSJ^2 + DJ^2)^1/2) / 2 + PE
    Total System Jitter     (TSJ):    0.071ns
    Discrete Jitter          (DJ):    0.290ns
    Phase Error              (PE):    0.000ns

    Location             Delay type                Incr(ns)  Path(ns)    Netlist Resource(s)
  -------------------------------------------------------------------    -------------------
                         (clock clk_10Mhz_clk_mmcm_wiz rise edge)
                                                      0.000     0.000 r  
    W5                                                0.000     0.000 r  clk (IN)
                         net (fo=0)                   0.000     0.000    clock_geni/clk_mmcm_wizi/inst/clk_in1
    W5                   IBUF (Prop_ibuf_I_O)         1.458     1.458 r  clock_geni/clk_mmcm_wizi/inst/clkin1_ibufg/O
                         net (fo=1, routed)           1.233     2.691    clock_geni/clk_mmcm_wizi/inst/clk_in1_clk_mmcm_wiz
    MMCME2_ADV_X1Y0      MMCME2_ADV (Prop_mmcme2_adv_CLKIN1_CLKOUT0)
                                                     -6.961    -4.269 r  clock_geni/clk_mmcm_wizi/inst/mmcm_adv_inst/CLKOUT0
                         net (fo=1, routed)           1.661    -2.608    clock_geni/clk_mmcm_wizi/inst/clk_10Mhz_clk_mmcm_wiz
    BUFGCTRL_X0Y0        BUFG (Prop_bufg_I_O)         0.096    -2.512 r  clock_geni/clk_mmcm_wizi/inst/clkout1_buf/O
                         net (fo=81, routed)          1.624    -0.888    clock_geni/clk_10Mhz
    SLICE_X62Y90         FDRE                                         r  clock_geni/locked_dd_reg/C
  -------------------------------------------------------------------    -------------------
    SLICE_X62Y90         FDRE (Prop_fdre_C_Q)         0.456    -0.432 r  clock_geni/locked_dd_reg/Q
                         net (fo=11, routed)          0.860     0.428    clock_geni/reset_n
    SLICE_X62Y90         LUT1 (Prop_lut1_I0_O)        0.124     0.552 f  clock_geni/disp_reg[3]_i_2/O
                         net (fo=28, routed)          0.977     1.530    seven_seg_segi/AR[0]
    SLICE_X59Y92         FDCE                                         f  seven_seg_segi/counter_reg[6]/CLR
  -------------------------------------------------------------------    -------------------

                         (clock clk_10Mhz_clk_mmcm_wiz rise edge)
                                                    100.000   100.000 r  
    W5                                                0.000   100.000 r  clk (IN)
                         net (fo=0)                   0.000   100.000    clock_geni/clk_mmcm_wizi/inst/clk_in1
    W5                   IBUF (Prop_ibuf_I_O)         1.388   101.388 r  clock_geni/clk_mmcm_wizi/inst/clkin1_ibufg/O
                         net (fo=1, routed)           1.162   102.550    clock_geni/clk_mmcm_wizi/inst/clk_in1_clk_mmcm_wiz
    MMCME2_ADV_X1Y0      MMCME2_ADV (Prop_mmcme2_adv_CLKIN1_CLKOUT0)
                                                     -7.217    95.332 r  clock_geni/clk_mmcm_wizi/inst/mmcm_adv_inst/CLKOUT0
                         net (fo=1, routed)           1.581    96.914    clock_geni/clk_mmcm_wizi/inst/clk_10Mhz_clk_mmcm_wiz
    BUFGCTRL_X0Y0        BUFG (Prop_bufg_I_O)         0.091    97.005 r  clock_geni/clk_mmcm_wizi/inst/clkout1_buf/O
                         net (fo=81, routed)          1.507    98.511    seven_seg_segi/CLK
    SLICE_X59Y92         FDCE                                         r  seven_seg_segi/counter_reg[6]/C
                         clock pessimism              0.562    99.073    
                         clock uncertainty           -0.149    98.924    
    SLICE_X59Y92         FDCE (Recov_fdce_C_CLR)     -0.405    98.519    seven_seg_segi/counter_reg[6]
  -------------------------------------------------------------------
                         required time                         98.519    
                         arrival time                          -1.530    
  -------------------------------------------------------------------
                         slack                                 96.989    

Slack (MET) :             96.989ns  (required time - arrival time)
  Source:                 clock_geni/locked_dd_reg/C
                            (rising edge-triggered cell FDRE clocked by clk_10Mhz_clk_mmcm_wiz  {rise@0.000ns fall@50.000ns period=100.000ns})
  Destination:            seven_seg_segi/counter_reg[7]/CLR
                            (recovery check against rising-edge clock clk_10Mhz_clk_mmcm_wiz  {rise@0.000ns fall@50.000ns period=100.000ns})
  Path Group:             **async_default**
  Path Type:              Recovery (Max at Slow Process Corner)
  Requirement:            100.000ns  (clk_10Mhz_clk_mmcm_wiz rise@100.000ns - clk_10Mhz_clk_mmcm_wiz rise@0.000ns)
  Data Path Delay:        2.417ns  (logic 0.580ns (23.992%)  route 1.837ns (76.008%))
  Logic Levels:           1  (LUT1=1)
  Clock Path Skew:        -0.039ns (DCD - SCD + CPR)
    Destination Clock Delay (DCD):    -1.489ns = ( 98.511 - 100.000 ) 
    Source Clock Delay      (SCD):    -0.888ns
    Clock Pessimism Removal (CPR):    0.562ns
  Clock Uncertainty:      0.149ns  ((TSJ^2 + DJ^2)^1/2) / 2 + PE
    Total System Jitter     (TSJ):    0.071ns
    Discrete Jitter          (DJ):    0.290ns
    Phase Error              (PE):    0.000ns

    Location             Delay type                Incr(ns)  Path(ns)    Netlist Resource(s)
  -------------------------------------------------------------------    -------------------
                         (clock clk_10Mhz_clk_mmcm_wiz rise edge)
                                                      0.000     0.000 r  
    W5                                                0.000     0.000 r  clk (IN)
                         net (fo=0)                   0.000     0.000    clock_geni/clk_mmcm_wizi/inst/clk_in1
    W5                   IBUF (Prop_ibuf_I_O)         1.458     1.458 r  clock_geni/clk_mmcm_wizi/inst/clkin1_ibufg/O
                         net (fo=1, routed)           1.233     2.691    clock_geni/clk_mmcm_wizi/inst/clk_in1_clk_mmcm_wiz
    MMCME2_ADV_X1Y0      MMCME2_ADV (Prop_mmcme2_adv_CLKIN1_CLKOUT0)
                                                     -6.961    -4.269 r  clock_geni/clk_mmcm_wizi/inst/mmcm_adv_inst/CLKOUT0
                         net (fo=1, routed)           1.661    -2.608    clock_geni/clk_mmcm_wizi/inst/clk_10Mhz_clk_mmcm_wiz
    BUFGCTRL_X0Y0        BUFG (Prop_bufg_I_O)         0.096    -2.512 r  clock_geni/clk_mmcm_wizi/inst/clkout1_buf/O
                         net (fo=81, routed)          1.624    -0.888    clock_geni/clk_10Mhz
    SLICE_X62Y90         FDRE                                         r  clock_geni/locked_dd_reg/C
  -------------------------------------------------------------------    -------------------
    SLICE_X62Y90         FDRE (Prop_fdre_C_Q)         0.456    -0.432 r  clock_geni/locked_dd_reg/Q
                         net (fo=11, routed)          0.860     0.428    clock_geni/reset_n
    SLICE_X62Y90         LUT1 (Prop_lut1_I0_O)        0.124     0.552 f  clock_geni/disp_reg[3]_i_2/O
                         net (fo=28, routed)          0.977     1.530    seven_seg_segi/AR[0]
    SLICE_X59Y92         FDCE                                         f  seven_seg_segi/counter_reg[7]/CLR
  -------------------------------------------------------------------    -------------------

                         (clock clk_10Mhz_clk_mmcm_wiz rise edge)
                                                    100.000   100.000 r  
    W5                                                0.000   100.000 r  clk (IN)
                         net (fo=0)                   0.000   100.000    clock_geni/clk_mmcm_wizi/inst/clk_in1
    W5                   IBUF (Prop_ibuf_I_O)         1.388   101.388 r  clock_geni/clk_mmcm_wizi/inst/clkin1_ibufg/O
                         net (fo=1, routed)           1.162   102.550    clock_geni/clk_mmcm_wizi/inst/clk_in1_clk_mmcm_wiz
    MMCME2_ADV_X1Y0      MMCME2_ADV (Prop_mmcme2_adv_CLKIN1_CLKOUT0)
                                                     -7.217    95.332 r  clock_geni/clk_mmcm_wizi/inst/mmcm_adv_inst/CLKOUT0
                         net (fo=1, routed)           1.581    96.914    clock_geni/clk_mmcm_wizi/inst/clk_10Mhz_clk_mmcm_wiz
    BUFGCTRL_X0Y0        BUFG (Prop_bufg_I_O)         0.091    97.005 r  clock_geni/clk_mmcm_wizi/inst/clkout1_buf/O
                         net (fo=81, routed)          1.507    98.511    seven_seg_segi/CLK
    SLICE_X59Y92         FDCE                                         r  seven_seg_segi/counter_reg[7]/C
                         clock pessimism              0.562    99.073    
                         clock uncertainty           -0.149    98.924    
    SLICE_X59Y92         FDCE (Recov_fdce_C_CLR)     -0.405    98.519    seven_seg_segi/counter_reg[7]
  -------------------------------------------------------------------
                         required time                         98.519    
                         arrival time                          -1.530    
  -------------------------------------------------------------------
                         slack                                 96.989    

Slack (MET) :             96.989ns  (required time - arrival time)
  Source:                 clock_geni/locked_dd_reg/C
                            (rising edge-triggered cell FDRE clocked by clk_10Mhz_clk_mmcm_wiz  {rise@0.000ns fall@50.000ns period=100.000ns})
  Destination:            seven_seg_segi/counter_reg[8]/CLR
                            (recovery check against rising-edge clock clk_10Mhz_clk_mmcm_wiz  {rise@0.000ns fall@50.000ns period=100.000ns})
  Path Group:             **async_default**
  Path Type:              Recovery (Max at Slow Process Corner)
  Requirement:            100.000ns  (clk_10Mhz_clk_mmcm_wiz rise@100.000ns - clk_10Mhz_clk_mmcm_wiz rise@0.000ns)
  Data Path Delay:        2.417ns  (logic 0.580ns (23.992%)  route 1.837ns (76.008%))
  Logic Levels:           1  (LUT1=1)
  Clock Path Skew:        -0.039ns (DCD - SCD + CPR)
    Destination Clock Delay (DCD):    -1.489ns = ( 98.511 - 100.000 ) 
    Source Clock Delay      (SCD):    -0.888ns
    Clock Pessimism Removal (CPR):    0.562ns
  Clock Uncertainty:      0.149ns  ((TSJ^2 + DJ^2)^1/2) / 2 + PE
    Total System Jitter     (TSJ):    0.071ns
    Discrete Jitter          (DJ):    0.290ns
    Phase Error              (PE):    0.000ns

    Location             Delay type                Incr(ns)  Path(ns)    Netlist Resource(s)
  -------------------------------------------------------------------    -------------------
                         (clock clk_10Mhz_clk_mmcm_wiz rise edge)
                                                      0.000     0.000 r  
    W5                                                0.000     0.000 r  clk (IN)
                         net (fo=0)                   0.000     0.000    clock_geni/clk_mmcm_wizi/inst/clk_in1
    W5                   IBUF (Prop_ibuf_I_O)         1.458     1.458 r  clock_geni/clk_mmcm_wizi/inst/clkin1_ibufg/O
                         net (fo=1, routed)           1.233     2.691    clock_geni/clk_mmcm_wizi/inst/clk_in1_clk_mmcm_wiz
    MMCME2_ADV_X1Y0      MMCME2_ADV (Prop_mmcme2_adv_CLKIN1_CLKOUT0)
                                                     -6.961    -4.269 r  clock_geni/clk_mmcm_wizi/inst/mmcm_adv_inst/CLKOUT0
                         net (fo=1, routed)           1.661    -2.608    clock_geni/clk_mmcm_wizi/inst/clk_10Mhz_clk_mmcm_wiz
    BUFGCTRL_X0Y0        BUFG (Prop_bufg_I_O)         0.096    -2.512 r  clock_geni/clk_mmcm_wizi/inst/clkout1_buf/O
                         net (fo=81, routed)          1.624    -0.888    clock_geni/clk_10Mhz
    SLICE_X62Y90         FDRE                                         r  clock_geni/locked_dd_reg/C
  -------------------------------------------------------------------    -------------------
    SLICE_X62Y90         FDRE (Prop_fdre_C_Q)         0.456    -0.432 r  clock_geni/locked_dd_reg/Q
                         net (fo=11, routed)          0.860     0.428    clock_geni/reset_n
    SLICE_X62Y90         LUT1 (Prop_lut1_I0_O)        0.124     0.552 f  clock_geni/disp_reg[3]_i_2/O
                         net (fo=28, routed)          0.977     1.530    seven_seg_segi/AR[0]
    SLICE_X59Y92         FDCE                                         f  seven_seg_segi/counter_reg[8]/CLR
  -------------------------------------------------------------------    -------------------

                         (clock clk_10Mhz_clk_mmcm_wiz rise edge)
                                                    100.000   100.000 r  
    W5                                                0.000   100.000 r  clk (IN)
                         net (fo=0)                   0.000   100.000    clock_geni/clk_mmcm_wizi/inst/clk_in1
    W5                   IBUF (Prop_ibuf_I_O)         1.388   101.388 r  clock_geni/clk_mmcm_wizi/inst/clkin1_ibufg/O
                         net (fo=1, routed)           1.162   102.550    clock_geni/clk_mmcm_wizi/inst/clk_in1_clk_mmcm_wiz
    MMCME2_ADV_X1Y0      MMCME2_ADV (Prop_mmcme2_adv_CLKIN1_CLKOUT0)
                                                     -7.217    95.332 r  clock_geni/clk_mmcm_wizi/inst/mmcm_adv_inst/CLKOUT0
                         net (fo=1, routed)           1.581    96.914    clock_geni/clk_mmcm_wizi/inst/clk_10Mhz_clk_mmcm_wiz
    BUFGCTRL_X0Y0        BUFG (Prop_bufg_I_O)         0.091    97.005 r  clock_geni/clk_mmcm_wizi/inst/clkout1_buf/O
                         net (fo=81, routed)          1.507    98.511    seven_seg_segi/CLK
    SLICE_X59Y92         FDCE                                         r  seven_seg_segi/counter_reg[8]/C
                         clock pessimism              0.562    99.073    
                         clock uncertainty           -0.149    98.924    
    SLICE_X59Y92         FDCE (Recov_fdce_C_CLR)     -0.405    98.519    seven_seg_segi/counter_reg[8]
  -------------------------------------------------------------------
                         required time                         98.519    
                         arrival time                          -1.530    
  -------------------------------------------------------------------
                         slack                                 96.989    

Slack (MET) :             96.989ns  (required time - arrival time)
  Source:                 clock_geni/locked_dd_reg/C
                            (rising edge-triggered cell FDRE clocked by clk_10Mhz_clk_mmcm_wiz  {rise@0.000ns fall@50.000ns period=100.000ns})
  Destination:            seven_seg_segi/counter_reg[9]/CLR
                            (recovery check against rising-edge clock clk_10Mhz_clk_mmcm_wiz  {rise@0.000ns fall@50.000ns period=100.000ns})
  Path Group:             **async_default**
  Path Type:              Recovery (Max at Slow Process Corner)
  Requirement:            100.000ns  (clk_10Mhz_clk_mmcm_wiz rise@100.000ns - clk_10Mhz_clk_mmcm_wiz rise@0.000ns)
  Data Path Delay:        2.417ns  (logic 0.580ns (23.992%)  route 1.837ns (76.008%))
  Logic Levels:           1  (LUT1=1)
  Clock Path Skew:        -0.039ns (DCD - SCD + CPR)
    Destination Clock Delay (DCD):    -1.489ns = ( 98.511 - 100.000 ) 
    Source Clock Delay      (SCD):    -0.888ns
    Clock Pessimism Removal (CPR):    0.562ns
  Clock Uncertainty:      0.149ns  ((TSJ^2 + DJ^2)^1/2) / 2 + PE
    Total System Jitter     (TSJ):    0.071ns
    Discrete Jitter          (DJ):    0.290ns
    Phase Error              (PE):    0.000ns

    Location             Delay type                Incr(ns)  Path(ns)    Netlist Resource(s)
  -------------------------------------------------------------------    -------------------
                         (clock clk_10Mhz_clk_mmcm_wiz rise edge)
                                                      0.000     0.000 r  
    W5                                                0.000     0.000 r  clk (IN)
                         net (fo=0)                   0.000     0.000    clock_geni/clk_mmcm_wizi/inst/clk_in1
    W5                   IBUF (Prop_ibuf_I_O)         1.458     1.458 r  clock_geni/clk_mmcm_wizi/inst/clkin1_ibufg/O
                         net (fo=1, routed)           1.233     2.691    clock_geni/clk_mmcm_wizi/inst/clk_in1_clk_mmcm_wiz
    MMCME2_ADV_X1Y0      MMCME2_ADV (Prop_mmcme2_adv_CLKIN1_CLKOUT0)
                                                     -6.961    -4.269 r  clock_geni/clk_mmcm_wizi/inst/mmcm_adv_inst/CLKOUT0
                         net (fo=1, routed)           1.661    -2.608    clock_geni/clk_mmcm_wizi/inst/clk_10Mhz_clk_mmcm_wiz
    BUFGCTRL_X0Y0        BUFG (Prop_bufg_I_O)         0.096    -2.512 r  clock_geni/clk_mmcm_wizi/inst/clkout1_buf/O
                         net (fo=81, routed)          1.624    -0.888    clock_geni/clk_10Mhz
    SLICE_X62Y90         FDRE                                         r  clock_geni/locked_dd_reg/C
  -------------------------------------------------------------------    -------------------
    SLICE_X62Y90         FDRE (Prop_fdre_C_Q)         0.456    -0.432 r  clock_geni/locked_dd_reg/Q
                         net (fo=11, routed)          0.860     0.428    clock_geni/reset_n
    SLICE_X62Y90         LUT1 (Prop_lut1_I0_O)        0.124     0.552 f  clock_geni/disp_reg[3]_i_2/O
                         net (fo=28, routed)          0.977     1.530    seven_seg_segi/AR[0]
    SLICE_X59Y92         FDCE                                         f  seven_seg_segi/counter_reg[9]/CLR
  -------------------------------------------------------------------    -------------------

                         (clock clk_10Mhz_clk_mmcm_wiz rise edge)
                                                    100.000   100.000 r  
    W5                                                0.000   100.000 r  clk (IN)
                         net (fo=0)                   0.000   100.000    clock_geni/clk_mmcm_wizi/inst/clk_in1
    W5                   IBUF (Prop_ibuf_I_O)         1.388   101.388 r  clock_geni/clk_mmcm_wizi/inst/clkin1_ibufg/O
                         net (fo=1, routed)           1.162   102.550    clock_geni/clk_mmcm_wizi/inst/clk_in1_clk_mmcm_wiz
    MMCME2_ADV_X1Y0      MMCME2_ADV (Prop_mmcme2_adv_CLKIN1_CLKOUT0)
                                                     -7.217    95.332 r  clock_geni/clk_mmcm_wizi/inst/mmcm_adv_inst/CLKOUT0
                         net (fo=1, routed)           1.581    96.914    clock_geni/clk_mmcm_wizi/inst/clk_10Mhz_clk_mmcm_wiz
    BUFGCTRL_X0Y0        BUFG (Prop_bufg_I_O)         0.091    97.005 r  clock_geni/clk_mmcm_wizi/inst/clkout1_buf/O
                         net (fo=81, routed)          1.507    98.511    seven_seg_segi/CLK
    SLICE_X59Y92         FDCE                                         r  seven_seg_segi/counter_reg[9]/C
                         clock pessimism              0.562    99.073    
                         clock uncertainty           -0.149    98.924    
    SLICE_X59Y92         FDCE (Recov_fdce_C_CLR)     -0.405    98.519    seven_seg_segi/counter_reg[9]
  -------------------------------------------------------------------
                         required time                         98.519    
                         arrival time                          -1.530    
  -------------------------------------------------------------------
                         slack                                 96.989    

Slack (MET) :             97.016ns  (required time - arrival time)
  Source:                 clock_geni/locked_dd_reg/C
                            (rising edge-triggered cell FDRE clocked by clk_10Mhz_clk_mmcm_wiz  {rise@0.000ns fall@50.000ns period=100.000ns})
  Destination:            seven_seg_segi/counter_reg[4]/CLR
                            (recovery check against rising-edge clock clk_10Mhz_clk_mmcm_wiz  {rise@0.000ns fall@50.000ns period=100.000ns})
  Path Group:             **async_default**
  Path Type:              Recovery (Max at Slow Process Corner)
  Requirement:            100.000ns  (clk_10Mhz_clk_mmcm_wiz rise@100.000ns - clk_10Mhz_clk_mmcm_wiz rise@0.000ns)
  Data Path Delay:        2.391ns  (logic 0.580ns (24.262%)  route 1.811ns (75.738%))
  Logic Levels:           1  (LUT1=1)
  Clock Path Skew:        -0.039ns (DCD - SCD + CPR)
    Destination Clock Delay (DCD):    -1.489ns = ( 98.511 - 100.000 ) 
    Source Clock Delay      (SCD):    -0.888ns
    Clock Pessimism Removal (CPR):    0.562ns
  Clock Uncertainty:      0.149ns  ((TSJ^2 + DJ^2)^1/2) / 2 + PE
    Total System Jitter     (TSJ):    0.071ns
    Discrete Jitter          (DJ):    0.290ns
    Phase Error              (PE):    0.000ns

    Location             Delay type                Incr(ns)  Path(ns)    Netlist Resource(s)
  -------------------------------------------------------------------    -------------------
                         (clock clk_10Mhz_clk_mmcm_wiz rise edge)
                                                      0.000     0.000 r  
    W5                                                0.000     0.000 r  clk (IN)
                         net (fo=0)                   0.000     0.000    clock_geni/clk_mmcm_wizi/inst/clk_in1
    W5                   IBUF (Prop_ibuf_I_O)         1.458     1.458 r  clock_geni/clk_mmcm_wizi/inst/clkin1_ibufg/O
                         net (fo=1, routed)           1.233     2.691    clock_geni/clk_mmcm_wizi/inst/clk_in1_clk_mmcm_wiz
    MMCME2_ADV_X1Y0      MMCME2_ADV (Prop_mmcme2_adv_CLKIN1_CLKOUT0)
                                                     -6.961    -4.269 r  clock_geni/clk_mmcm_wizi/inst/mmcm_adv_inst/CLKOUT0
                         net (fo=1, routed)           1.661    -2.608    clock_geni/clk_mmcm_wizi/inst/clk_10Mhz_clk_mmcm_wiz
    BUFGCTRL_X0Y0        BUFG (Prop_bufg_I_O)         0.096    -2.512 r  clock_geni/clk_mmcm_wizi/inst/clkout1_buf/O
                         net (fo=81, routed)          1.624    -0.888    clock_geni/clk_10Mhz
    SLICE_X62Y90         FDRE                                         r  clock_geni/locked_dd_reg/C
  -------------------------------------------------------------------    -------------------
    SLICE_X62Y90         FDRE (Prop_fdre_C_Q)         0.456    -0.432 r  clock_geni/locked_dd_reg/Q
                         net (fo=11, routed)          0.860     0.428    clock_geni/reset_n
    SLICE_X62Y90         LUT1 (Prop_lut1_I0_O)        0.124     0.552 f  clock_geni/disp_reg[3]_i_2/O
                         net (fo=28, routed)          0.950     1.503    seven_seg_segi/AR[0]
    SLICE_X59Y91         FDCE                                         f  seven_seg_segi/counter_reg[4]/CLR
  -------------------------------------------------------------------    -------------------

                         (clock clk_10Mhz_clk_mmcm_wiz rise edge)
                                                    100.000   100.000 r  
    W5                                                0.000   100.000 r  clk (IN)
                         net (fo=0)                   0.000   100.000    clock_geni/clk_mmcm_wizi/inst/clk_in1
    W5                   IBUF (Prop_ibuf_I_O)         1.388   101.388 r  clock_geni/clk_mmcm_wizi/inst/clkin1_ibufg/O
                         net (fo=1, routed)           1.162   102.550    clock_geni/clk_mmcm_wizi/inst/clk_in1_clk_mmcm_wiz
    MMCME2_ADV_X1Y0      MMCME2_ADV (Prop_mmcme2_adv_CLKIN1_CLKOUT0)
                                                     -7.217    95.332 r  clock_geni/clk_mmcm_wizi/inst/mmcm_adv_inst/CLKOUT0
                         net (fo=1, routed)           1.581    96.914    clock_geni/clk_mmcm_wizi/inst/clk_10Mhz_clk_mmcm_wiz
    BUFGCTRL_X0Y0        BUFG (Prop_bufg_I_O)         0.091    97.005 r  clock_geni/clk_mmcm_wizi/inst/clkout1_buf/O
                         net (fo=81, routed)          1.507    98.511    seven_seg_segi/CLK
    SLICE_X59Y91         FDCE                                         r  seven_seg_segi/counter_reg[4]/C
                         clock pessimism              0.562    99.073    
                         clock uncertainty           -0.149    98.924    
    SLICE_X59Y91         FDCE (Recov_fdce_C_CLR)     -0.405    98.519    seven_seg_segi/counter_reg[4]
  -------------------------------------------------------------------
                         required time                         98.519    
                         arrival time                          -1.503    
  -------------------------------------------------------------------
                         slack                                 97.016    

Slack (MET) :             97.016ns  (required time - arrival time)
  Source:                 clock_geni/locked_dd_reg/C
                            (rising edge-triggered cell FDRE clocked by clk_10Mhz_clk_mmcm_wiz  {rise@0.000ns fall@50.000ns period=100.000ns})
  Destination:            seven_seg_segi/counter_reg[5]/CLR
                            (recovery check against rising-edge clock clk_10Mhz_clk_mmcm_wiz  {rise@0.000ns fall@50.000ns period=100.000ns})
  Path Group:             **async_default**
  Path Type:              Recovery (Max at Slow Process Corner)
  Requirement:            100.000ns  (clk_10Mhz_clk_mmcm_wiz rise@100.000ns - clk_10Mhz_clk_mmcm_wiz rise@0.000ns)
  Data Path Delay:        2.391ns  (logic 0.580ns (24.262%)  route 1.811ns (75.738%))
  Logic Levels:           1  (LUT1=1)
  Clock Path Skew:        -0.039ns (DCD - SCD + CPR)
    Destination Clock Delay (DCD):    -1.489ns = ( 98.511 - 100.000 ) 
    Source Clock Delay      (SCD):    -0.888ns
    Clock Pessimism Removal (CPR):    0.562ns
  Clock Uncertainty:      0.149ns  ((TSJ^2 + DJ^2)^1/2) / 2 + PE
    Total System Jitter     (TSJ):    0.071ns
    Discrete Jitter          (DJ):    0.290ns
    Phase Error              (PE):    0.000ns

    Location             Delay type                Incr(ns)  Path(ns)    Netlist Resource(s)
  -------------------------------------------------------------------    -------------------
                         (clock clk_10Mhz_clk_mmcm_wiz rise edge)
                                                      0.000     0.000 r  
    W5                                                0.000     0.000 r  clk (IN)
                         net (fo=0)                   0.000     0.000    clock_geni/clk_mmcm_wizi/inst/clk_in1
    W5                   IBUF (Prop_ibuf_I_O)         1.458     1.458 r  clock_geni/clk_mmcm_wizi/inst/clkin1_ibufg/O
                         net (fo=1, routed)           1.233     2.691    clock_geni/clk_mmcm_wizi/inst/clk_in1_clk_mmcm_wiz
    MMCME2_ADV_X1Y0      MMCME2_ADV (Prop_mmcme2_adv_CLKIN1_CLKOUT0)
                                                     -6.961    -4.269 r  clock_geni/clk_mmcm_wizi/inst/mmcm_adv_inst/CLKOUT0
                         net (fo=1, routed)           1.661    -2.608    clock_geni/clk_mmcm_wizi/inst/clk_10Mhz_clk_mmcm_wiz
    BUFGCTRL_X0Y0        BUFG (Prop_bufg_I_O)         0.096    -2.512 r  clock_geni/clk_mmcm_wizi/inst/clkout1_buf/O
                         net (fo=81, routed)          1.624    -0.888    clock_geni/clk_10Mhz
    SLICE_X62Y90         FDRE                                         r  clock_geni/locked_dd_reg/C
  -------------------------------------------------------------------    -------------------
    SLICE_X62Y90         FDRE (Prop_fdre_C_Q)         0.456    -0.432 r  clock_geni/locked_dd_reg/Q
                         net (fo=11, routed)          0.860     0.428    clock_geni/reset_n
    SLICE_X62Y90         LUT1 (Prop_lut1_I0_O)        0.124     0.552 f  clock_geni/disp_reg[3]_i_2/O
                         net (fo=28, routed)          0.950     1.503    seven_seg_segi/AR[0]
    SLICE_X59Y91         FDCE                                         f  seven_seg_segi/counter_reg[5]/CLR
  -------------------------------------------------------------------    -------------------

                         (clock clk_10Mhz_clk_mmcm_wiz rise edge)
                                                    100.000   100.000 r  
    W5                                                0.000   100.000 r  clk (IN)
                         net (fo=0)                   0.000   100.000    clock_geni/clk_mmcm_wizi/inst/clk_in1
    W5                   IBUF (Prop_ibuf_I_O)         1.388   101.388 r  clock_geni/clk_mmcm_wizi/inst/clkin1_ibufg/O
                         net (fo=1, routed)           1.162   102.550    clock_geni/clk_mmcm_wizi/inst/clk_in1_clk_mmcm_wiz
    MMCME2_ADV_X1Y0      MMCME2_ADV (Prop_mmcme2_adv_CLKIN1_CLKOUT0)
                                                     -7.217    95.332 r  clock_geni/clk_mmcm_wizi/inst/mmcm_adv_inst/CLKOUT0
                         net (fo=1, routed)           1.581    96.914    clock_geni/clk_mmcm_wizi/inst/clk_10Mhz_clk_mmcm_wiz
    BUFGCTRL_X0Y0        BUFG (Prop_bufg_I_O)         0.091    97.005 r  clock_geni/clk_mmcm_wizi/inst/clkout1_buf/O
                         net (fo=81, routed)          1.507    98.511    seven_seg_segi/CLK
    SLICE_X59Y91         FDCE                                         r  seven_seg_segi/counter_reg[5]/C
                         clock pessimism              0.562    99.073    
                         clock uncertainty           -0.149    98.924    
    SLICE_X59Y91         FDCE (Recov_fdce_C_CLR)     -0.405    98.519    seven_seg_segi/counter_reg[5]
  -------------------------------------------------------------------
                         required time                         98.519    
                         arrival time                          -1.503    
  -------------------------------------------------------------------
                         slack                                 97.016    

Slack (MET) :             97.022ns  (required time - arrival time)
  Source:                 clock_geni/locked_dd_reg/C
                            (rising edge-triggered cell FDRE clocked by clk_10Mhz_clk_mmcm_wiz  {rise@0.000ns fall@50.000ns period=100.000ns})
  Destination:            seven_seg_segi/counter_reg[10]/CLR
                            (recovery check against rising-edge clock clk_10Mhz_clk_mmcm_wiz  {rise@0.000ns fall@50.000ns period=100.000ns})
  Path Group:             **async_default**
  Path Type:              Recovery (Max at Slow Process Corner)
  Requirement:            100.000ns  (clk_10Mhz_clk_mmcm_wiz rise@100.000ns - clk_10Mhz_clk_mmcm_wiz rise@0.000ns)
  Data Path Delay:        2.385ns  (logic 0.580ns (24.317%)  route 1.805ns (75.683%))
  Logic Levels:           1  (LUT1=1)
  Clock Path Skew:        -0.038ns (DCD - SCD + CPR)
    Destination Clock Delay (DCD):    -1.488ns = ( 98.512 - 100.000 ) 
    Source Clock Delay      (SCD):    -0.888ns
    Clock Pessimism Removal (CPR):    0.562ns
  Clock Uncertainty:      0.149ns  ((TSJ^2 + DJ^2)^1/2) / 2 + PE
    Total System Jitter     (TSJ):    0.071ns
    Discrete Jitter          (DJ):    0.290ns
    Phase Error              (PE):    0.000ns

    Location             Delay type                Incr(ns)  Path(ns)    Netlist Resource(s)
  -------------------------------------------------------------------    -------------------
                         (clock clk_10Mhz_clk_mmcm_wiz rise edge)
                                                      0.000     0.000 r  
    W5                                                0.000     0.000 r  clk (IN)
                         net (fo=0)                   0.000     0.000    clock_geni/clk_mmcm_wizi/inst/clk_in1
    W5                   IBUF (Prop_ibuf_I_O)         1.458     1.458 r  clock_geni/clk_mmcm_wizi/inst/clkin1_ibufg/O
                         net (fo=1, routed)           1.233     2.691    clock_geni/clk_mmcm_wizi/inst/clk_in1_clk_mmcm_wiz
    MMCME2_ADV_X1Y0      MMCME2_ADV (Prop_mmcme2_adv_CLKIN1_CLKOUT0)
                                                     -6.961    -4.269 r  clock_geni/clk_mmcm_wizi/inst/mmcm_adv_inst/CLKOUT0
                         net (fo=1, routed)           1.661    -2.608    clock_geni/clk_mmcm_wizi/inst/clk_10Mhz_clk_mmcm_wiz
    BUFGCTRL_X0Y0        BUFG (Prop_bufg_I_O)         0.096    -2.512 r  clock_geni/clk_mmcm_wizi/inst/clkout1_buf/O
                         net (fo=81, routed)          1.624    -0.888    clock_geni/clk_10Mhz
    SLICE_X62Y90         FDRE                                         r  clock_geni/locked_dd_reg/C
  -------------------------------------------------------------------    -------------------
    SLICE_X62Y90         FDRE (Prop_fdre_C_Q)         0.456    -0.432 r  clock_geni/locked_dd_reg/Q
                         net (fo=11, routed)          0.860     0.428    clock_geni/reset_n
    SLICE_X62Y90         LUT1 (Prop_lut1_I0_O)        0.124     0.552 f  clock_geni/disp_reg[3]_i_2/O
                         net (fo=28, routed)          0.945     1.497    seven_seg_segi/AR[0]
    SLICE_X59Y93         FDCE                                         f  seven_seg_segi/counter_reg[10]/CLR
  -------------------------------------------------------------------    -------------------

                         (clock clk_10Mhz_clk_mmcm_wiz rise edge)
                                                    100.000   100.000 r  
    W5                                                0.000   100.000 r  clk (IN)
                         net (fo=0)                   0.000   100.000    clock_geni/clk_mmcm_wizi/inst/clk_in1
    W5                   IBUF (Prop_ibuf_I_O)         1.388   101.388 r  clock_geni/clk_mmcm_wizi/inst/clkin1_ibufg/O
                         net (fo=1, routed)           1.162   102.550    clock_geni/clk_mmcm_wizi/inst/clk_in1_clk_mmcm_wiz
    MMCME2_ADV_X1Y0      MMCME2_ADV (Prop_mmcme2_adv_CLKIN1_CLKOUT0)
                                                     -7.217    95.332 r  clock_geni/clk_mmcm_wizi/inst/mmcm_adv_inst/CLKOUT0
                         net (fo=1, routed)           1.581    96.914    clock_geni/clk_mmcm_wizi/inst/clk_10Mhz_clk_mmcm_wiz
    BUFGCTRL_X0Y0        BUFG (Prop_bufg_I_O)         0.091    97.005 r  clock_geni/clk_mmcm_wizi/inst/clkout1_buf/O
                         net (fo=81, routed)          1.508    98.512    seven_seg_segi/CLK
    SLICE_X59Y93         FDCE                                         r  seven_seg_segi/counter_reg[10]/C
                         clock pessimism              0.562    99.074    
                         clock uncertainty           -0.149    98.925    
    SLICE_X59Y93         FDCE (Recov_fdce_C_CLR)     -0.405    98.520    seven_seg_segi/counter_reg[10]
  -------------------------------------------------------------------
                         required time                         98.520    
                         arrival time                          -1.497    
  -------------------------------------------------------------------
                         slack                                 97.022    

Slack (MET) :             97.022ns  (required time - arrival time)
  Source:                 clock_geni/locked_dd_reg/C
                            (rising edge-triggered cell FDRE clocked by clk_10Mhz_clk_mmcm_wiz  {rise@0.000ns fall@50.000ns period=100.000ns})
  Destination:            seven_seg_segi/counter_reg[11]/CLR
                            (recovery check against rising-edge clock clk_10Mhz_clk_mmcm_wiz  {rise@0.000ns fall@50.000ns period=100.000ns})
  Path Group:             **async_default**
  Path Type:              Recovery (Max at Slow Process Corner)
  Requirement:            100.000ns  (clk_10Mhz_clk_mmcm_wiz rise@100.000ns - clk_10Mhz_clk_mmcm_wiz rise@0.000ns)
  Data Path Delay:        2.385ns  (logic 0.580ns (24.317%)  route 1.805ns (75.683%))
  Logic Levels:           1  (LUT1=1)
  Clock Path Skew:        -0.038ns (DCD - SCD + CPR)
    Destination Clock Delay (DCD):    -1.488ns = ( 98.512 - 100.000 ) 
    Source Clock Delay      (SCD):    -0.888ns
    Clock Pessimism Removal (CPR):    0.562ns
  Clock Uncertainty:      0.149ns  ((TSJ^2 + DJ^2)^1/2) / 2 + PE
    Total System Jitter     (TSJ):    0.071ns
    Discrete Jitter          (DJ):    0.290ns
    Phase Error              (PE):    0.000ns

    Location             Delay type                Incr(ns)  Path(ns)    Netlist Resource(s)
  -------------------------------------------------------------------    -------------------
                         (clock clk_10Mhz_clk_mmcm_wiz rise edge)
                                                      0.000     0.000 r  
    W5                                                0.000     0.000 r  clk (IN)
                         net (fo=0)                   0.000     0.000    clock_geni/clk_mmcm_wizi/inst/clk_in1
    W5                   IBUF (Prop_ibuf_I_O)         1.458     1.458 r  clock_geni/clk_mmcm_wizi/inst/clkin1_ibufg/O
                         net (fo=1, routed)           1.233     2.691    clock_geni/clk_mmcm_wizi/inst/clk_in1_clk_mmcm_wiz
    MMCME2_ADV_X1Y0      MMCME2_ADV (Prop_mmcme2_adv_CLKIN1_CLKOUT0)
                                                     -6.961    -4.269 r  clock_geni/clk_mmcm_wizi/inst/mmcm_adv_inst/CLKOUT0
                         net (fo=1, routed)           1.661    -2.608    clock_geni/clk_mmcm_wizi/inst/clk_10Mhz_clk_mmcm_wiz
    BUFGCTRL_X0Y0        BUFG (Prop_bufg_I_O)         0.096    -2.512 r  clock_geni/clk_mmcm_wizi/inst/clkout1_buf/O
                         net (fo=81, routed)          1.624    -0.888    clock_geni/clk_10Mhz
    SLICE_X62Y90         FDRE                                         r  clock_geni/locked_dd_reg/C
  -------------------------------------------------------------------    -------------------
    SLICE_X62Y90         FDRE (Prop_fdre_C_Q)         0.456    -0.432 r  clock_geni/locked_dd_reg/Q
                         net (fo=11, routed)          0.860     0.428    clock_geni/reset_n
    SLICE_X62Y90         LUT1 (Prop_lut1_I0_O)        0.124     0.552 f  clock_geni/disp_reg[3]_i_2/O
                         net (fo=28, routed)          0.945     1.497    seven_seg_segi/AR[0]
    SLICE_X59Y93         FDCE                                         f  seven_seg_segi/counter_reg[11]/CLR
  -------------------------------------------------------------------    -------------------

                         (clock clk_10Mhz_clk_mmcm_wiz rise edge)
                                                    100.000   100.000 r  
    W5                                                0.000   100.000 r  clk (IN)
                         net (fo=0)                   0.000   100.000    clock_geni/clk_mmcm_wizi/inst/clk_in1
    W5                   IBUF (Prop_ibuf_I_O)         1.388   101.388 r  clock_geni/clk_mmcm_wizi/inst/clkin1_ibufg/O
                         net (fo=1, routed)           1.162   102.550    clock_geni/clk_mmcm_wizi/inst/clk_in1_clk_mmcm_wiz
    MMCME2_ADV_X1Y0      MMCME2_ADV (Prop_mmcme2_adv_CLKIN1_CLKOUT0)
                                                     -7.217    95.332 r  clock_geni/clk_mmcm_wizi/inst/mmcm_adv_inst/CLKOUT0
                         net (fo=1, routed)           1.581    96.914    clock_geni/clk_mmcm_wizi/inst/clk_10Mhz_clk_mmcm_wiz
    BUFGCTRL_X0Y0        BUFG (Prop_bufg_I_O)         0.091    97.005 r  clock_geni/clk_mmcm_wizi/inst/clkout1_buf/O
                         net (fo=81, routed)          1.508    98.512    seven_seg_segi/CLK
    SLICE_X59Y93         FDCE                                         r  seven_seg_segi/counter_reg[11]/C
                         clock pessimism              0.562    99.074    
                         clock uncertainty           -0.149    98.925    
    SLICE_X59Y93         FDCE (Recov_fdce_C_CLR)     -0.405    98.520    seven_seg_segi/counter_reg[11]
  -------------------------------------------------------------------
                         required time                         98.520    
                         arrival time                          -1.497    
  -------------------------------------------------------------------
                         slack                                 97.022    





Min Delay Paths
--------------------------------------------------------------------------------------
Slack (MET) :             0.773ns  (arrival time - required time)
  Source:                 clock_geni/locked_dd_reg/C
                            (rising edge-triggered cell FDRE clocked by clk_10Mhz_clk_mmcm_wiz  {rise@0.000ns fall@50.000ns period=100.000ns})
  Destination:            seven_seg_segi/select_reg[1]/CLR
                            (removal check against rising-edge clock clk_10Mhz_clk_mmcm_wiz  {rise@0.000ns fall@50.000ns period=100.000ns})
  Path Group:             **async_default**
  Path Type:              Removal (Min at Fast Process Corner)
  Requirement:            0.000ns  (clk_10Mhz_clk_mmcm_wiz rise@0.000ns - clk_10Mhz_clk_mmcm_wiz rise@0.000ns)
  Data Path Delay:        0.697ns  (logic 0.186ns (26.669%)  route 0.511ns (73.331%))
  Logic Levels:           1  (LUT1=1)
  Clock Path Skew:        0.016ns (DCD - SCD - CPR)
    Destination Clock Delay (DCD):    -0.827ns
    Source Clock Delay      (SCD):    -0.589ns
    Clock Pessimism Removal (CPR):    -0.254ns

    Location             Delay type                Incr(ns)  Path(ns)    Netlist Resource(s)
  -------------------------------------------------------------------    -------------------
                         (clock clk_10Mhz_clk_mmcm_wiz rise edge)
                                                      0.000     0.000 r  
    W5                                                0.000     0.000 r  clk (IN)
                         net (fo=0)                   0.000     0.000    clock_geni/clk_mmcm_wizi/inst/clk_in1
    W5                   IBUF (Prop_ibuf_I_O)         0.226     0.226 r  clock_geni/clk_mmcm_wizi/inst/clkin1_ibufg/O
                         net (fo=1, routed)           0.440     0.667    clock_geni/clk_mmcm_wizi/inst/clk_in1_clk_mmcm_wiz
    MMCME2_ADV_X1Y0      MMCME2_ADV (Prop_mmcme2_adv_CLKIN1_CLKOUT0)
                                                     -2.360    -1.693 r  clock_geni/clk_mmcm_wizi/inst/mmcm_adv_inst/CLKOUT0
                         net (fo=1, routed)           0.486    -1.207    clock_geni/clk_mmcm_wizi/inst/clk_10Mhz_clk_mmcm_wiz
    BUFGCTRL_X0Y0        BUFG (Prop_bufg_I_O)         0.026    -1.181 r  clock_geni/clk_mmcm_wizi/inst/clkout1_buf/O
                         net (fo=81, routed)          0.592    -0.589    clock_geni/clk_10Mhz
    SLICE_X62Y90         FDRE                                         r  clock_geni/locked_dd_reg/C
  -------------------------------------------------------------------    -------------------
    SLICE_X62Y90         FDRE (Prop_fdre_C_Q)         0.141    -0.448 r  clock_geni/locked_dd_reg/Q
                         net (fo=11, routed)          0.306    -0.142    clock_geni/reset_n
    SLICE_X62Y90         LUT1 (Prop_lut1_I0_O)        0.045    -0.097 f  clock_geni/disp_reg[3]_i_2/O
                         net (fo=28, routed)          0.205     0.108    seven_seg_segi/AR[0]
    SLICE_X62Y92         FDCE                                         f  seven_seg_segi/select_reg[1]/CLR
  -------------------------------------------------------------------    -------------------

                         (clock clk_10Mhz_clk_mmcm_wiz rise edge)
                                                      0.000     0.000 r  
    W5                                                0.000     0.000 r  clk (IN)
                         net (fo=0)                   0.000     0.000    clock_geni/clk_mmcm_wizi/inst/clk_in1
    W5                   IBUF (Prop_ibuf_I_O)         0.414     0.414 r  clock_geni/clk_mmcm_wizi/inst/clkin1_ibufg/O
                         net (fo=1, routed)           0.480     0.894    clock_geni/clk_mmcm_wizi/inst/clk_in1_clk_mmcm_wiz
    MMCME2_ADV_X1Y0      MMCME2_ADV (Prop_mmcme2_adv_CLKIN1_CLKOUT0)
                                                     -3.142    -2.248 r  clock_geni/clk_mmcm_wizi/inst/mmcm_adv_inst/CLKOUT0
                         net (fo=1, routed)           0.530    -1.718    clock_geni/clk_mmcm_wizi/inst/clk_10Mhz_clk_mmcm_wiz
    BUFGCTRL_X0Y0        BUFG (Prop_bufg_I_O)         0.029    -1.689 r  clock_geni/clk_mmcm_wizi/inst/clkout1_buf/O
                         net (fo=81, routed)          0.862    -0.827    seven_seg_segi/CLK
    SLICE_X62Y92         FDCE                                         r  seven_seg_segi/select_reg[1]/C
                         clock pessimism              0.254    -0.573    
    SLICE_X62Y92         FDCE (Remov_fdce_C_CLR)     -0.092    -0.665    seven_seg_segi/select_reg[1]
  -------------------------------------------------------------------
                         required time                          0.665    
                         arrival time                           0.108    
  -------------------------------------------------------------------
                         slack                                  0.773    

Slack (MET) :             0.773ns  (arrival time - required time)
  Source:                 clock_geni/locked_dd_reg/C
                            (rising edge-triggered cell FDRE clocked by clk_10Mhz_clk_mmcm_wiz  {rise@0.000ns fall@50.000ns period=100.000ns})
  Destination:            seven_seg_segi/select_reg[2]/CLR
                            (removal check against rising-edge clock clk_10Mhz_clk_mmcm_wiz  {rise@0.000ns fall@50.000ns period=100.000ns})
  Path Group:             **async_default**
  Path Type:              Removal (Min at Fast Process Corner)
  Requirement:            0.000ns  (clk_10Mhz_clk_mmcm_wiz rise@0.000ns - clk_10Mhz_clk_mmcm_wiz rise@0.000ns)
  Data Path Delay:        0.697ns  (logic 0.186ns (26.669%)  route 0.511ns (73.331%))
  Logic Levels:           1  (LUT1=1)
  Clock Path Skew:        0.016ns (DCD - SCD - CPR)
    Destination Clock Delay (DCD):    -0.827ns
    Source Clock Delay      (SCD):    -0.589ns
    Clock Pessimism Removal (CPR):    -0.254ns

    Location             Delay type                Incr(ns)  Path(ns)    Netlist Resource(s)
  -------------------------------------------------------------------    -------------------
                         (clock clk_10Mhz_clk_mmcm_wiz rise edge)
                                                      0.000     0.000 r  
    W5                                                0.000     0.000 r  clk (IN)
                         net (fo=0)                   0.000     0.000    clock_geni/clk_mmcm_wizi/inst/clk_in1
    W5                   IBUF (Prop_ibuf_I_O)         0.226     0.226 r  clock_geni/clk_mmcm_wizi/inst/clkin1_ibufg/O
                         net (fo=1, routed)           0.440     0.667    clock_geni/clk_mmcm_wizi/inst/clk_in1_clk_mmcm_wiz
    MMCME2_ADV_X1Y0      MMCME2_ADV (Prop_mmcme2_adv_CLKIN1_CLKOUT0)
                                                     -2.360    -1.693 r  clock_geni/clk_mmcm_wizi/inst/mmcm_adv_inst/CLKOUT0
                         net (fo=1, routed)           0.486    -1.207    clock_geni/clk_mmcm_wizi/inst/clk_10Mhz_clk_mmcm_wiz
    BUFGCTRL_X0Y0        BUFG (Prop_bufg_I_O)         0.026    -1.181 r  clock_geni/clk_mmcm_wizi/inst/clkout1_buf/O
                         net (fo=81, routed)          0.592    -0.589    clock_geni/clk_10Mhz
    SLICE_X62Y90         FDRE                                         r  clock_geni/locked_dd_reg/C
  -------------------------------------------------------------------    -------------------
    SLICE_X62Y90         FDRE (Prop_fdre_C_Q)         0.141    -0.448 r  clock_geni/locked_dd_reg/Q
                         net (fo=11, routed)          0.306    -0.142    clock_geni/reset_n
    SLICE_X62Y90         LUT1 (Prop_lut1_I0_O)        0.045    -0.097 f  clock_geni/disp_reg[3]_i_2/O
                         net (fo=28, routed)          0.205     0.108    seven_seg_segi/AR[0]
    SLICE_X62Y92         FDCE                                         f  seven_seg_segi/select_reg[2]/CLR
  -------------------------------------------------------------------    -------------------

                         (clock clk_10Mhz_clk_mmcm_wiz rise edge)
                                                      0.000     0.000 r  
    W5                                                0.000     0.000 r  clk (IN)
                         net (fo=0)                   0.000     0.000    clock_geni/clk_mmcm_wizi/inst/clk_in1
    W5                   IBUF (Prop_ibuf_I_O)         0.414     0.414 r  clock_geni/clk_mmcm_wizi/inst/clkin1_ibufg/O
                         net (fo=1, routed)           0.480     0.894    clock_geni/clk_mmcm_wizi/inst/clk_in1_clk_mmcm_wiz
    MMCME2_ADV_X1Y0      MMCME2_ADV (Prop_mmcme2_adv_CLKIN1_CLKOUT0)
                                                     -3.142    -2.248 r  clock_geni/clk_mmcm_wizi/inst/mmcm_adv_inst/CLKOUT0
                         net (fo=1, routed)           0.530    -1.718    clock_geni/clk_mmcm_wizi/inst/clk_10Mhz_clk_mmcm_wiz
    BUFGCTRL_X0Y0        BUFG (Prop_bufg_I_O)         0.029    -1.689 r  clock_geni/clk_mmcm_wizi/inst/clkout1_buf/O
                         net (fo=81, routed)          0.862    -0.827    seven_seg_segi/CLK
    SLICE_X62Y92         FDCE                                         r  seven_seg_segi/select_reg[2]/C
                         clock pessimism              0.254    -0.573    
    SLICE_X62Y92         FDCE (Remov_fdce_C_CLR)     -0.092    -0.665    seven_seg_segi/select_reg[2]
  -------------------------------------------------------------------
                         required time                          0.665    
                         arrival time                           0.108    
  -------------------------------------------------------------------
                         slack                                  0.773    

Slack (MET) :             0.773ns  (arrival time - required time)
  Source:                 clock_geni/locked_dd_reg/C
                            (rising edge-triggered cell FDRE clocked by clk_10Mhz_clk_mmcm_wiz  {rise@0.000ns fall@50.000ns period=100.000ns})
  Destination:            seven_seg_segi/select_reg[3]/CLR
                            (removal check against rising-edge clock clk_10Mhz_clk_mmcm_wiz  {rise@0.000ns fall@50.000ns period=100.000ns})
  Path Group:             **async_default**
  Path Type:              Removal (Min at Fast Process Corner)
  Requirement:            0.000ns  (clk_10Mhz_clk_mmcm_wiz rise@0.000ns - clk_10Mhz_clk_mmcm_wiz rise@0.000ns)
  Data Path Delay:        0.697ns  (logic 0.186ns (26.669%)  route 0.511ns (73.331%))
  Logic Levels:           1  (LUT1=1)
  Clock Path Skew:        0.016ns (DCD - SCD - CPR)
    Destination Clock Delay (DCD):    -0.827ns
    Source Clock Delay      (SCD):    -0.589ns
    Clock Pessimism Removal (CPR):    -0.254ns

    Location             Delay type                Incr(ns)  Path(ns)    Netlist Resource(s)
  -------------------------------------------------------------------    -------------------
                         (clock clk_10Mhz_clk_mmcm_wiz rise edge)
                                                      0.000     0.000 r  
    W5                                                0.000     0.000 r  clk (IN)
                         net (fo=0)                   0.000     0.000    clock_geni/clk_mmcm_wizi/inst/clk_in1
    W5                   IBUF (Prop_ibuf_I_O)         0.226     0.226 r  clock_geni/clk_mmcm_wizi/inst/clkin1_ibufg/O
                         net (fo=1, routed)           0.440     0.667    clock_geni/clk_mmcm_wizi/inst/clk_in1_clk_mmcm_wiz
    MMCME2_ADV_X1Y0      MMCME2_ADV (Prop_mmcme2_adv_CLKIN1_CLKOUT0)
                                                     -2.360    -1.693 r  clock_geni/clk_mmcm_wizi/inst/mmcm_adv_inst/CLKOUT0
                         net (fo=1, routed)           0.486    -1.207    clock_geni/clk_mmcm_wizi/inst/clk_10Mhz_clk_mmcm_wiz
    BUFGCTRL_X0Y0        BUFG (Prop_bufg_I_O)         0.026    -1.181 r  clock_geni/clk_mmcm_wizi/inst/clkout1_buf/O
                         net (fo=81, routed)          0.592    -0.589    clock_geni/clk_10Mhz
    SLICE_X62Y90         FDRE                                         r  clock_geni/locked_dd_reg/C
  -------------------------------------------------------------------    -------------------
    SLICE_X62Y90         FDRE (Prop_fdre_C_Q)         0.141    -0.448 r  clock_geni/locked_dd_reg/Q
                         net (fo=11, routed)          0.306    -0.142    clock_geni/reset_n
    SLICE_X62Y90         LUT1 (Prop_lut1_I0_O)        0.045    -0.097 f  clock_geni/disp_reg[3]_i_2/O
                         net (fo=28, routed)          0.205     0.108    seven_seg_segi/AR[0]
    SLICE_X62Y92         FDCE                                         f  seven_seg_segi/select_reg[3]/CLR
  -------------------------------------------------------------------    -------------------

                         (clock clk_10Mhz_clk_mmcm_wiz rise edge)
                                                      0.000     0.000 r  
    W5                                                0.000     0.000 r  clk (IN)
                         net (fo=0)                   0.000     0.000    clock_geni/clk_mmcm_wizi/inst/clk_in1
    W5                   IBUF (Prop_ibuf_I_O)         0.414     0.414 r  clock_geni/clk_mmcm_wizi/inst/clkin1_ibufg/O
                         net (fo=1, routed)           0.480     0.894    clock_geni/clk_mmcm_wizi/inst/clk_in1_clk_mmcm_wiz
    MMCME2_ADV_X1Y0      MMCME2_ADV (Prop_mmcme2_adv_CLKIN1_CLKOUT0)
                                                     -3.142    -2.248 r  clock_geni/clk_mmcm_wizi/inst/mmcm_adv_inst/CLKOUT0
                         net (fo=1, routed)           0.530    -1.718    clock_geni/clk_mmcm_wizi/inst/clk_10Mhz_clk_mmcm_wiz
    BUFGCTRL_X0Y0        BUFG (Prop_bufg_I_O)         0.029    -1.689 r  clock_geni/clk_mmcm_wizi/inst/clkout1_buf/O
                         net (fo=81, routed)          0.862    -0.827    seven_seg_segi/CLK
    SLICE_X62Y92         FDCE                                         r  seven_seg_segi/select_reg[3]/C
                         clock pessimism              0.254    -0.573    
    SLICE_X62Y92         FDCE (Remov_fdce_C_CLR)     -0.092    -0.665    seven_seg_segi/select_reg[3]
  -------------------------------------------------------------------
                         required time                          0.665    
                         arrival time                           0.108    
  -------------------------------------------------------------------
                         slack                                  0.773    

Slack (MET) :             0.776ns  (arrival time - required time)
  Source:                 clock_geni/locked_dd_reg/C
                            (rising edge-triggered cell FDRE clocked by clk_10Mhz_clk_mmcm_wiz  {rise@0.000ns fall@50.000ns period=100.000ns})
  Destination:            seven_seg_segi/select_reg[0]/PRE
                            (removal check against rising-edge clock clk_10Mhz_clk_mmcm_wiz  {rise@0.000ns fall@50.000ns period=100.000ns})
  Path Group:             **async_default**
  Path Type:              Removal (Min at Fast Process Corner)
  Requirement:            0.000ns  (clk_10Mhz_clk_mmcm_wiz rise@0.000ns - clk_10Mhz_clk_mmcm_wiz rise@0.000ns)
  Data Path Delay:        0.697ns  (logic 0.186ns (26.669%)  route 0.511ns (73.331%))
  Logic Levels:           1  (LUT1=1)
  Clock Path Skew:        0.016ns (DCD - SCD - CPR)
    Destination Clock Delay (DCD):    -0.827ns
    Source Clock Delay      (SCD):    -0.589ns
    Clock Pessimism Removal (CPR):    -0.254ns

    Location             Delay type                Incr(ns)  Path(ns)    Netlist Resource(s)
  -------------------------------------------------------------------    -------------------
                         (clock clk_10Mhz_clk_mmcm_wiz rise edge)
                                                      0.000     0.000 r  
    W5                                                0.000     0.000 r  clk (IN)
                         net (fo=0)                   0.000     0.000    clock_geni/clk_mmcm_wizi/inst/clk_in1
    W5                   IBUF (Prop_ibuf_I_O)         0.226     0.226 r  clock_geni/clk_mmcm_wizi/inst/clkin1_ibufg/O
                         net (fo=1, routed)           0.440     0.667    clock_geni/clk_mmcm_wizi/inst/clk_in1_clk_mmcm_wiz
    MMCME2_ADV_X1Y0      MMCME2_ADV (Prop_mmcme2_adv_CLKIN1_CLKOUT0)
                                                     -2.360    -1.693 r  clock_geni/clk_mmcm_wizi/inst/mmcm_adv_inst/CLKOUT0
                         net (fo=1, routed)           0.486    -1.207    clock_geni/clk_mmcm_wizi/inst/clk_10Mhz_clk_mmcm_wiz
    BUFGCTRL_X0Y0        BUFG (Prop_bufg_I_O)         0.026    -1.181 r  clock_geni/clk_mmcm_wizi/inst/clkout1_buf/O
                         net (fo=81, routed)          0.592    -0.589    clock_geni/clk_10Mhz
    SLICE_X62Y90         FDRE                                         r  clock_geni/locked_dd_reg/C
  -------------------------------------------------------------------    -------------------
    SLICE_X62Y90         FDRE (Prop_fdre_C_Q)         0.141    -0.448 r  clock_geni/locked_dd_reg/Q
                         net (fo=11, routed)          0.306    -0.142    clock_geni/reset_n
    SLICE_X62Y90         LUT1 (Prop_lut1_I0_O)        0.045    -0.097 f  clock_geni/disp_reg[3]_i_2/O
                         net (fo=28, routed)          0.205     0.108    seven_seg_segi/AR[0]
    SLICE_X62Y92         FDPE                                         f  seven_seg_segi/select_reg[0]/PRE
  -------------------------------------------------------------------    -------------------

                         (clock clk_10Mhz_clk_mmcm_wiz rise edge)
                                                      0.000     0.000 r  
    W5                                                0.000     0.000 r  clk (IN)
                         net (fo=0)                   0.000     0.000    clock_geni/clk_mmcm_wizi/inst/clk_in1
    W5                   IBUF (Prop_ibuf_I_O)         0.414     0.414 r  clock_geni/clk_mmcm_wizi/inst/clkin1_ibufg/O
                         net (fo=1, routed)           0.480     0.894    clock_geni/clk_mmcm_wizi/inst/clk_in1_clk_mmcm_wiz
    MMCME2_ADV_X1Y0      MMCME2_ADV (Prop_mmcme2_adv_CLKIN1_CLKOUT0)
                                                     -3.142    -2.248 r  clock_geni/clk_mmcm_wizi/inst/mmcm_adv_inst/CLKOUT0
                         net (fo=1, routed)           0.530    -1.718    clock_geni/clk_mmcm_wizi/inst/clk_10Mhz_clk_mmcm_wiz
    BUFGCTRL_X0Y0        BUFG (Prop_bufg_I_O)         0.029    -1.689 r  clock_geni/clk_mmcm_wizi/inst/clkout1_buf/O
                         net (fo=81, routed)          0.862    -0.827    seven_seg_segi/CLK
    SLICE_X62Y92         FDPE                                         r  seven_seg_segi/select_reg[0]/C
                         clock pessimism              0.254    -0.573    
    SLICE_X62Y92         FDPE (Remov_fdpe_C_PRE)     -0.095    -0.668    seven_seg_segi/select_reg[0]
  -------------------------------------------------------------------
                         required time                          0.668    
                         arrival time                           0.108    
  -------------------------------------------------------------------
                         slack                                  0.776    

Slack (MET) :             0.877ns  (arrival time - required time)
  Source:                 clock_geni/locked_dd_reg/C
                            (rising edge-triggered cell FDRE clocked by clk_10Mhz_clk_mmcm_wiz  {rise@0.000ns fall@50.000ns period=100.000ns})
  Destination:            seven_seg_segi/counter_reg[0]/CLR
                            (removal check against rising-edge clock clk_10Mhz_clk_mmcm_wiz  {rise@0.000ns fall@50.000ns period=100.000ns})
  Path Group:             **async_default**
  Path Type:              Removal (Min at Fast Process Corner)
  Requirement:            0.000ns  (clk_10Mhz_clk_mmcm_wiz rise@0.000ns - clk_10Mhz_clk_mmcm_wiz rise@0.000ns)
  Data Path Delay:        0.820ns  (logic 0.186ns (22.676%)  route 0.634ns (77.324%))
  Logic Levels:           1  (LUT1=1)
  Clock Path Skew:        0.035ns (DCD - SCD - CPR)
    Destination Clock Delay (DCD):    -0.829ns
    Source Clock Delay      (SCD):    -0.589ns
    Clock Pessimism Removal (CPR):    -0.275ns

    Location             Delay type                Incr(ns)  Path(ns)    Netlist Resource(s)
  -------------------------------------------------------------------    -------------------
                         (clock clk_10Mhz_clk_mmcm_wiz rise edge)
                                                      0.000     0.000 r  
    W5                                                0.000     0.000 r  clk (IN)
                         net (fo=0)                   0.000     0.000    clock_geni/clk_mmcm_wizi/inst/clk_in1
    W5                   IBUF (Prop_ibuf_I_O)         0.226     0.226 r  clock_geni/clk_mmcm_wizi/inst/clkin1_ibufg/O
                         net (fo=1, routed)           0.440     0.667    clock_geni/clk_mmcm_wizi/inst/clk_in1_clk_mmcm_wiz
    MMCME2_ADV_X1Y0      MMCME2_ADV (Prop_mmcme2_adv_CLKIN1_CLKOUT0)
                                                     -2.360    -1.693 r  clock_geni/clk_mmcm_wizi/inst/mmcm_adv_inst/CLKOUT0
                         net (fo=1, routed)           0.486    -1.207    clock_geni/clk_mmcm_wizi/inst/clk_10Mhz_clk_mmcm_wiz
    BUFGCTRL_X0Y0        BUFG (Prop_bufg_I_O)         0.026    -1.181 r  clock_geni/clk_mmcm_wizi/inst/clkout1_buf/O
                         net (fo=81, routed)          0.592    -0.589    clock_geni/clk_10Mhz
    SLICE_X62Y90         FDRE                                         r  clock_geni/locked_dd_reg/C
  -------------------------------------------------------------------    -------------------
    SLICE_X62Y90         FDRE (Prop_fdre_C_Q)         0.141    -0.448 r  clock_geni/locked_dd_reg/Q
                         net (fo=11, routed)          0.306    -0.142    clock_geni/reset_n
    SLICE_X62Y90         LUT1 (Prop_lut1_I0_O)        0.045    -0.097 f  clock_geni/disp_reg[3]_i_2/O
                         net (fo=28, routed)          0.328     0.231    seven_seg_segi/AR[0]
    SLICE_X59Y90         FDCE                                         f  seven_seg_segi/counter_reg[0]/CLR
  -------------------------------------------------------------------    -------------------

                         (clock clk_10Mhz_clk_mmcm_wiz rise edge)
                                                      0.000     0.000 r  
    W5                                                0.000     0.000 r  clk (IN)
                         net (fo=0)                   0.000     0.000    clock_geni/clk_mmcm_wizi/inst/clk_in1
    W5                   IBUF (Prop_ibuf_I_O)         0.414     0.414 r  clock_geni/clk_mmcm_wizi/inst/clkin1_ibufg/O
                         net (fo=1, routed)           0.480     0.894    clock_geni/clk_mmcm_wizi/inst/clk_in1_clk_mmcm_wiz
    MMCME2_ADV_X1Y0      MMCME2_ADV (Prop_mmcme2_adv_CLKIN1_CLKOUT0)
                                                     -3.142    -2.248 r  clock_geni/clk_mmcm_wizi/inst/mmcm_adv_inst/CLKOUT0
                         net (fo=1, routed)           0.530    -1.718    clock_geni/clk_mmcm_wizi/inst/clk_10Mhz_clk_mmcm_wiz
    BUFGCTRL_X0Y0        BUFG (Prop_bufg_I_O)         0.029    -1.689 r  clock_geni/clk_mmcm_wizi/inst/clkout1_buf/O
                         net (fo=81, routed)          0.860    -0.829    seven_seg_segi/CLK
    SLICE_X59Y90         FDCE                                         r  seven_seg_segi/counter_reg[0]/C
                         clock pessimism              0.275    -0.554    
    SLICE_X59Y90         FDCE (Remov_fdce_C_CLR)     -0.092    -0.646    seven_seg_segi/counter_reg[0]
  -------------------------------------------------------------------
                         required time                          0.646    
                         arrival time                           0.231    
  -------------------------------------------------------------------
                         slack                                  0.877    

Slack (MET) :             0.877ns  (arrival time - required time)
  Source:                 clock_geni/locked_dd_reg/C
                            (rising edge-triggered cell FDRE clocked by clk_10Mhz_clk_mmcm_wiz  {rise@0.000ns fall@50.000ns period=100.000ns})
  Destination:            seven_seg_segi/counter_reg[1]/CLR
                            (removal check against rising-edge clock clk_10Mhz_clk_mmcm_wiz  {rise@0.000ns fall@50.000ns period=100.000ns})
  Path Group:             **async_default**
  Path Type:              Removal (Min at Fast Process Corner)
  Requirement:            0.000ns  (clk_10Mhz_clk_mmcm_wiz rise@0.000ns - clk_10Mhz_clk_mmcm_wiz rise@0.000ns)
  Data Path Delay:        0.820ns  (logic 0.186ns (22.676%)  route 0.634ns (77.324%))
  Logic Levels:           1  (LUT1=1)
  Clock Path Skew:        0.035ns (DCD - SCD - CPR)
    Destination Clock Delay (DCD):    -0.829ns
    Source Clock Delay      (SCD):    -0.589ns
    Clock Pessimism Removal (CPR):    -0.275ns

    Location             Delay type                Incr(ns)  Path(ns)    Netlist Resource(s)
  -------------------------------------------------------------------    -------------------
                         (clock clk_10Mhz_clk_mmcm_wiz rise edge)
                                                      0.000     0.000 r  
    W5                                                0.000     0.000 r  clk (IN)
                         net (fo=0)                   0.000     0.000    clock_geni/clk_mmcm_wizi/inst/clk_in1
    W5                   IBUF (Prop_ibuf_I_O)         0.226     0.226 r  clock_geni/clk_mmcm_wizi/inst/clkin1_ibufg/O
                         net (fo=1, routed)           0.440     0.667    clock_geni/clk_mmcm_wizi/inst/clk_in1_clk_mmcm_wiz
    MMCME2_ADV_X1Y0      MMCME2_ADV (Prop_mmcme2_adv_CLKIN1_CLKOUT0)
                                                     -2.360    -1.693 r  clock_geni/clk_mmcm_wizi/inst/mmcm_adv_inst/CLKOUT0
                         net (fo=1, routed)           0.486    -1.207    clock_geni/clk_mmcm_wizi/inst/clk_10Mhz_clk_mmcm_wiz
    BUFGCTRL_X0Y0        BUFG (Prop_bufg_I_O)         0.026    -1.181 r  clock_geni/clk_mmcm_wizi/inst/clkout1_buf/O
                         net (fo=81, routed)          0.592    -0.589    clock_geni/clk_10Mhz
    SLICE_X62Y90         FDRE                                         r  clock_geni/locked_dd_reg/C
  -------------------------------------------------------------------    -------------------
    SLICE_X62Y90         FDRE (Prop_fdre_C_Q)         0.141    -0.448 r  clock_geni/locked_dd_reg/Q
                         net (fo=11, routed)          0.306    -0.142    clock_geni/reset_n
    SLICE_X62Y90         LUT1 (Prop_lut1_I0_O)        0.045    -0.097 f  clock_geni/disp_reg[3]_i_2/O
                         net (fo=28, routed)          0.328     0.231    seven_seg_segi/AR[0]
    SLICE_X59Y90         FDCE                                         f  seven_seg_segi/counter_reg[1]/CLR
  -------------------------------------------------------------------    -------------------

                         (clock clk_10Mhz_clk_mmcm_wiz rise edge)
                                                      0.000     0.000 r  
    W5                                                0.000     0.000 r  clk (IN)
                         net (fo=0)                   0.000     0.000    clock_geni/clk_mmcm_wizi/inst/clk_in1
    W5                   IBUF (Prop_ibuf_I_O)         0.414     0.414 r  clock_geni/clk_mmcm_wizi/inst/clkin1_ibufg/O
                         net (fo=1, routed)           0.480     0.894    clock_geni/clk_mmcm_wizi/inst/clk_in1_clk_mmcm_wiz
    MMCME2_ADV_X1Y0      MMCME2_ADV (Prop_mmcme2_adv_CLKIN1_CLKOUT0)
                                                     -3.142    -2.248 r  clock_geni/clk_mmcm_wizi/inst/mmcm_adv_inst/CLKOUT0
                         net (fo=1, routed)           0.530    -1.718    clock_geni/clk_mmcm_wizi/inst/clk_10Mhz_clk_mmcm_wiz
    BUFGCTRL_X0Y0        BUFG (Prop_bufg_I_O)         0.029    -1.689 r  clock_geni/clk_mmcm_wizi/inst/clkout1_buf/O
                         net (fo=81, routed)          0.860    -0.829    seven_seg_segi/CLK
    SLICE_X59Y90         FDCE                                         r  seven_seg_segi/counter_reg[1]/C
                         clock pessimism              0.275    -0.554    
    SLICE_X59Y90         FDCE (Remov_fdce_C_CLR)     -0.092    -0.646    seven_seg_segi/counter_reg[1]
  -------------------------------------------------------------------
                         required time                          0.646    
                         arrival time                           0.231    
  -------------------------------------------------------------------
                         slack                                  0.877    

Slack (MET) :             0.877ns  (arrival time - required time)
  Source:                 clock_geni/locked_dd_reg/C
                            (rising edge-triggered cell FDRE clocked by clk_10Mhz_clk_mmcm_wiz  {rise@0.000ns fall@50.000ns period=100.000ns})
  Destination:            seven_seg_segi/counter_reg[2]/CLR
                            (removal check against rising-edge clock clk_10Mhz_clk_mmcm_wiz  {rise@0.000ns fall@50.000ns period=100.000ns})
  Path Group:             **async_default**
  Path Type:              Removal (Min at Fast Process Corner)
  Requirement:            0.000ns  (clk_10Mhz_clk_mmcm_wiz rise@0.000ns - clk_10Mhz_clk_mmcm_wiz rise@0.000ns)
  Data Path Delay:        0.820ns  (logic 0.186ns (22.676%)  route 0.634ns (77.324%))
  Logic Levels:           1  (LUT1=1)
  Clock Path Skew:        0.035ns (DCD - SCD - CPR)
    Destination Clock Delay (DCD):    -0.829ns
    Source Clock Delay      (SCD):    -0.589ns
    Clock Pessimism Removal (CPR):    -0.275ns

    Location             Delay type                Incr(ns)  Path(ns)    Netlist Resource(s)
  -------------------------------------------------------------------    -------------------
                         (clock clk_10Mhz_clk_mmcm_wiz rise edge)
                                                      0.000     0.000 r  
    W5                                                0.000     0.000 r  clk (IN)
                         net (fo=0)                   0.000     0.000    clock_geni/clk_mmcm_wizi/inst/clk_in1
    W5                   IBUF (Prop_ibuf_I_O)         0.226     0.226 r  clock_geni/clk_mmcm_wizi/inst/clkin1_ibufg/O
                         net (fo=1, routed)           0.440     0.667    clock_geni/clk_mmcm_wizi/inst/clk_in1_clk_mmcm_wiz
    MMCME2_ADV_X1Y0      MMCME2_ADV (Prop_mmcme2_adv_CLKIN1_CLKOUT0)
                                                     -2.360    -1.693 r  clock_geni/clk_mmcm_wizi/inst/mmcm_adv_inst/CLKOUT0
                         net (fo=1, routed)           0.486    -1.207    clock_geni/clk_mmcm_wizi/inst/clk_10Mhz_clk_mmcm_wiz
    BUFGCTRL_X0Y0        BUFG (Prop_bufg_I_O)         0.026    -1.181 r  clock_geni/clk_mmcm_wizi/inst/clkout1_buf/O
                         net (fo=81, routed)          0.592    -0.589    clock_geni/clk_10Mhz
    SLICE_X62Y90         FDRE                                         r  clock_geni/locked_dd_reg/C
  -------------------------------------------------------------------    -------------------
    SLICE_X62Y90         FDRE (Prop_fdre_C_Q)         0.141    -0.448 r  clock_geni/locked_dd_reg/Q
                         net (fo=11, routed)          0.306    -0.142    clock_geni/reset_n
    SLICE_X62Y90         LUT1 (Prop_lut1_I0_O)        0.045    -0.097 f  clock_geni/disp_reg[3]_i_2/O
                         net (fo=28, routed)          0.328     0.231    seven_seg_segi/AR[0]
    SLICE_X59Y90         FDCE                                         f  seven_seg_segi/counter_reg[2]/CLR
  -------------------------------------------------------------------    -------------------

                         (clock clk_10Mhz_clk_mmcm_wiz rise edge)
                                                      0.000     0.000 r  
    W5                                                0.000     0.000 r  clk (IN)
                         net (fo=0)                   0.000     0.000    clock_geni/clk_mmcm_wizi/inst/clk_in1
    W5                   IBUF (Prop_ibuf_I_O)         0.414     0.414 r  clock_geni/clk_mmcm_wizi/inst/clkin1_ibufg/O
                         net (fo=1, routed)           0.480     0.894    clock_geni/clk_mmcm_wizi/inst/clk_in1_clk_mmcm_wiz
    MMCME2_ADV_X1Y0      MMCME2_ADV (Prop_mmcme2_adv_CLKIN1_CLKOUT0)
                                                     -3.142    -2.248 r  clock_geni/clk_mmcm_wizi/inst/mmcm_adv_inst/CLKOUT0
                         net (fo=1, routed)           0.530    -1.718    clock_geni/clk_mmcm_wizi/inst/clk_10Mhz_clk_mmcm_wiz
    BUFGCTRL_X0Y0        BUFG (Prop_bufg_I_O)         0.029    -1.689 r  clock_geni/clk_mmcm_wizi/inst/clkout1_buf/O
                         net (fo=81, routed)          0.860    -0.829    seven_seg_segi/CLK
    SLICE_X59Y90         FDCE                                         r  seven_seg_segi/counter_reg[2]/C
                         clock pessimism              0.275    -0.554    
    SLICE_X59Y90         FDCE (Remov_fdce_C_CLR)     -0.092    -0.646    seven_seg_segi/counter_reg[2]
  -------------------------------------------------------------------
                         required time                          0.646    
                         arrival time                           0.231    
  -------------------------------------------------------------------
                         slack                                  0.877    

Slack (MET) :             0.877ns  (arrival time - required time)
  Source:                 clock_geni/locked_dd_reg/C
                            (rising edge-triggered cell FDRE clocked by clk_10Mhz_clk_mmcm_wiz  {rise@0.000ns fall@50.000ns period=100.000ns})
  Destination:            seven_seg_segi/counter_reg[3]/CLR
                            (removal check against rising-edge clock clk_10Mhz_clk_mmcm_wiz  {rise@0.000ns fall@50.000ns period=100.000ns})
  Path Group:             **async_default**
  Path Type:              Removal (Min at Fast Process Corner)
  Requirement:            0.000ns  (clk_10Mhz_clk_mmcm_wiz rise@0.000ns - clk_10Mhz_clk_mmcm_wiz rise@0.000ns)
  Data Path Delay:        0.820ns  (logic 0.186ns (22.676%)  route 0.634ns (77.324%))
  Logic Levels:           1  (LUT1=1)
  Clock Path Skew:        0.035ns (DCD - SCD - CPR)
    Destination Clock Delay (DCD):    -0.829ns
    Source Clock Delay      (SCD):    -0.589ns
    Clock Pessimism Removal (CPR):    -0.275ns

    Location             Delay type                Incr(ns)  Path(ns)    Netlist Resource(s)
  -------------------------------------------------------------------    -------------------
                         (clock clk_10Mhz_clk_mmcm_wiz rise edge)
                                                      0.000     0.000 r  
    W5                                                0.000     0.000 r  clk (IN)
                         net (fo=0)                   0.000     0.000    clock_geni/clk_mmcm_wizi/inst/clk_in1
    W5                   IBUF (Prop_ibuf_I_O)         0.226     0.226 r  clock_geni/clk_mmcm_wizi/inst/clkin1_ibufg/O
                         net (fo=1, routed)           0.440     0.667    clock_geni/clk_mmcm_wizi/inst/clk_in1_clk_mmcm_wiz
    MMCME2_ADV_X1Y0      MMCME2_ADV (Prop_mmcme2_adv_CLKIN1_CLKOUT0)
                                                     -2.360    -1.693 r  clock_geni/clk_mmcm_wizi/inst/mmcm_adv_inst/CLKOUT0
                         net (fo=1, routed)           0.486    -1.207    clock_geni/clk_mmcm_wizi/inst/clk_10Mhz_clk_mmcm_wiz
    BUFGCTRL_X0Y0        BUFG (Prop_bufg_I_O)         0.026    -1.181 r  clock_geni/clk_mmcm_wizi/inst/clkout1_buf/O
                         net (fo=81, routed)          0.592    -0.589    clock_geni/clk_10Mhz
    SLICE_X62Y90         FDRE                                         r  clock_geni/locked_dd_reg/C
  -------------------------------------------------------------------    -------------------
    SLICE_X62Y90         FDRE (Prop_fdre_C_Q)         0.141    -0.448 r  clock_geni/locked_dd_reg/Q
                         net (fo=11, routed)          0.306    -0.142    clock_geni/reset_n
    SLICE_X62Y90         LUT1 (Prop_lut1_I0_O)        0.045    -0.097 f  clock_geni/disp_reg[3]_i_2/O
                         net (fo=28, routed)          0.328     0.231    seven_seg_segi/AR[0]
    SLICE_X59Y90         FDCE                                         f  seven_seg_segi/counter_reg[3]/CLR
  -------------------------------------------------------------------    -------------------

                         (clock clk_10Mhz_clk_mmcm_wiz rise edge)
                                                      0.000     0.000 r  
    W5                                                0.000     0.000 r  clk (IN)
                         net (fo=0)                   0.000     0.000    clock_geni/clk_mmcm_wizi/inst/clk_in1
    W5                   IBUF (Prop_ibuf_I_O)         0.414     0.414 r  clock_geni/clk_mmcm_wizi/inst/clkin1_ibufg/O
                         net (fo=1, routed)           0.480     0.894    clock_geni/clk_mmcm_wizi/inst/clk_in1_clk_mmcm_wiz
    MMCME2_ADV_X1Y0      MMCME2_ADV (Prop_mmcme2_adv_CLKIN1_CLKOUT0)
                                                     -3.142    -2.248 r  clock_geni/clk_mmcm_wizi/inst/mmcm_adv_inst/CLKOUT0
                         net (fo=1, routed)           0.530    -1.718    clock_geni/clk_mmcm_wizi/inst/clk_10Mhz_clk_mmcm_wiz
    BUFGCTRL_X0Y0        BUFG (Prop_bufg_I_O)         0.029    -1.689 r  clock_geni/clk_mmcm_wizi/inst/clkout1_buf/O
                         net (fo=81, routed)          0.860    -0.829    seven_seg_segi/CLK
    SLICE_X59Y90         FDCE                                         r  seven_seg_segi/counter_reg[3]/C
                         clock pessimism              0.275    -0.554    
    SLICE_X59Y90         FDCE (Remov_fdce_C_CLR)     -0.092    -0.646    seven_seg_segi/counter_reg[3]
  -------------------------------------------------------------------
                         required time                          0.646    
                         arrival time                           0.231    
  -------------------------------------------------------------------
                         slack                                  0.877    

Slack (MET) :             0.918ns  (arrival time - required time)
  Source:                 clock_geni/locked_dd_reg/C
                            (rising edge-triggered cell FDRE clocked by clk_10Mhz_clk_mmcm_wiz  {rise@0.000ns fall@50.000ns period=100.000ns})
  Destination:            seven_seg_segi/counter_reg[10]/CLR
                            (removal check against rising-edge clock clk_10Mhz_clk_mmcm_wiz  {rise@0.000ns fall@50.000ns period=100.000ns})
  Path Group:             **async_default**
  Path Type:              Removal (Min at Fast Process Corner)
  Requirement:            0.000ns  (clk_10Mhz_clk_mmcm_wiz rise@0.000ns - clk_10Mhz_clk_mmcm_wiz rise@0.000ns)
  Data Path Delay:        0.862ns  (logic 0.186ns (21.573%)  route 0.676ns (78.427%))
  Logic Levels:           1  (LUT1=1)
  Clock Path Skew:        0.036ns (DCD - SCD - CPR)
    Destination Clock Delay (DCD):    -0.828ns
    Source Clock Delay      (SCD):    -0.589ns
    Clock Pessimism Removal (CPR):    -0.275ns

    Location             Delay type                Incr(ns)  Path(ns)    Netlist Resource(s)
  -------------------------------------------------------------------    -------------------
                         (clock clk_10Mhz_clk_mmcm_wiz rise edge)
                                                      0.000     0.000 r  
    W5                                                0.000     0.000 r  clk (IN)
                         net (fo=0)                   0.000     0.000    clock_geni/clk_mmcm_wizi/inst/clk_in1
    W5                   IBUF (Prop_ibuf_I_O)         0.226     0.226 r  clock_geni/clk_mmcm_wizi/inst/clkin1_ibufg/O
                         net (fo=1, routed)           0.440     0.667    clock_geni/clk_mmcm_wizi/inst/clk_in1_clk_mmcm_wiz
    MMCME2_ADV_X1Y0      MMCME2_ADV (Prop_mmcme2_adv_CLKIN1_CLKOUT0)
                                                     -2.360    -1.693 r  clock_geni/clk_mmcm_wizi/inst/mmcm_adv_inst/CLKOUT0
                         net (fo=1, routed)           0.486    -1.207    clock_geni/clk_mmcm_wizi/inst/clk_10Mhz_clk_mmcm_wiz
    BUFGCTRL_X0Y0        BUFG (Prop_bufg_I_O)         0.026    -1.181 r  clock_geni/clk_mmcm_wizi/inst/clkout1_buf/O
                         net (fo=81, routed)          0.592    -0.589    clock_geni/clk_10Mhz
    SLICE_X62Y90         FDRE                                         r  clock_geni/locked_dd_reg/C
  -------------------------------------------------------------------    -------------------
    SLICE_X62Y90         FDRE (Prop_fdre_C_Q)         0.141    -0.448 r  clock_geni/locked_dd_reg/Q
                         net (fo=11, routed)          0.306    -0.142    clock_geni/reset_n
    SLICE_X62Y90         LUT1 (Prop_lut1_I0_O)        0.045    -0.097 f  clock_geni/disp_reg[3]_i_2/O
                         net (fo=28, routed)          0.370     0.273    seven_seg_segi/AR[0]
    SLICE_X59Y93         FDCE                                         f  seven_seg_segi/counter_reg[10]/CLR
  -------------------------------------------------------------------    -------------------

                         (clock clk_10Mhz_clk_mmcm_wiz rise edge)
                                                      0.000     0.000 r  
    W5                                                0.000     0.000 r  clk (IN)
                         net (fo=0)                   0.000     0.000    clock_geni/clk_mmcm_wizi/inst/clk_in1
    W5                   IBUF (Prop_ibuf_I_O)         0.414     0.414 r  clock_geni/clk_mmcm_wizi/inst/clkin1_ibufg/O
                         net (fo=1, routed)           0.480     0.894    clock_geni/clk_mmcm_wizi/inst/clk_in1_clk_mmcm_wiz
    MMCME2_ADV_X1Y0      MMCME2_ADV (Prop_mmcme2_adv_CLKIN1_CLKOUT0)
                                                     -3.142    -2.248 r  clock_geni/clk_mmcm_wizi/inst/mmcm_adv_inst/CLKOUT0
                         net (fo=1, routed)           0.530    -1.718    clock_geni/clk_mmcm_wizi/inst/clk_10Mhz_clk_mmcm_wiz
    BUFGCTRL_X0Y0        BUFG (Prop_bufg_I_O)         0.029    -1.689 r  clock_geni/clk_mmcm_wizi/inst/clkout1_buf/O
                         net (fo=81, routed)          0.861    -0.828    seven_seg_segi/CLK
    SLICE_X59Y93         FDCE                                         r  seven_seg_segi/counter_reg[10]/C
                         clock pessimism              0.275    -0.553    
    SLICE_X59Y93         FDCE (Remov_fdce_C_CLR)     -0.092    -0.645    seven_seg_segi/counter_reg[10]
  -------------------------------------------------------------------
                         required time                          0.645    
                         arrival time                           0.273    
  -------------------------------------------------------------------
                         slack                                  0.918    

Slack (MET) :             0.918ns  (arrival time - required time)
  Source:                 clock_geni/locked_dd_reg/C
                            (rising edge-triggered cell FDRE clocked by clk_10Mhz_clk_mmcm_wiz  {rise@0.000ns fall@50.000ns period=100.000ns})
  Destination:            seven_seg_segi/counter_reg[11]/CLR
                            (removal check against rising-edge clock clk_10Mhz_clk_mmcm_wiz  {rise@0.000ns fall@50.000ns period=100.000ns})
  Path Group:             **async_default**
  Path Type:              Removal (Min at Fast Process Corner)
  Requirement:            0.000ns  (clk_10Mhz_clk_mmcm_wiz rise@0.000ns - clk_10Mhz_clk_mmcm_wiz rise@0.000ns)
  Data Path Delay:        0.862ns  (logic 0.186ns (21.573%)  route 0.676ns (78.427%))
  Logic Levels:           1  (LUT1=1)
  Clock Path Skew:        0.036ns (DCD - SCD - CPR)
    Destination Clock Delay (DCD):    -0.828ns
    Source Clock Delay      (SCD):    -0.589ns
    Clock Pessimism Removal (CPR):    -0.275ns

    Location             Delay type                Incr(ns)  Path(ns)    Netlist Resource(s)
  -------------------------------------------------------------------    -------------------
                         (clock clk_10Mhz_clk_mmcm_wiz rise edge)
                                                      0.000     0.000 r  
    W5                                                0.000     0.000 r  clk (IN)
                         net (fo=0)                   0.000     0.000    clock_geni/clk_mmcm_wizi/inst/clk_in1
    W5                   IBUF (Prop_ibuf_I_O)         0.226     0.226 r  clock_geni/clk_mmcm_wizi/inst/clkin1_ibufg/O
                         net (fo=1, routed)           0.440     0.667    clock_geni/clk_mmcm_wizi/inst/clk_in1_clk_mmcm_wiz
    MMCME2_ADV_X1Y0      MMCME2_ADV (Prop_mmcme2_adv_CLKIN1_CLKOUT0)
                                                     -2.360    -1.693 r  clock_geni/clk_mmcm_wizi/inst/mmcm_adv_inst/CLKOUT0
                         net (fo=1, routed)           0.486    -1.207    clock_geni/clk_mmcm_wizi/inst/clk_10Mhz_clk_mmcm_wiz
    BUFGCTRL_X0Y0        BUFG (Prop_bufg_I_O)         0.026    -1.181 r  clock_geni/clk_mmcm_wizi/inst/clkout1_buf/O
                         net (fo=81, routed)          0.592    -0.589    clock_geni/clk_10Mhz
    SLICE_X62Y90         FDRE                                         r  clock_geni/locked_dd_reg/C
  -------------------------------------------------------------------    -------------------
    SLICE_X62Y90         FDRE (Prop_fdre_C_Q)         0.141    -0.448 r  clock_geni/locked_dd_reg/Q
                         net (fo=11, routed)          0.306    -0.142    clock_geni/reset_n
    SLICE_X62Y90         LUT1 (Prop_lut1_I0_O)        0.045    -0.097 f  clock_geni/disp_reg[3]_i_2/O
                         net (fo=28, routed)          0.370     0.273    seven_seg_segi/AR[0]
    SLICE_X59Y93         FDCE                                         f  seven_seg_segi/counter_reg[11]/CLR
  -------------------------------------------------------------------    -------------------

                         (clock clk_10Mhz_clk_mmcm_wiz rise edge)
                                                      0.000     0.000 r  
    W5                                                0.000     0.000 r  clk (IN)
                         net (fo=0)                   0.000     0.000    clock_geni/clk_mmcm_wizi/inst/clk_in1
    W5                   IBUF (Prop_ibuf_I_O)         0.414     0.414 r  clock_geni/clk_mmcm_wizi/inst/clkin1_ibufg/O
                         net (fo=1, routed)           0.480     0.894    clock_geni/clk_mmcm_wizi/inst/clk_in1_clk_mmcm_wiz
    MMCME2_ADV_X1Y0      MMCME2_ADV (Prop_mmcme2_adv_CLKIN1_CLKOUT0)
                                                     -3.142    -2.248 r  clock_geni/clk_mmcm_wizi/inst/mmcm_adv_inst/CLKOUT0
                         net (fo=1, routed)           0.530    -1.718    clock_geni/clk_mmcm_wizi/inst/clk_10Mhz_clk_mmcm_wiz
    BUFGCTRL_X0Y0        BUFG (Prop_bufg_I_O)         0.029    -1.689 r  clock_geni/clk_mmcm_wizi/inst/clkout1_buf/O
                         net (fo=81, routed)          0.861    -0.828    seven_seg_segi/CLK
    SLICE_X59Y93         FDCE                                         r  seven_seg_segi/counter_reg[11]/C
                         clock pessimism              0.275    -0.553    
    SLICE_X59Y93         FDCE (Remov_fdce_C_CLR)     -0.092    -0.645    seven_seg_segi/counter_reg[11]
  -------------------------------------------------------------------
                         required time                          0.645    
                         arrival time                           0.273    
  -------------------------------------------------------------------
                         slack                                  0.918    





---------------------------------------------------------------------------------------------------
Path Group:  **async_default**
From Clock:  clk_10Mhz_clk_mmcm_wiz_1
  To Clock:  clk_10Mhz_clk_mmcm_wiz

Setup :            0  Failing Endpoints,  Worst Slack       96.847ns,  Total Violation        0.000ns
Hold  :            0  Failing Endpoints,  Worst Slack        0.624ns,  Total Violation        0.000ns
---------------------------------------------------------------------------------------------------


Max Delay Paths
--------------------------------------------------------------------------------------
Slack (MET) :             96.847ns  (required time - arrival time)
  Source:                 clock_geni/locked_dd_reg/C
                            (rising edge-triggered cell FDRE clocked by clk_10Mhz_clk_mmcm_wiz_1  {rise@0.000ns fall@50.000ns period=100.000ns})
  Destination:            seven_seg_segi/counter_reg[14]/CLR
                            (recovery check against rising-edge clock clk_10Mhz_clk_mmcm_wiz  {rise@0.000ns fall@50.000ns period=100.000ns})
  Path Group:             **async_default**
  Path Type:              Recovery (Max at Slow Process Corner)
  Requirement:            100.000ns  (clk_10Mhz_clk_mmcm_wiz rise@100.000ns - clk_10Mhz_clk_mmcm_wiz_1 rise@0.000ns)
  Data Path Delay:        2.561ns  (logic 0.580ns (22.652%)  route 1.981ns (77.348%))
  Logic Levels:           1  (LUT1=1)
  Clock Path Skew:        -0.038ns (DCD - SCD + CPR)
    Destination Clock Delay (DCD):    -1.488ns = ( 98.512 - 100.000 ) 
    Source Clock Delay      (SCD):    -0.888ns
    Clock Pessimism Removal (CPR):    0.562ns
  Clock Uncertainty:      0.149ns  ((TSJ^2 + DJ^2)^1/2) / 2 + PE
    Total System Jitter     (TSJ):    0.071ns
    Discrete Jitter          (DJ):    0.290ns
    Phase Error              (PE):    0.000ns
  Clock Domain Crossing:  Inter clock paths are considered valid unless explicitly excluded by timing constraints such as set_clock_groups or set_false_path.

    Location             Delay type                Incr(ns)  Path(ns)    Netlist Resource(s)
  -------------------------------------------------------------------    -------------------
                         (clock clk_10Mhz_clk_mmcm_wiz_1 rise edge)
                                                      0.000     0.000 r  
    W5                                                0.000     0.000 r  clk (IN)
                         net (fo=0)                   0.000     0.000    clock_geni/clk_mmcm_wizi/inst/clk_in1
    W5                   IBUF (Prop_ibuf_I_O)         1.458     1.458 r  clock_geni/clk_mmcm_wizi/inst/clkin1_ibufg/O
                         net (fo=1, routed)           1.233     2.691    clock_geni/clk_mmcm_wizi/inst/clk_in1_clk_mmcm_wiz
    MMCME2_ADV_X1Y0      MMCME2_ADV (Prop_mmcme2_adv_CLKIN1_CLKOUT0)
                                                     -6.961    -4.269 r  clock_geni/clk_mmcm_wizi/inst/mmcm_adv_inst/CLKOUT0
                         net (fo=1, routed)           1.661    -2.608    clock_geni/clk_mmcm_wizi/inst/clk_10Mhz_clk_mmcm_wiz
    BUFGCTRL_X0Y0        BUFG (Prop_bufg_I_O)         0.096    -2.512 r  clock_geni/clk_mmcm_wizi/inst/clkout1_buf/O
                         net (fo=81, routed)          1.624    -0.888    clock_geni/clk_10Mhz
    SLICE_X62Y90         FDRE                                         r  clock_geni/locked_dd_reg/C
  -------------------------------------------------------------------    -------------------
    SLICE_X62Y90         FDRE (Prop_fdre_C_Q)         0.456    -0.432 r  clock_geni/locked_dd_reg/Q
                         net (fo=11, routed)          0.860     0.428    clock_geni/reset_n
    SLICE_X62Y90         LUT1 (Prop_lut1_I0_O)        0.124     0.552 f  clock_geni/disp_reg[3]_i_2/O
                         net (fo=28, routed)          1.120     1.673    seven_seg_segi/AR[0]
    SLICE_X59Y94         FDCE                                         f  seven_seg_segi/counter_reg[14]/CLR
  -------------------------------------------------------------------    -------------------

                         (clock clk_10Mhz_clk_mmcm_wiz rise edge)
                                                    100.000   100.000 r  
    W5                                                0.000   100.000 r  clk (IN)
                         net (fo=0)                   0.000   100.000    clock_geni/clk_mmcm_wizi/inst/clk_in1
    W5                   IBUF (Prop_ibuf_I_O)         1.388   101.388 r  clock_geni/clk_mmcm_wizi/inst/clkin1_ibufg/O
                         net (fo=1, routed)           1.162   102.550    clock_geni/clk_mmcm_wizi/inst/clk_in1_clk_mmcm_wiz
    MMCME2_ADV_X1Y0      MMCME2_ADV (Prop_mmcme2_adv_CLKIN1_CLKOUT0)
                                                     -7.217    95.332 r  clock_geni/clk_mmcm_wizi/inst/mmcm_adv_inst/CLKOUT0
                         net (fo=1, routed)           1.581    96.914    clock_geni/clk_mmcm_wizi/inst/clk_10Mhz_clk_mmcm_wiz
    BUFGCTRL_X0Y0        BUFG (Prop_bufg_I_O)         0.091    97.005 r  clock_geni/clk_mmcm_wizi/inst/clkout1_buf/O
                         net (fo=81, routed)          1.508    98.512    seven_seg_segi/CLK
    SLICE_X59Y94         FDCE                                         r  seven_seg_segi/counter_reg[14]/C
                         clock pessimism              0.562    99.074    
                         clock uncertainty           -0.149    98.925    
    SLICE_X59Y94         FDCE (Recov_fdce_C_CLR)     -0.405    98.520    seven_seg_segi/counter_reg[14]
  -------------------------------------------------------------------
                         required time                         98.520    
                         arrival time                          -1.673    
  -------------------------------------------------------------------
                         slack                                 96.847    

Slack (MET) :             96.847ns  (required time - arrival time)
  Source:                 clock_geni/locked_dd_reg/C
                            (rising edge-triggered cell FDRE clocked by clk_10Mhz_clk_mmcm_wiz_1  {rise@0.000ns fall@50.000ns period=100.000ns})
  Destination:            seven_seg_segi/counter_reg[15]/CLR
                            (recovery check against rising-edge clock clk_10Mhz_clk_mmcm_wiz  {rise@0.000ns fall@50.000ns period=100.000ns})
  Path Group:             **async_default**
  Path Type:              Recovery (Max at Slow Process Corner)
  Requirement:            100.000ns  (clk_10Mhz_clk_mmcm_wiz rise@100.000ns - clk_10Mhz_clk_mmcm_wiz_1 rise@0.000ns)
  Data Path Delay:        2.561ns  (logic 0.580ns (22.652%)  route 1.981ns (77.348%))
  Logic Levels:           1  (LUT1=1)
  Clock Path Skew:        -0.038ns (DCD - SCD + CPR)
    Destination Clock Delay (DCD):    -1.488ns = ( 98.512 - 100.000 ) 
    Source Clock Delay      (SCD):    -0.888ns
    Clock Pessimism Removal (CPR):    0.562ns
  Clock Uncertainty:      0.149ns  ((TSJ^2 + DJ^2)^1/2) / 2 + PE
    Total System Jitter     (TSJ):    0.071ns
    Discrete Jitter          (DJ):    0.290ns
    Phase Error              (PE):    0.000ns
  Clock Domain Crossing:  Inter clock paths are considered valid unless explicitly excluded by timing constraints such as set_clock_groups or set_false_path.

    Location             Delay type                Incr(ns)  Path(ns)    Netlist Resource(s)
  -------------------------------------------------------------------    -------------------
                         (clock clk_10Mhz_clk_mmcm_wiz_1 rise edge)
                                                      0.000     0.000 r  
    W5                                                0.000     0.000 r  clk (IN)
                         net (fo=0)                   0.000     0.000    clock_geni/clk_mmcm_wizi/inst/clk_in1
    W5                   IBUF (Prop_ibuf_I_O)         1.458     1.458 r  clock_geni/clk_mmcm_wizi/inst/clkin1_ibufg/O
                         net (fo=1, routed)           1.233     2.691    clock_geni/clk_mmcm_wizi/inst/clk_in1_clk_mmcm_wiz
    MMCME2_ADV_X1Y0      MMCME2_ADV (Prop_mmcme2_adv_CLKIN1_CLKOUT0)
                                                     -6.961    -4.269 r  clock_geni/clk_mmcm_wizi/inst/mmcm_adv_inst/CLKOUT0
                         net (fo=1, routed)           1.661    -2.608    clock_geni/clk_mmcm_wizi/inst/clk_10Mhz_clk_mmcm_wiz
    BUFGCTRL_X0Y0        BUFG (Prop_bufg_I_O)         0.096    -2.512 r  clock_geni/clk_mmcm_wizi/inst/clkout1_buf/O
                         net (fo=81, routed)          1.624    -0.888    clock_geni/clk_10Mhz
    SLICE_X62Y90         FDRE                                         r  clock_geni/locked_dd_reg/C
  -------------------------------------------------------------------    -------------------
    SLICE_X62Y90         FDRE (Prop_fdre_C_Q)         0.456    -0.432 r  clock_geni/locked_dd_reg/Q
                         net (fo=11, routed)          0.860     0.428    clock_geni/reset_n
    SLICE_X62Y90         LUT1 (Prop_lut1_I0_O)        0.124     0.552 f  clock_geni/disp_reg[3]_i_2/O
                         net (fo=28, routed)          1.120     1.673    seven_seg_segi/AR[0]
    SLICE_X59Y94         FDCE                                         f  seven_seg_segi/counter_reg[15]/CLR
  -------------------------------------------------------------------    -------------------

                         (clock clk_10Mhz_clk_mmcm_wiz rise edge)
                                                    100.000   100.000 r  
    W5                                                0.000   100.000 r  clk (IN)
                         net (fo=0)                   0.000   100.000    clock_geni/clk_mmcm_wizi/inst/clk_in1
    W5                   IBUF (Prop_ibuf_I_O)         1.388   101.388 r  clock_geni/clk_mmcm_wizi/inst/clkin1_ibufg/O
                         net (fo=1, routed)           1.162   102.550    clock_geni/clk_mmcm_wizi/inst/clk_in1_clk_mmcm_wiz
    MMCME2_ADV_X1Y0      MMCME2_ADV (Prop_mmcme2_adv_CLKIN1_CLKOUT0)
                                                     -7.217    95.332 r  clock_geni/clk_mmcm_wizi/inst/mmcm_adv_inst/CLKOUT0
                         net (fo=1, routed)           1.581    96.914    clock_geni/clk_mmcm_wizi/inst/clk_10Mhz_clk_mmcm_wiz
    BUFGCTRL_X0Y0        BUFG (Prop_bufg_I_O)         0.091    97.005 r  clock_geni/clk_mmcm_wizi/inst/clkout1_buf/O
                         net (fo=81, routed)          1.508    98.512    seven_seg_segi/CLK
    SLICE_X59Y94         FDCE                                         r  seven_seg_segi/counter_reg[15]/C
                         clock pessimism              0.562    99.074    
                         clock uncertainty           -0.149    98.925    
    SLICE_X59Y94         FDCE (Recov_fdce_C_CLR)     -0.405    98.520    seven_seg_segi/counter_reg[15]
  -------------------------------------------------------------------
                         required time                         98.520    
                         arrival time                          -1.673    
  -------------------------------------------------------------------
                         slack                                 96.847    

Slack (MET) :             96.989ns  (required time - arrival time)
  Source:                 clock_geni/locked_dd_reg/C
                            (rising edge-triggered cell FDRE clocked by clk_10Mhz_clk_mmcm_wiz_1  {rise@0.000ns fall@50.000ns period=100.000ns})
  Destination:            seven_seg_segi/counter_reg[6]/CLR
                            (recovery check against rising-edge clock clk_10Mhz_clk_mmcm_wiz  {rise@0.000ns fall@50.000ns period=100.000ns})
  Path Group:             **async_default**
  Path Type:              Recovery (Max at Slow Process Corner)
  Requirement:            100.000ns  (clk_10Mhz_clk_mmcm_wiz rise@100.000ns - clk_10Mhz_clk_mmcm_wiz_1 rise@0.000ns)
  Data Path Delay:        2.417ns  (logic 0.580ns (23.992%)  route 1.837ns (76.008%))
  Logic Levels:           1  (LUT1=1)
  Clock Path Skew:        -0.039ns (DCD - SCD + CPR)
    Destination Clock Delay (DCD):    -1.489ns = ( 98.511 - 100.000 ) 
    Source Clock Delay      (SCD):    -0.888ns
    Clock Pessimism Removal (CPR):    0.562ns
  Clock Uncertainty:      0.149ns  ((TSJ^2 + DJ^2)^1/2) / 2 + PE
    Total System Jitter     (TSJ):    0.071ns
    Discrete Jitter          (DJ):    0.290ns
    Phase Error              (PE):    0.000ns
  Clock Domain Crossing:  Inter clock paths are considered valid unless explicitly excluded by timing constraints such as set_clock_groups or set_false_path.

    Location             Delay type                Incr(ns)  Path(ns)    Netlist Resource(s)
  -------------------------------------------------------------------    -------------------
                         (clock clk_10Mhz_clk_mmcm_wiz_1 rise edge)
                                                      0.000     0.000 r  
    W5                                                0.000     0.000 r  clk (IN)
                         net (fo=0)                   0.000     0.000    clock_geni/clk_mmcm_wizi/inst/clk_in1
    W5                   IBUF (Prop_ibuf_I_O)         1.458     1.458 r  clock_geni/clk_mmcm_wizi/inst/clkin1_ibufg/O
                         net (fo=1, routed)           1.233     2.691    clock_geni/clk_mmcm_wizi/inst/clk_in1_clk_mmcm_wiz
    MMCME2_ADV_X1Y0      MMCME2_ADV (Prop_mmcme2_adv_CLKIN1_CLKOUT0)
                                                     -6.961    -4.269 r  clock_geni/clk_mmcm_wizi/inst/mmcm_adv_inst/CLKOUT0
                         net (fo=1, routed)           1.661    -2.608    clock_geni/clk_mmcm_wizi/inst/clk_10Mhz_clk_mmcm_wiz
    BUFGCTRL_X0Y0        BUFG (Prop_bufg_I_O)         0.096    -2.512 r  clock_geni/clk_mmcm_wizi/inst/clkout1_buf/O
                         net (fo=81, routed)          1.624    -0.888    clock_geni/clk_10Mhz
    SLICE_X62Y90         FDRE                                         r  clock_geni/locked_dd_reg/C
  -------------------------------------------------------------------    -------------------
    SLICE_X62Y90         FDRE (Prop_fdre_C_Q)         0.456    -0.432 r  clock_geni/locked_dd_reg/Q
                         net (fo=11, routed)          0.860     0.428    clock_geni/reset_n
    SLICE_X62Y90         LUT1 (Prop_lut1_I0_O)        0.124     0.552 f  clock_geni/disp_reg[3]_i_2/O
                         net (fo=28, routed)          0.977     1.530    seven_seg_segi/AR[0]
    SLICE_X59Y92         FDCE                                         f  seven_seg_segi/counter_reg[6]/CLR
  -------------------------------------------------------------------    -------------------

                         (clock clk_10Mhz_clk_mmcm_wiz rise edge)
                                                    100.000   100.000 r  
    W5                                                0.000   100.000 r  clk (IN)
                         net (fo=0)                   0.000   100.000    clock_geni/clk_mmcm_wizi/inst/clk_in1
    W5                   IBUF (Prop_ibuf_I_O)         1.388   101.388 r  clock_geni/clk_mmcm_wizi/inst/clkin1_ibufg/O
                         net (fo=1, routed)           1.162   102.550    clock_geni/clk_mmcm_wizi/inst/clk_in1_clk_mmcm_wiz
    MMCME2_ADV_X1Y0      MMCME2_ADV (Prop_mmcme2_adv_CLKIN1_CLKOUT0)
                                                     -7.217    95.332 r  clock_geni/clk_mmcm_wizi/inst/mmcm_adv_inst/CLKOUT0
                         net (fo=1, routed)           1.581    96.914    clock_geni/clk_mmcm_wizi/inst/clk_10Mhz_clk_mmcm_wiz
    BUFGCTRL_X0Y0        BUFG (Prop_bufg_I_O)         0.091    97.005 r  clock_geni/clk_mmcm_wizi/inst/clkout1_buf/O
                         net (fo=81, routed)          1.507    98.511    seven_seg_segi/CLK
    SLICE_X59Y92         FDCE                                         r  seven_seg_segi/counter_reg[6]/C
                         clock pessimism              0.562    99.073    
                         clock uncertainty           -0.149    98.924    
    SLICE_X59Y92         FDCE (Recov_fdce_C_CLR)     -0.405    98.519    seven_seg_segi/counter_reg[6]
  -------------------------------------------------------------------
                         required time                         98.519    
                         arrival time                          -1.530    
  -------------------------------------------------------------------
                         slack                                 96.989    

Slack (MET) :             96.989ns  (required time - arrival time)
  Source:                 clock_geni/locked_dd_reg/C
                            (rising edge-triggered cell FDRE clocked by clk_10Mhz_clk_mmcm_wiz_1  {rise@0.000ns fall@50.000ns period=100.000ns})
  Destination:            seven_seg_segi/counter_reg[7]/CLR
                            (recovery check against rising-edge clock clk_10Mhz_clk_mmcm_wiz  {rise@0.000ns fall@50.000ns period=100.000ns})
  Path Group:             **async_default**
  Path Type:              Recovery (Max at Slow Process Corner)
  Requirement:            100.000ns  (clk_10Mhz_clk_mmcm_wiz rise@100.000ns - clk_10Mhz_clk_mmcm_wiz_1 rise@0.000ns)
  Data Path Delay:        2.417ns  (logic 0.580ns (23.992%)  route 1.837ns (76.008%))
  Logic Levels:           1  (LUT1=1)
  Clock Path Skew:        -0.039ns (DCD - SCD + CPR)
    Destination Clock Delay (DCD):    -1.489ns = ( 98.511 - 100.000 ) 
    Source Clock Delay      (SCD):    -0.888ns
    Clock Pessimism Removal (CPR):    0.562ns
  Clock Uncertainty:      0.149ns  ((TSJ^2 + DJ^2)^1/2) / 2 + PE
    Total System Jitter     (TSJ):    0.071ns
    Discrete Jitter          (DJ):    0.290ns
    Phase Error              (PE):    0.000ns
  Clock Domain Crossing:  Inter clock paths are considered valid unless explicitly excluded by timing constraints such as set_clock_groups or set_false_path.

    Location             Delay type                Incr(ns)  Path(ns)    Netlist Resource(s)
  -------------------------------------------------------------------    -------------------
                         (clock clk_10Mhz_clk_mmcm_wiz_1 rise edge)
                                                      0.000     0.000 r  
    W5                                                0.000     0.000 r  clk (IN)
                         net (fo=0)                   0.000     0.000    clock_geni/clk_mmcm_wizi/inst/clk_in1
    W5                   IBUF (Prop_ibuf_I_O)         1.458     1.458 r  clock_geni/clk_mmcm_wizi/inst/clkin1_ibufg/O
                         net (fo=1, routed)           1.233     2.691    clock_geni/clk_mmcm_wizi/inst/clk_in1_clk_mmcm_wiz
    MMCME2_ADV_X1Y0      MMCME2_ADV (Prop_mmcme2_adv_CLKIN1_CLKOUT0)
                                                     -6.961    -4.269 r  clock_geni/clk_mmcm_wizi/inst/mmcm_adv_inst/CLKOUT0
                         net (fo=1, routed)           1.661    -2.608    clock_geni/clk_mmcm_wizi/inst/clk_10Mhz_clk_mmcm_wiz
    BUFGCTRL_X0Y0        BUFG (Prop_bufg_I_O)         0.096    -2.512 r  clock_geni/clk_mmcm_wizi/inst/clkout1_buf/O
                         net (fo=81, routed)          1.624    -0.888    clock_geni/clk_10Mhz
    SLICE_X62Y90         FDRE                                         r  clock_geni/locked_dd_reg/C
  -------------------------------------------------------------------    -------------------
    SLICE_X62Y90         FDRE (Prop_fdre_C_Q)         0.456    -0.432 r  clock_geni/locked_dd_reg/Q
                         net (fo=11, routed)          0.860     0.428    clock_geni/reset_n
    SLICE_X62Y90         LUT1 (Prop_lut1_I0_O)        0.124     0.552 f  clock_geni/disp_reg[3]_i_2/O
                         net (fo=28, routed)          0.977     1.530    seven_seg_segi/AR[0]
    SLICE_X59Y92         FDCE                                         f  seven_seg_segi/counter_reg[7]/CLR
  -------------------------------------------------------------------    -------------------

                         (clock clk_10Mhz_clk_mmcm_wiz rise edge)
                                                    100.000   100.000 r  
    W5                                                0.000   100.000 r  clk (IN)
                         net (fo=0)                   0.000   100.000    clock_geni/clk_mmcm_wizi/inst/clk_in1
    W5                   IBUF (Prop_ibuf_I_O)         1.388   101.388 r  clock_geni/clk_mmcm_wizi/inst/clkin1_ibufg/O
                         net (fo=1, routed)           1.162   102.550    clock_geni/clk_mmcm_wizi/inst/clk_in1_clk_mmcm_wiz
    MMCME2_ADV_X1Y0      MMCME2_ADV (Prop_mmcme2_adv_CLKIN1_CLKOUT0)
                                                     -7.217    95.332 r  clock_geni/clk_mmcm_wizi/inst/mmcm_adv_inst/CLKOUT0
                         net (fo=1, routed)           1.581    96.914    clock_geni/clk_mmcm_wizi/inst/clk_10Mhz_clk_mmcm_wiz
    BUFGCTRL_X0Y0        BUFG (Prop_bufg_I_O)         0.091    97.005 r  clock_geni/clk_mmcm_wizi/inst/clkout1_buf/O
                         net (fo=81, routed)          1.507    98.511    seven_seg_segi/CLK
    SLICE_X59Y92         FDCE                                         r  seven_seg_segi/counter_reg[7]/C
                         clock pessimism              0.562    99.073    
                         clock uncertainty           -0.149    98.924    
    SLICE_X59Y92         FDCE (Recov_fdce_C_CLR)     -0.405    98.519    seven_seg_segi/counter_reg[7]
  -------------------------------------------------------------------
                         required time                         98.519    
                         arrival time                          -1.530    
  -------------------------------------------------------------------
                         slack                                 96.989    

Slack (MET) :             96.989ns  (required time - arrival time)
  Source:                 clock_geni/locked_dd_reg/C
                            (rising edge-triggered cell FDRE clocked by clk_10Mhz_clk_mmcm_wiz_1  {rise@0.000ns fall@50.000ns period=100.000ns})
  Destination:            seven_seg_segi/counter_reg[8]/CLR
                            (recovery check against rising-edge clock clk_10Mhz_clk_mmcm_wiz  {rise@0.000ns fall@50.000ns period=100.000ns})
  Path Group:             **async_default**
  Path Type:              Recovery (Max at Slow Process Corner)
  Requirement:            100.000ns  (clk_10Mhz_clk_mmcm_wiz rise@100.000ns - clk_10Mhz_clk_mmcm_wiz_1 rise@0.000ns)
  Data Path Delay:        2.417ns  (logic 0.580ns (23.992%)  route 1.837ns (76.008%))
  Logic Levels:           1  (LUT1=1)
  Clock Path Skew:        -0.039ns (DCD - SCD + CPR)
    Destination Clock Delay (DCD):    -1.489ns = ( 98.511 - 100.000 ) 
    Source Clock Delay      (SCD):    -0.888ns
    Clock Pessimism Removal (CPR):    0.562ns
  Clock Uncertainty:      0.149ns  ((TSJ^2 + DJ^2)^1/2) / 2 + PE
    Total System Jitter     (TSJ):    0.071ns
    Discrete Jitter          (DJ):    0.290ns
    Phase Error              (PE):    0.000ns
  Clock Domain Crossing:  Inter clock paths are considered valid unless explicitly excluded by timing constraints such as set_clock_groups or set_false_path.

    Location             Delay type                Incr(ns)  Path(ns)    Netlist Resource(s)
  -------------------------------------------------------------------    -------------------
                         (clock clk_10Mhz_clk_mmcm_wiz_1 rise edge)
                                                      0.000     0.000 r  
    W5                                                0.000     0.000 r  clk (IN)
                         net (fo=0)                   0.000     0.000    clock_geni/clk_mmcm_wizi/inst/clk_in1
    W5                   IBUF (Prop_ibuf_I_O)         1.458     1.458 r  clock_geni/clk_mmcm_wizi/inst/clkin1_ibufg/O
                         net (fo=1, routed)           1.233     2.691    clock_geni/clk_mmcm_wizi/inst/clk_in1_clk_mmcm_wiz
    MMCME2_ADV_X1Y0      MMCME2_ADV (Prop_mmcme2_adv_CLKIN1_CLKOUT0)
                                                     -6.961    -4.269 r  clock_geni/clk_mmcm_wizi/inst/mmcm_adv_inst/CLKOUT0
                         net (fo=1, routed)           1.661    -2.608    clock_geni/clk_mmcm_wizi/inst/clk_10Mhz_clk_mmcm_wiz
    BUFGCTRL_X0Y0        BUFG (Prop_bufg_I_O)         0.096    -2.512 r  clock_geni/clk_mmcm_wizi/inst/clkout1_buf/O
                         net (fo=81, routed)          1.624    -0.888    clock_geni/clk_10Mhz
    SLICE_X62Y90         FDRE                                         r  clock_geni/locked_dd_reg/C
  -------------------------------------------------------------------    -------------------
    SLICE_X62Y90         FDRE (Prop_fdre_C_Q)         0.456    -0.432 r  clock_geni/locked_dd_reg/Q
                         net (fo=11, routed)          0.860     0.428    clock_geni/reset_n
    SLICE_X62Y90         LUT1 (Prop_lut1_I0_O)        0.124     0.552 f  clock_geni/disp_reg[3]_i_2/O
                         net (fo=28, routed)          0.977     1.530    seven_seg_segi/AR[0]
    SLICE_X59Y92         FDCE                                         f  seven_seg_segi/counter_reg[8]/CLR
  -------------------------------------------------------------------    -------------------

                         (clock clk_10Mhz_clk_mmcm_wiz rise edge)
                                                    100.000   100.000 r  
    W5                                                0.000   100.000 r  clk (IN)
                         net (fo=0)                   0.000   100.000    clock_geni/clk_mmcm_wizi/inst/clk_in1
    W5                   IBUF (Prop_ibuf_I_O)         1.388   101.388 r  clock_geni/clk_mmcm_wizi/inst/clkin1_ibufg/O
                         net (fo=1, routed)           1.162   102.550    clock_geni/clk_mmcm_wizi/inst/clk_in1_clk_mmcm_wiz
    MMCME2_ADV_X1Y0      MMCME2_ADV (Prop_mmcme2_adv_CLKIN1_CLKOUT0)
                                                     -7.217    95.332 r  clock_geni/clk_mmcm_wizi/inst/mmcm_adv_inst/CLKOUT0
                         net (fo=1, routed)           1.581    96.914    clock_geni/clk_mmcm_wizi/inst/clk_10Mhz_clk_mmcm_wiz
    BUFGCTRL_X0Y0        BUFG (Prop_bufg_I_O)         0.091    97.005 r  clock_geni/clk_mmcm_wizi/inst/clkout1_buf/O
                         net (fo=81, routed)          1.507    98.511    seven_seg_segi/CLK
    SLICE_X59Y92         FDCE                                         r  seven_seg_segi/counter_reg[8]/C
                         clock pessimism              0.562    99.073    
                         clock uncertainty           -0.149    98.924    
    SLICE_X59Y92         FDCE (Recov_fdce_C_CLR)     -0.405    98.519    seven_seg_segi/counter_reg[8]
  -------------------------------------------------------------------
                         required time                         98.519    
                         arrival time                          -1.530    
  -------------------------------------------------------------------
                         slack                                 96.989    

Slack (MET) :             96.989ns  (required time - arrival time)
  Source:                 clock_geni/locked_dd_reg/C
                            (rising edge-triggered cell FDRE clocked by clk_10Mhz_clk_mmcm_wiz_1  {rise@0.000ns fall@50.000ns period=100.000ns})
  Destination:            seven_seg_segi/counter_reg[9]/CLR
                            (recovery check against rising-edge clock clk_10Mhz_clk_mmcm_wiz  {rise@0.000ns fall@50.000ns period=100.000ns})
  Path Group:             **async_default**
  Path Type:              Recovery (Max at Slow Process Corner)
  Requirement:            100.000ns  (clk_10Mhz_clk_mmcm_wiz rise@100.000ns - clk_10Mhz_clk_mmcm_wiz_1 rise@0.000ns)
  Data Path Delay:        2.417ns  (logic 0.580ns (23.992%)  route 1.837ns (76.008%))
  Logic Levels:           1  (LUT1=1)
  Clock Path Skew:        -0.039ns (DCD - SCD + CPR)
    Destination Clock Delay (DCD):    -1.489ns = ( 98.511 - 100.000 ) 
    Source Clock Delay      (SCD):    -0.888ns
    Clock Pessimism Removal (CPR):    0.562ns
  Clock Uncertainty:      0.149ns  ((TSJ^2 + DJ^2)^1/2) / 2 + PE
    Total System Jitter     (TSJ):    0.071ns
    Discrete Jitter          (DJ):    0.290ns
    Phase Error              (PE):    0.000ns
  Clock Domain Crossing:  Inter clock paths are considered valid unless explicitly excluded by timing constraints such as set_clock_groups or set_false_path.

    Location             Delay type                Incr(ns)  Path(ns)    Netlist Resource(s)
  -------------------------------------------------------------------    -------------------
                         (clock clk_10Mhz_clk_mmcm_wiz_1 rise edge)
                                                      0.000     0.000 r  
    W5                                                0.000     0.000 r  clk (IN)
                         net (fo=0)                   0.000     0.000    clock_geni/clk_mmcm_wizi/inst/clk_in1
    W5                   IBUF (Prop_ibuf_I_O)         1.458     1.458 r  clock_geni/clk_mmcm_wizi/inst/clkin1_ibufg/O
                         net (fo=1, routed)           1.233     2.691    clock_geni/clk_mmcm_wizi/inst/clk_in1_clk_mmcm_wiz
    MMCME2_ADV_X1Y0      MMCME2_ADV (Prop_mmcme2_adv_CLKIN1_CLKOUT0)
                                                     -6.961    -4.269 r  clock_geni/clk_mmcm_wizi/inst/mmcm_adv_inst/CLKOUT0
                         net (fo=1, routed)           1.661    -2.608    clock_geni/clk_mmcm_wizi/inst/clk_10Mhz_clk_mmcm_wiz
    BUFGCTRL_X0Y0        BUFG (Prop_bufg_I_O)         0.096    -2.512 r  clock_geni/clk_mmcm_wizi/inst/clkout1_buf/O
                         net (fo=81, routed)          1.624    -0.888    clock_geni/clk_10Mhz
    SLICE_X62Y90         FDRE                                         r  clock_geni/locked_dd_reg/C
  -------------------------------------------------------------------    -------------------
    SLICE_X62Y90         FDRE (Prop_fdre_C_Q)         0.456    -0.432 r  clock_geni/locked_dd_reg/Q
                         net (fo=11, routed)          0.860     0.428    clock_geni/reset_n
    SLICE_X62Y90         LUT1 (Prop_lut1_I0_O)        0.124     0.552 f  clock_geni/disp_reg[3]_i_2/O
                         net (fo=28, routed)          0.977     1.530    seven_seg_segi/AR[0]
    SLICE_X59Y92         FDCE                                         f  seven_seg_segi/counter_reg[9]/CLR
  -------------------------------------------------------------------    -------------------

                         (clock clk_10Mhz_clk_mmcm_wiz rise edge)
                                                    100.000   100.000 r  
    W5                                                0.000   100.000 r  clk (IN)
                         net (fo=0)                   0.000   100.000    clock_geni/clk_mmcm_wizi/inst/clk_in1
    W5                   IBUF (Prop_ibuf_I_O)         1.388   101.388 r  clock_geni/clk_mmcm_wizi/inst/clkin1_ibufg/O
                         net (fo=1, routed)           1.162   102.550    clock_geni/clk_mmcm_wizi/inst/clk_in1_clk_mmcm_wiz
    MMCME2_ADV_X1Y0      MMCME2_ADV (Prop_mmcme2_adv_CLKIN1_CLKOUT0)
                                                     -7.217    95.332 r  clock_geni/clk_mmcm_wizi/inst/mmcm_adv_inst/CLKOUT0
                         net (fo=1, routed)           1.581    96.914    clock_geni/clk_mmcm_wizi/inst/clk_10Mhz_clk_mmcm_wiz
    BUFGCTRL_X0Y0        BUFG (Prop_bufg_I_O)         0.091    97.005 r  clock_geni/clk_mmcm_wizi/inst/clkout1_buf/O
                         net (fo=81, routed)          1.507    98.511    seven_seg_segi/CLK
    SLICE_X59Y92         FDCE                                         r  seven_seg_segi/counter_reg[9]/C
                         clock pessimism              0.562    99.073    
                         clock uncertainty           -0.149    98.924    
    SLICE_X59Y92         FDCE (Recov_fdce_C_CLR)     -0.405    98.519    seven_seg_segi/counter_reg[9]
  -------------------------------------------------------------------
                         required time                         98.519    
                         arrival time                          -1.530    
  -------------------------------------------------------------------
                         slack                                 96.989    

Slack (MET) :             97.016ns  (required time - arrival time)
  Source:                 clock_geni/locked_dd_reg/C
                            (rising edge-triggered cell FDRE clocked by clk_10Mhz_clk_mmcm_wiz_1  {rise@0.000ns fall@50.000ns period=100.000ns})
  Destination:            seven_seg_segi/counter_reg[4]/CLR
                            (recovery check against rising-edge clock clk_10Mhz_clk_mmcm_wiz  {rise@0.000ns fall@50.000ns period=100.000ns})
  Path Group:             **async_default**
  Path Type:              Recovery (Max at Slow Process Corner)
  Requirement:            100.000ns  (clk_10Mhz_clk_mmcm_wiz rise@100.000ns - clk_10Mhz_clk_mmcm_wiz_1 rise@0.000ns)
  Data Path Delay:        2.391ns  (logic 0.580ns (24.262%)  route 1.811ns (75.738%))
  Logic Levels:           1  (LUT1=1)
  Clock Path Skew:        -0.039ns (DCD - SCD + CPR)
    Destination Clock Delay (DCD):    -1.489ns = ( 98.511 - 100.000 ) 
    Source Clock Delay      (SCD):    -0.888ns
    Clock Pessimism Removal (CPR):    0.562ns
  Clock Uncertainty:      0.149ns  ((TSJ^2 + DJ^2)^1/2) / 2 + PE
    Total System Jitter     (TSJ):    0.071ns
    Discrete Jitter          (DJ):    0.290ns
    Phase Error              (PE):    0.000ns
  Clock Domain Crossing:  Inter clock paths are considered valid unless explicitly excluded by timing constraints such as set_clock_groups or set_false_path.

    Location             Delay type                Incr(ns)  Path(ns)    Netlist Resource(s)
  -------------------------------------------------------------------    -------------------
                         (clock clk_10Mhz_clk_mmcm_wiz_1 rise edge)
                                                      0.000     0.000 r  
    W5                                                0.000     0.000 r  clk (IN)
                         net (fo=0)                   0.000     0.000    clock_geni/clk_mmcm_wizi/inst/clk_in1
    W5                   IBUF (Prop_ibuf_I_O)         1.458     1.458 r  clock_geni/clk_mmcm_wizi/inst/clkin1_ibufg/O
                         net (fo=1, routed)           1.233     2.691    clock_geni/clk_mmcm_wizi/inst/clk_in1_clk_mmcm_wiz
    MMCME2_ADV_X1Y0      MMCME2_ADV (Prop_mmcme2_adv_CLKIN1_CLKOUT0)
                                                     -6.961    -4.269 r  clock_geni/clk_mmcm_wizi/inst/mmcm_adv_inst/CLKOUT0
                         net (fo=1, routed)           1.661    -2.608    clock_geni/clk_mmcm_wizi/inst/clk_10Mhz_clk_mmcm_wiz
    BUFGCTRL_X0Y0        BUFG (Prop_bufg_I_O)         0.096    -2.512 r  clock_geni/clk_mmcm_wizi/inst/clkout1_buf/O
                         net (fo=81, routed)          1.624    -0.888    clock_geni/clk_10Mhz
    SLICE_X62Y90         FDRE                                         r  clock_geni/locked_dd_reg/C
  -------------------------------------------------------------------    -------------------
    SLICE_X62Y90         FDRE (Prop_fdre_C_Q)         0.456    -0.432 r  clock_geni/locked_dd_reg/Q
                         net (fo=11, routed)          0.860     0.428    clock_geni/reset_n
    SLICE_X62Y90         LUT1 (Prop_lut1_I0_O)        0.124     0.552 f  clock_geni/disp_reg[3]_i_2/O
                         net (fo=28, routed)          0.950     1.503    seven_seg_segi/AR[0]
    SLICE_X59Y91         FDCE                                         f  seven_seg_segi/counter_reg[4]/CLR
  -------------------------------------------------------------------    -------------------

                         (clock clk_10Mhz_clk_mmcm_wiz rise edge)
                                                    100.000   100.000 r  
    W5                                                0.000   100.000 r  clk (IN)
                         net (fo=0)                   0.000   100.000    clock_geni/clk_mmcm_wizi/inst/clk_in1
    W5                   IBUF (Prop_ibuf_I_O)         1.388   101.388 r  clock_geni/clk_mmcm_wizi/inst/clkin1_ibufg/O
                         net (fo=1, routed)           1.162   102.550    clock_geni/clk_mmcm_wizi/inst/clk_in1_clk_mmcm_wiz
    MMCME2_ADV_X1Y0      MMCME2_ADV (Prop_mmcme2_adv_CLKIN1_CLKOUT0)
                                                     -7.217    95.332 r  clock_geni/clk_mmcm_wizi/inst/mmcm_adv_inst/CLKOUT0
                         net (fo=1, routed)           1.581    96.914    clock_geni/clk_mmcm_wizi/inst/clk_10Mhz_clk_mmcm_wiz
    BUFGCTRL_X0Y0        BUFG (Prop_bufg_I_O)         0.091    97.005 r  clock_geni/clk_mmcm_wizi/inst/clkout1_buf/O
                         net (fo=81, routed)          1.507    98.511    seven_seg_segi/CLK
    SLICE_X59Y91         FDCE                                         r  seven_seg_segi/counter_reg[4]/C
                         clock pessimism              0.562    99.073    
                         clock uncertainty           -0.149    98.924    
    SLICE_X59Y91         FDCE (Recov_fdce_C_CLR)     -0.405    98.519    seven_seg_segi/counter_reg[4]
  -------------------------------------------------------------------
                         required time                         98.519    
                         arrival time                          -1.503    
  -------------------------------------------------------------------
                         slack                                 97.016    

Slack (MET) :             97.016ns  (required time - arrival time)
  Source:                 clock_geni/locked_dd_reg/C
                            (rising edge-triggered cell FDRE clocked by clk_10Mhz_clk_mmcm_wiz_1  {rise@0.000ns fall@50.000ns period=100.000ns})
  Destination:            seven_seg_segi/counter_reg[5]/CLR
                            (recovery check against rising-edge clock clk_10Mhz_clk_mmcm_wiz  {rise@0.000ns fall@50.000ns period=100.000ns})
  Path Group:             **async_default**
  Path Type:              Recovery (Max at Slow Process Corner)
  Requirement:            100.000ns  (clk_10Mhz_clk_mmcm_wiz rise@100.000ns - clk_10Mhz_clk_mmcm_wiz_1 rise@0.000ns)
  Data Path Delay:        2.391ns  (logic 0.580ns (24.262%)  route 1.811ns (75.738%))
  Logic Levels:           1  (LUT1=1)
  Clock Path Skew:        -0.039ns (DCD - SCD + CPR)
    Destination Clock Delay (DCD):    -1.489ns = ( 98.511 - 100.000 ) 
    Source Clock Delay      (SCD):    -0.888ns
    Clock Pessimism Removal (CPR):    0.562ns
  Clock Uncertainty:      0.149ns  ((TSJ^2 + DJ^2)^1/2) / 2 + PE
    Total System Jitter     (TSJ):    0.071ns
    Discrete Jitter          (DJ):    0.290ns
    Phase Error              (PE):    0.000ns
  Clock Domain Crossing:  Inter clock paths are considered valid unless explicitly excluded by timing constraints such as set_clock_groups or set_false_path.

    Location             Delay type                Incr(ns)  Path(ns)    Netlist Resource(s)
  -------------------------------------------------------------------    -------------------
                         (clock clk_10Mhz_clk_mmcm_wiz_1 rise edge)
                                                      0.000     0.000 r  
    W5                                                0.000     0.000 r  clk (IN)
                         net (fo=0)                   0.000     0.000    clock_geni/clk_mmcm_wizi/inst/clk_in1
    W5                   IBUF (Prop_ibuf_I_O)         1.458     1.458 r  clock_geni/clk_mmcm_wizi/inst/clkin1_ibufg/O
                         net (fo=1, routed)           1.233     2.691    clock_geni/clk_mmcm_wizi/inst/clk_in1_clk_mmcm_wiz
    MMCME2_ADV_X1Y0      MMCME2_ADV (Prop_mmcme2_adv_CLKIN1_CLKOUT0)
                                                     -6.961    -4.269 r  clock_geni/clk_mmcm_wizi/inst/mmcm_adv_inst/CLKOUT0
                         net (fo=1, routed)           1.661    -2.608    clock_geni/clk_mmcm_wizi/inst/clk_10Mhz_clk_mmcm_wiz
    BUFGCTRL_X0Y0        BUFG (Prop_bufg_I_O)         0.096    -2.512 r  clock_geni/clk_mmcm_wizi/inst/clkout1_buf/O
                         net (fo=81, routed)          1.624    -0.888    clock_geni/clk_10Mhz
    SLICE_X62Y90         FDRE                                         r  clock_geni/locked_dd_reg/C
  -------------------------------------------------------------------    -------------------
    SLICE_X62Y90         FDRE (Prop_fdre_C_Q)         0.456    -0.432 r  clock_geni/locked_dd_reg/Q
                         net (fo=11, routed)          0.860     0.428    clock_geni/reset_n
    SLICE_X62Y90         LUT1 (Prop_lut1_I0_O)        0.124     0.552 f  clock_geni/disp_reg[3]_i_2/O
                         net (fo=28, routed)          0.950     1.503    seven_seg_segi/AR[0]
    SLICE_X59Y91         FDCE                                         f  seven_seg_segi/counter_reg[5]/CLR
  -------------------------------------------------------------------    -------------------

                         (clock clk_10Mhz_clk_mmcm_wiz rise edge)
                                                    100.000   100.000 r  
    W5                                                0.000   100.000 r  clk (IN)
                         net (fo=0)                   0.000   100.000    clock_geni/clk_mmcm_wizi/inst/clk_in1
    W5                   IBUF (Prop_ibuf_I_O)         1.388   101.388 r  clock_geni/clk_mmcm_wizi/inst/clkin1_ibufg/O
                         net (fo=1, routed)           1.162   102.550    clock_geni/clk_mmcm_wizi/inst/clk_in1_clk_mmcm_wiz
    MMCME2_ADV_X1Y0      MMCME2_ADV (Prop_mmcme2_adv_CLKIN1_CLKOUT0)
                                                     -7.217    95.332 r  clock_geni/clk_mmcm_wizi/inst/mmcm_adv_inst/CLKOUT0
                         net (fo=1, routed)           1.581    96.914    clock_geni/clk_mmcm_wizi/inst/clk_10Mhz_clk_mmcm_wiz
    BUFGCTRL_X0Y0        BUFG (Prop_bufg_I_O)         0.091    97.005 r  clock_geni/clk_mmcm_wizi/inst/clkout1_buf/O
                         net (fo=81, routed)          1.507    98.511    seven_seg_segi/CLK
    SLICE_X59Y91         FDCE                                         r  seven_seg_segi/counter_reg[5]/C
                         clock pessimism              0.562    99.073    
                         clock uncertainty           -0.149    98.924    
    SLICE_X59Y91         FDCE (Recov_fdce_C_CLR)     -0.405    98.519    seven_seg_segi/counter_reg[5]
  -------------------------------------------------------------------
                         required time                         98.519    
                         arrival time                          -1.503    
  -------------------------------------------------------------------
                         slack                                 97.016    

Slack (MET) :             97.022ns  (required time - arrival time)
  Source:                 clock_geni/locked_dd_reg/C
                            (rising edge-triggered cell FDRE clocked by clk_10Mhz_clk_mmcm_wiz_1  {rise@0.000ns fall@50.000ns period=100.000ns})
  Destination:            seven_seg_segi/counter_reg[10]/CLR
                            (recovery check against rising-edge clock clk_10Mhz_clk_mmcm_wiz  {rise@0.000ns fall@50.000ns period=100.000ns})
  Path Group:             **async_default**
  Path Type:              Recovery (Max at Slow Process Corner)
  Requirement:            100.000ns  (clk_10Mhz_clk_mmcm_wiz rise@100.000ns - clk_10Mhz_clk_mmcm_wiz_1 rise@0.000ns)
  Data Path Delay:        2.385ns  (logic 0.580ns (24.317%)  route 1.805ns (75.683%))
  Logic Levels:           1  (LUT1=1)
  Clock Path Skew:        -0.038ns (DCD - SCD + CPR)
    Destination Clock Delay (DCD):    -1.488ns = ( 98.512 - 100.000 ) 
    Source Clock Delay      (SCD):    -0.888ns
    Clock Pessimism Removal (CPR):    0.562ns
  Clock Uncertainty:      0.149ns  ((TSJ^2 + DJ^2)^1/2) / 2 + PE
    Total System Jitter     (TSJ):    0.071ns
    Discrete Jitter          (DJ):    0.290ns
    Phase Error              (PE):    0.000ns
  Clock Domain Crossing:  Inter clock paths are considered valid unless explicitly excluded by timing constraints such as set_clock_groups or set_false_path.

    Location             Delay type                Incr(ns)  Path(ns)    Netlist Resource(s)
  -------------------------------------------------------------------    -------------------
                         (clock clk_10Mhz_clk_mmcm_wiz_1 rise edge)
                                                      0.000     0.000 r  
    W5                                                0.000     0.000 r  clk (IN)
                         net (fo=0)                   0.000     0.000    clock_geni/clk_mmcm_wizi/inst/clk_in1
    W5                   IBUF (Prop_ibuf_I_O)         1.458     1.458 r  clock_geni/clk_mmcm_wizi/inst/clkin1_ibufg/O
                         net (fo=1, routed)           1.233     2.691    clock_geni/clk_mmcm_wizi/inst/clk_in1_clk_mmcm_wiz
    MMCME2_ADV_X1Y0      MMCME2_ADV (Prop_mmcme2_adv_CLKIN1_CLKOUT0)
                                                     -6.961    -4.269 r  clock_geni/clk_mmcm_wizi/inst/mmcm_adv_inst/CLKOUT0
                         net (fo=1, routed)           1.661    -2.608    clock_geni/clk_mmcm_wizi/inst/clk_10Mhz_clk_mmcm_wiz
    BUFGCTRL_X0Y0        BUFG (Prop_bufg_I_O)         0.096    -2.512 r  clock_geni/clk_mmcm_wizi/inst/clkout1_buf/O
                         net (fo=81, routed)          1.624    -0.888    clock_geni/clk_10Mhz
    SLICE_X62Y90         FDRE                                         r  clock_geni/locked_dd_reg/C
  -------------------------------------------------------------------    -------------------
    SLICE_X62Y90         FDRE (Prop_fdre_C_Q)         0.456    -0.432 r  clock_geni/locked_dd_reg/Q
                         net (fo=11, routed)          0.860     0.428    clock_geni/reset_n
    SLICE_X62Y90         LUT1 (Prop_lut1_I0_O)        0.124     0.552 f  clock_geni/disp_reg[3]_i_2/O
                         net (fo=28, routed)          0.945     1.497    seven_seg_segi/AR[0]
    SLICE_X59Y93         FDCE                                         f  seven_seg_segi/counter_reg[10]/CLR
  -------------------------------------------------------------------    -------------------

                         (clock clk_10Mhz_clk_mmcm_wiz rise edge)
                                                    100.000   100.000 r  
    W5                                                0.000   100.000 r  clk (IN)
                         net (fo=0)                   0.000   100.000    clock_geni/clk_mmcm_wizi/inst/clk_in1
    W5                   IBUF (Prop_ibuf_I_O)         1.388   101.388 r  clock_geni/clk_mmcm_wizi/inst/clkin1_ibufg/O
                         net (fo=1, routed)           1.162   102.550    clock_geni/clk_mmcm_wizi/inst/clk_in1_clk_mmcm_wiz
    MMCME2_ADV_X1Y0      MMCME2_ADV (Prop_mmcme2_adv_CLKIN1_CLKOUT0)
                                                     -7.217    95.332 r  clock_geni/clk_mmcm_wizi/inst/mmcm_adv_inst/CLKOUT0
                         net (fo=1, routed)           1.581    96.914    clock_geni/clk_mmcm_wizi/inst/clk_10Mhz_clk_mmcm_wiz
    BUFGCTRL_X0Y0        BUFG (Prop_bufg_I_O)         0.091    97.005 r  clock_geni/clk_mmcm_wizi/inst/clkout1_buf/O
                         net (fo=81, routed)          1.508    98.512    seven_seg_segi/CLK
    SLICE_X59Y93         FDCE                                         r  seven_seg_segi/counter_reg[10]/C
                         clock pessimism              0.562    99.074    
                         clock uncertainty           -0.149    98.925    
    SLICE_X59Y93         FDCE (Recov_fdce_C_CLR)     -0.405    98.520    seven_seg_segi/counter_reg[10]
  -------------------------------------------------------------------
                         required time                         98.520    
                         arrival time                          -1.497    
  -------------------------------------------------------------------
                         slack                                 97.022    

Slack (MET) :             97.022ns  (required time - arrival time)
  Source:                 clock_geni/locked_dd_reg/C
                            (rising edge-triggered cell FDRE clocked by clk_10Mhz_clk_mmcm_wiz_1  {rise@0.000ns fall@50.000ns period=100.000ns})
  Destination:            seven_seg_segi/counter_reg[11]/CLR
                            (recovery check against rising-edge clock clk_10Mhz_clk_mmcm_wiz  {rise@0.000ns fall@50.000ns period=100.000ns})
  Path Group:             **async_default**
  Path Type:              Recovery (Max at Slow Process Corner)
  Requirement:            100.000ns  (clk_10Mhz_clk_mmcm_wiz rise@100.000ns - clk_10Mhz_clk_mmcm_wiz_1 rise@0.000ns)
  Data Path Delay:        2.385ns  (logic 0.580ns (24.317%)  route 1.805ns (75.683%))
  Logic Levels:           1  (LUT1=1)
  Clock Path Skew:        -0.038ns (DCD - SCD + CPR)
    Destination Clock Delay (DCD):    -1.488ns = ( 98.512 - 100.000 ) 
    Source Clock Delay      (SCD):    -0.888ns
    Clock Pessimism Removal (CPR):    0.562ns
  Clock Uncertainty:      0.149ns  ((TSJ^2 + DJ^2)^1/2) / 2 + PE
    Total System Jitter     (TSJ):    0.071ns
    Discrete Jitter          (DJ):    0.290ns
    Phase Error              (PE):    0.000ns
  Clock Domain Crossing:  Inter clock paths are considered valid unless explicitly excluded by timing constraints such as set_clock_groups or set_false_path.

    Location             Delay type                Incr(ns)  Path(ns)    Netlist Resource(s)
  -------------------------------------------------------------------    -------------------
                         (clock clk_10Mhz_clk_mmcm_wiz_1 rise edge)
                                                      0.000     0.000 r  
    W5                                                0.000     0.000 r  clk (IN)
                         net (fo=0)                   0.000     0.000    clock_geni/clk_mmcm_wizi/inst/clk_in1
    W5                   IBUF (Prop_ibuf_I_O)         1.458     1.458 r  clock_geni/clk_mmcm_wizi/inst/clkin1_ibufg/O
                         net (fo=1, routed)           1.233     2.691    clock_geni/clk_mmcm_wizi/inst/clk_in1_clk_mmcm_wiz
    MMCME2_ADV_X1Y0      MMCME2_ADV (Prop_mmcme2_adv_CLKIN1_CLKOUT0)
                                                     -6.961    -4.269 r  clock_geni/clk_mmcm_wizi/inst/mmcm_adv_inst/CLKOUT0
                         net (fo=1, routed)           1.661    -2.608    clock_geni/clk_mmcm_wizi/inst/clk_10Mhz_clk_mmcm_wiz
    BUFGCTRL_X0Y0        BUFG (Prop_bufg_I_O)         0.096    -2.512 r  clock_geni/clk_mmcm_wizi/inst/clkout1_buf/O
                         net (fo=81, routed)          1.624    -0.888    clock_geni/clk_10Mhz
    SLICE_X62Y90         FDRE                                         r  clock_geni/locked_dd_reg/C
  -------------------------------------------------------------------    -------------------
    SLICE_X62Y90         FDRE (Prop_fdre_C_Q)         0.456    -0.432 r  clock_geni/locked_dd_reg/Q
                         net (fo=11, routed)          0.860     0.428    clock_geni/reset_n
    SLICE_X62Y90         LUT1 (Prop_lut1_I0_O)        0.124     0.552 f  clock_geni/disp_reg[3]_i_2/O
                         net (fo=28, routed)          0.945     1.497    seven_seg_segi/AR[0]
    SLICE_X59Y93         FDCE                                         f  seven_seg_segi/counter_reg[11]/CLR
  -------------------------------------------------------------------    -------------------

                         (clock clk_10Mhz_clk_mmcm_wiz rise edge)
                                                    100.000   100.000 r  
    W5                                                0.000   100.000 r  clk (IN)
                         net (fo=0)                   0.000   100.000    clock_geni/clk_mmcm_wizi/inst/clk_in1
    W5                   IBUF (Prop_ibuf_I_O)         1.388   101.388 r  clock_geni/clk_mmcm_wizi/inst/clkin1_ibufg/O
                         net (fo=1, routed)           1.162   102.550    clock_geni/clk_mmcm_wizi/inst/clk_in1_clk_mmcm_wiz
    MMCME2_ADV_X1Y0      MMCME2_ADV (Prop_mmcme2_adv_CLKIN1_CLKOUT0)
                                                     -7.217    95.332 r  clock_geni/clk_mmcm_wizi/inst/mmcm_adv_inst/CLKOUT0
                         net (fo=1, routed)           1.581    96.914    clock_geni/clk_mmcm_wizi/inst/clk_10Mhz_clk_mmcm_wiz
    BUFGCTRL_X0Y0        BUFG (Prop_bufg_I_O)         0.091    97.005 r  clock_geni/clk_mmcm_wizi/inst/clkout1_buf/O
                         net (fo=81, routed)          1.508    98.512    seven_seg_segi/CLK
    SLICE_X59Y93         FDCE                                         r  seven_seg_segi/counter_reg[11]/C
                         clock pessimism              0.562    99.074    
                         clock uncertainty           -0.149    98.925    
    SLICE_X59Y93         FDCE (Recov_fdce_C_CLR)     -0.405    98.520    seven_seg_segi/counter_reg[11]
  -------------------------------------------------------------------
                         required time                         98.520    
                         arrival time                          -1.497    
  -------------------------------------------------------------------
                         slack                                 97.022    





Min Delay Paths
--------------------------------------------------------------------------------------
Slack (MET) :             0.624ns  (arrival time - required time)
  Source:                 clock_geni/locked_dd_reg/C
                            (rising edge-triggered cell FDRE clocked by clk_10Mhz_clk_mmcm_wiz_1  {rise@0.000ns fall@50.000ns period=100.000ns})
  Destination:            seven_seg_segi/select_reg[1]/CLR
                            (removal check against rising-edge clock clk_10Mhz_clk_mmcm_wiz  {rise@0.000ns fall@50.000ns period=100.000ns})
  Path Group:             **async_default**
  Path Type:              Removal (Min at Fast Process Corner)
  Requirement:            0.000ns  (clk_10Mhz_clk_mmcm_wiz rise@0.000ns - clk_10Mhz_clk_mmcm_wiz_1 rise@0.000ns)
  Data Path Delay:        0.697ns  (logic 0.186ns (26.669%)  route 0.511ns (73.331%))
  Logic Levels:           1  (LUT1=1)
  Clock Path Skew:        0.016ns (DCD - SCD - CPR)
    Destination Clock Delay (DCD):    -0.827ns
    Source Clock Delay      (SCD):    -0.589ns
    Clock Pessimism Removal (CPR):    -0.254ns
  Clock Uncertainty:      0.149ns  ((TSJ^2 + DJ^2)^1/2) / 2 + PE
    Total System Jitter     (TSJ):    0.071ns
    Discrete Jitter          (DJ):    0.290ns
    Phase Error              (PE):    0.000ns
  Clock Domain Crossing:  Inter clock paths are considered valid unless explicitly excluded by timing constraints such as set_clock_groups or set_false_path.

    Location             Delay type                Incr(ns)  Path(ns)    Netlist Resource(s)
  -------------------------------------------------------------------    -------------------
                         (clock clk_10Mhz_clk_mmcm_wiz_1 rise edge)
                                                      0.000     0.000 r  
    W5                                                0.000     0.000 r  clk (IN)
                         net (fo=0)                   0.000     0.000    clock_geni/clk_mmcm_wizi/inst/clk_in1
    W5                   IBUF (Prop_ibuf_I_O)         0.226     0.226 r  clock_geni/clk_mmcm_wizi/inst/clkin1_ibufg/O
                         net (fo=1, routed)           0.440     0.667    clock_geni/clk_mmcm_wizi/inst/clk_in1_clk_mmcm_wiz
    MMCME2_ADV_X1Y0      MMCME2_ADV (Prop_mmcme2_adv_CLKIN1_CLKOUT0)
                                                     -2.360    -1.693 r  clock_geni/clk_mmcm_wizi/inst/mmcm_adv_inst/CLKOUT0
                         net (fo=1, routed)           0.486    -1.207    clock_geni/clk_mmcm_wizi/inst/clk_10Mhz_clk_mmcm_wiz
    BUFGCTRL_X0Y0        BUFG (Prop_bufg_I_O)         0.026    -1.181 r  clock_geni/clk_mmcm_wizi/inst/clkout1_buf/O
                         net (fo=81, routed)          0.592    -0.589    clock_geni/clk_10Mhz
    SLICE_X62Y90         FDRE                                         r  clock_geni/locked_dd_reg/C
  -------------------------------------------------------------------    -------------------
    SLICE_X62Y90         FDRE (Prop_fdre_C_Q)         0.141    -0.448 r  clock_geni/locked_dd_reg/Q
                         net (fo=11, routed)          0.306    -0.142    clock_geni/reset_n
    SLICE_X62Y90         LUT1 (Prop_lut1_I0_O)        0.045    -0.097 f  clock_geni/disp_reg[3]_i_2/O
                         net (fo=28, routed)          0.205     0.108    seven_seg_segi/AR[0]
    SLICE_X62Y92         FDCE                                         f  seven_seg_segi/select_reg[1]/CLR
  -------------------------------------------------------------------    -------------------

                         (clock clk_10Mhz_clk_mmcm_wiz rise edge)
                                                      0.000     0.000 r  
    W5                                                0.000     0.000 r  clk (IN)
                         net (fo=0)                   0.000     0.000    clock_geni/clk_mmcm_wizi/inst/clk_in1
    W5                   IBUF (Prop_ibuf_I_O)         0.414     0.414 r  clock_geni/clk_mmcm_wizi/inst/clkin1_ibufg/O
                         net (fo=1, routed)           0.480     0.894    clock_geni/clk_mmcm_wizi/inst/clk_in1_clk_mmcm_wiz
    MMCME2_ADV_X1Y0      MMCME2_ADV (Prop_mmcme2_adv_CLKIN1_CLKOUT0)
                                                     -3.142    -2.248 r  clock_geni/clk_mmcm_wizi/inst/mmcm_adv_inst/CLKOUT0
                         net (fo=1, routed)           0.530    -1.718    clock_geni/clk_mmcm_wizi/inst/clk_10Mhz_clk_mmcm_wiz
    BUFGCTRL_X0Y0        BUFG (Prop_bufg_I_O)         0.029    -1.689 r  clock_geni/clk_mmcm_wizi/inst/clkout1_buf/O
                         net (fo=81, routed)          0.862    -0.827    seven_seg_segi/CLK
    SLICE_X62Y92         FDCE                                         r  seven_seg_segi/select_reg[1]/C
                         clock pessimism              0.254    -0.573    
                         clock uncertainty            0.149    -0.424    
    SLICE_X62Y92         FDCE (Remov_fdce_C_CLR)     -0.092    -0.516    seven_seg_segi/select_reg[1]
  -------------------------------------------------------------------
                         required time                          0.516    
                         arrival time                           0.108    
  -------------------------------------------------------------------
                         slack                                  0.624    

Slack (MET) :             0.624ns  (arrival time - required time)
  Source:                 clock_geni/locked_dd_reg/C
                            (rising edge-triggered cell FDRE clocked by clk_10Mhz_clk_mmcm_wiz_1  {rise@0.000ns fall@50.000ns period=100.000ns})
  Destination:            seven_seg_segi/select_reg[2]/CLR
                            (removal check against rising-edge clock clk_10Mhz_clk_mmcm_wiz  {rise@0.000ns fall@50.000ns period=100.000ns})
  Path Group:             **async_default**
  Path Type:              Removal (Min at Fast Process Corner)
  Requirement:            0.000ns  (clk_10Mhz_clk_mmcm_wiz rise@0.000ns - clk_10Mhz_clk_mmcm_wiz_1 rise@0.000ns)
  Data Path Delay:        0.697ns  (logic 0.186ns (26.669%)  route 0.511ns (73.331%))
  Logic Levels:           1  (LUT1=1)
  Clock Path Skew:        0.016ns (DCD - SCD - CPR)
    Destination Clock Delay (DCD):    -0.827ns
    Source Clock Delay      (SCD):    -0.589ns
    Clock Pessimism Removal (CPR):    -0.254ns
  Clock Uncertainty:      0.149ns  ((TSJ^2 + DJ^2)^1/2) / 2 + PE
    Total System Jitter     (TSJ):    0.071ns
    Discrete Jitter          (DJ):    0.290ns
    Phase Error              (PE):    0.000ns
  Clock Domain Crossing:  Inter clock paths are considered valid unless explicitly excluded by timing constraints such as set_clock_groups or set_false_path.

    Location             Delay type                Incr(ns)  Path(ns)    Netlist Resource(s)
  -------------------------------------------------------------------    -------------------
                         (clock clk_10Mhz_clk_mmcm_wiz_1 rise edge)
                                                      0.000     0.000 r  
    W5                                                0.000     0.000 r  clk (IN)
                         net (fo=0)                   0.000     0.000    clock_geni/clk_mmcm_wizi/inst/clk_in1
    W5                   IBUF (Prop_ibuf_I_O)         0.226     0.226 r  clock_geni/clk_mmcm_wizi/inst/clkin1_ibufg/O
                         net (fo=1, routed)           0.440     0.667    clock_geni/clk_mmcm_wizi/inst/clk_in1_clk_mmcm_wiz
    MMCME2_ADV_X1Y0      MMCME2_ADV (Prop_mmcme2_adv_CLKIN1_CLKOUT0)
                                                     -2.360    -1.693 r  clock_geni/clk_mmcm_wizi/inst/mmcm_adv_inst/CLKOUT0
                         net (fo=1, routed)           0.486    -1.207    clock_geni/clk_mmcm_wizi/inst/clk_10Mhz_clk_mmcm_wiz
    BUFGCTRL_X0Y0        BUFG (Prop_bufg_I_O)         0.026    -1.181 r  clock_geni/clk_mmcm_wizi/inst/clkout1_buf/O
                         net (fo=81, routed)          0.592    -0.589    clock_geni/clk_10Mhz
    SLICE_X62Y90         FDRE                                         r  clock_geni/locked_dd_reg/C
  -------------------------------------------------------------------    -------------------
    SLICE_X62Y90         FDRE (Prop_fdre_C_Q)         0.141    -0.448 r  clock_geni/locked_dd_reg/Q
                         net (fo=11, routed)          0.306    -0.142    clock_geni/reset_n
    SLICE_X62Y90         LUT1 (Prop_lut1_I0_O)        0.045    -0.097 f  clock_geni/disp_reg[3]_i_2/O
                         net (fo=28, routed)          0.205     0.108    seven_seg_segi/AR[0]
    SLICE_X62Y92         FDCE                                         f  seven_seg_segi/select_reg[2]/CLR
  -------------------------------------------------------------------    -------------------

                         (clock clk_10Mhz_clk_mmcm_wiz rise edge)
                                                      0.000     0.000 r  
    W5                                                0.000     0.000 r  clk (IN)
                         net (fo=0)                   0.000     0.000    clock_geni/clk_mmcm_wizi/inst/clk_in1
    W5                   IBUF (Prop_ibuf_I_O)         0.414     0.414 r  clock_geni/clk_mmcm_wizi/inst/clkin1_ibufg/O
                         net (fo=1, routed)           0.480     0.894    clock_geni/clk_mmcm_wizi/inst/clk_in1_clk_mmcm_wiz
    MMCME2_ADV_X1Y0      MMCME2_ADV (Prop_mmcme2_adv_CLKIN1_CLKOUT0)
                                                     -3.142    -2.248 r  clock_geni/clk_mmcm_wizi/inst/mmcm_adv_inst/CLKOUT0
                         net (fo=1, routed)           0.530    -1.718    clock_geni/clk_mmcm_wizi/inst/clk_10Mhz_clk_mmcm_wiz
    BUFGCTRL_X0Y0        BUFG (Prop_bufg_I_O)         0.029    -1.689 r  clock_geni/clk_mmcm_wizi/inst/clkout1_buf/O
                         net (fo=81, routed)          0.862    -0.827    seven_seg_segi/CLK
    SLICE_X62Y92         FDCE                                         r  seven_seg_segi/select_reg[2]/C
                         clock pessimism              0.254    -0.573    
                         clock uncertainty            0.149    -0.424    
    SLICE_X62Y92         FDCE (Remov_fdce_C_CLR)     -0.092    -0.516    seven_seg_segi/select_reg[2]
  -------------------------------------------------------------------
                         required time                          0.516    
                         arrival time                           0.108    
  -------------------------------------------------------------------
                         slack                                  0.624    

Slack (MET) :             0.624ns  (arrival time - required time)
  Source:                 clock_geni/locked_dd_reg/C
                            (rising edge-triggered cell FDRE clocked by clk_10Mhz_clk_mmcm_wiz_1  {rise@0.000ns fall@50.000ns period=100.000ns})
  Destination:            seven_seg_segi/select_reg[3]/CLR
                            (removal check against rising-edge clock clk_10Mhz_clk_mmcm_wiz  {rise@0.000ns fall@50.000ns period=100.000ns})
  Path Group:             **async_default**
  Path Type:              Removal (Min at Fast Process Corner)
  Requirement:            0.000ns  (clk_10Mhz_clk_mmcm_wiz rise@0.000ns - clk_10Mhz_clk_mmcm_wiz_1 rise@0.000ns)
  Data Path Delay:        0.697ns  (logic 0.186ns (26.669%)  route 0.511ns (73.331%))
  Logic Levels:           1  (LUT1=1)
  Clock Path Skew:        0.016ns (DCD - SCD - CPR)
    Destination Clock Delay (DCD):    -0.827ns
    Source Clock Delay      (SCD):    -0.589ns
    Clock Pessimism Removal (CPR):    -0.254ns
  Clock Uncertainty:      0.149ns  ((TSJ^2 + DJ^2)^1/2) / 2 + PE
    Total System Jitter     (TSJ):    0.071ns
    Discrete Jitter          (DJ):    0.290ns
    Phase Error              (PE):    0.000ns
  Clock Domain Crossing:  Inter clock paths are considered valid unless explicitly excluded by timing constraints such as set_clock_groups or set_false_path.

    Location             Delay type                Incr(ns)  Path(ns)    Netlist Resource(s)
  -------------------------------------------------------------------    -------------------
                         (clock clk_10Mhz_clk_mmcm_wiz_1 rise edge)
                                                      0.000     0.000 r  
    W5                                                0.000     0.000 r  clk (IN)
                         net (fo=0)                   0.000     0.000    clock_geni/clk_mmcm_wizi/inst/clk_in1
    W5                   IBUF (Prop_ibuf_I_O)         0.226     0.226 r  clock_geni/clk_mmcm_wizi/inst/clkin1_ibufg/O
                         net (fo=1, routed)           0.440     0.667    clock_geni/clk_mmcm_wizi/inst/clk_in1_clk_mmcm_wiz
    MMCME2_ADV_X1Y0      MMCME2_ADV (Prop_mmcme2_adv_CLKIN1_CLKOUT0)
                                                     -2.360    -1.693 r  clock_geni/clk_mmcm_wizi/inst/mmcm_adv_inst/CLKOUT0
                         net (fo=1, routed)           0.486    -1.207    clock_geni/clk_mmcm_wizi/inst/clk_10Mhz_clk_mmcm_wiz
    BUFGCTRL_X0Y0        BUFG (Prop_bufg_I_O)         0.026    -1.181 r  clock_geni/clk_mmcm_wizi/inst/clkout1_buf/O
                         net (fo=81, routed)          0.592    -0.589    clock_geni/clk_10Mhz
    SLICE_X62Y90         FDRE                                         r  clock_geni/locked_dd_reg/C
  -------------------------------------------------------------------    -------------------
    SLICE_X62Y90         FDRE (Prop_fdre_C_Q)         0.141    -0.448 r  clock_geni/locked_dd_reg/Q
                         net (fo=11, routed)          0.306    -0.142    clock_geni/reset_n
    SLICE_X62Y90         LUT1 (Prop_lut1_I0_O)        0.045    -0.097 f  clock_geni/disp_reg[3]_i_2/O
                         net (fo=28, routed)          0.205     0.108    seven_seg_segi/AR[0]
    SLICE_X62Y92         FDCE                                         f  seven_seg_segi/select_reg[3]/CLR
  -------------------------------------------------------------------    -------------------

                         (clock clk_10Mhz_clk_mmcm_wiz rise edge)
                                                      0.000     0.000 r  
    W5                                                0.000     0.000 r  clk (IN)
                         net (fo=0)                   0.000     0.000    clock_geni/clk_mmcm_wizi/inst/clk_in1
    W5                   IBUF (Prop_ibuf_I_O)         0.414     0.414 r  clock_geni/clk_mmcm_wizi/inst/clkin1_ibufg/O
                         net (fo=1, routed)           0.480     0.894    clock_geni/clk_mmcm_wizi/inst/clk_in1_clk_mmcm_wiz
    MMCME2_ADV_X1Y0      MMCME2_ADV (Prop_mmcme2_adv_CLKIN1_CLKOUT0)
                                                     -3.142    -2.248 r  clock_geni/clk_mmcm_wizi/inst/mmcm_adv_inst/CLKOUT0
                         net (fo=1, routed)           0.530    -1.718    clock_geni/clk_mmcm_wizi/inst/clk_10Mhz_clk_mmcm_wiz
    BUFGCTRL_X0Y0        BUFG (Prop_bufg_I_O)         0.029    -1.689 r  clock_geni/clk_mmcm_wizi/inst/clkout1_buf/O
                         net (fo=81, routed)          0.862    -0.827    seven_seg_segi/CLK
    SLICE_X62Y92         FDCE                                         r  seven_seg_segi/select_reg[3]/C
                         clock pessimism              0.254    -0.573    
                         clock uncertainty            0.149    -0.424    
    SLICE_X62Y92         FDCE (Remov_fdce_C_CLR)     -0.092    -0.516    seven_seg_segi/select_reg[3]
  -------------------------------------------------------------------
                         required time                          0.516    
                         arrival time                           0.108    
  -------------------------------------------------------------------
                         slack                                  0.624    

Slack (MET) :             0.627ns  (arrival time - required time)
  Source:                 clock_geni/locked_dd_reg/C
                            (rising edge-triggered cell FDRE clocked by clk_10Mhz_clk_mmcm_wiz_1  {rise@0.000ns fall@50.000ns period=100.000ns})
  Destination:            seven_seg_segi/select_reg[0]/PRE
                            (removal check against rising-edge clock clk_10Mhz_clk_mmcm_wiz  {rise@0.000ns fall@50.000ns period=100.000ns})
  Path Group:             **async_default**
  Path Type:              Removal (Min at Fast Process Corner)
  Requirement:            0.000ns  (clk_10Mhz_clk_mmcm_wiz rise@0.000ns - clk_10Mhz_clk_mmcm_wiz_1 rise@0.000ns)
  Data Path Delay:        0.697ns  (logic 0.186ns (26.669%)  route 0.511ns (73.331%))
  Logic Levels:           1  (LUT1=1)
  Clock Path Skew:        0.016ns (DCD - SCD - CPR)
    Destination Clock Delay (DCD):    -0.827ns
    Source Clock Delay      (SCD):    -0.589ns
    Clock Pessimism Removal (CPR):    -0.254ns
  Clock Uncertainty:      0.149ns  ((TSJ^2 + DJ^2)^1/2) / 2 + PE
    Total System Jitter     (TSJ):    0.071ns
    Discrete Jitter          (DJ):    0.290ns
    Phase Error              (PE):    0.000ns
  Clock Domain Crossing:  Inter clock paths are considered valid unless explicitly excluded by timing constraints such as set_clock_groups or set_false_path.

    Location             Delay type                Incr(ns)  Path(ns)    Netlist Resource(s)
  -------------------------------------------------------------------    -------------------
                         (clock clk_10Mhz_clk_mmcm_wiz_1 rise edge)
                                                      0.000     0.000 r  
    W5                                                0.000     0.000 r  clk (IN)
                         net (fo=0)                   0.000     0.000    clock_geni/clk_mmcm_wizi/inst/clk_in1
    W5                   IBUF (Prop_ibuf_I_O)         0.226     0.226 r  clock_geni/clk_mmcm_wizi/inst/clkin1_ibufg/O
                         net (fo=1, routed)           0.440     0.667    clock_geni/clk_mmcm_wizi/inst/clk_in1_clk_mmcm_wiz
    MMCME2_ADV_X1Y0      MMCME2_ADV (Prop_mmcme2_adv_CLKIN1_CLKOUT0)
                                                     -2.360    -1.693 r  clock_geni/clk_mmcm_wizi/inst/mmcm_adv_inst/CLKOUT0
                         net (fo=1, routed)           0.486    -1.207    clock_geni/clk_mmcm_wizi/inst/clk_10Mhz_clk_mmcm_wiz
    BUFGCTRL_X0Y0        BUFG (Prop_bufg_I_O)         0.026    -1.181 r  clock_geni/clk_mmcm_wizi/inst/clkout1_buf/O
                         net (fo=81, routed)          0.592    -0.589    clock_geni/clk_10Mhz
    SLICE_X62Y90         FDRE                                         r  clock_geni/locked_dd_reg/C
  -------------------------------------------------------------------    -------------------
    SLICE_X62Y90         FDRE (Prop_fdre_C_Q)         0.141    -0.448 r  clock_geni/locked_dd_reg/Q
                         net (fo=11, routed)          0.306    -0.142    clock_geni/reset_n
    SLICE_X62Y90         LUT1 (Prop_lut1_I0_O)        0.045    -0.097 f  clock_geni/disp_reg[3]_i_2/O
                         net (fo=28, routed)          0.205     0.108    seven_seg_segi/AR[0]
    SLICE_X62Y92         FDPE                                         f  seven_seg_segi/select_reg[0]/PRE
  -------------------------------------------------------------------    -------------------

                         (clock clk_10Mhz_clk_mmcm_wiz rise edge)
                                                      0.000     0.000 r  
    W5                                                0.000     0.000 r  clk (IN)
                         net (fo=0)                   0.000     0.000    clock_geni/clk_mmcm_wizi/inst/clk_in1
    W5                   IBUF (Prop_ibuf_I_O)         0.414     0.414 r  clock_geni/clk_mmcm_wizi/inst/clkin1_ibufg/O
                         net (fo=1, routed)           0.480     0.894    clock_geni/clk_mmcm_wizi/inst/clk_in1_clk_mmcm_wiz
    MMCME2_ADV_X1Y0      MMCME2_ADV (Prop_mmcme2_adv_CLKIN1_CLKOUT0)
                                                     -3.142    -2.248 r  clock_geni/clk_mmcm_wizi/inst/mmcm_adv_inst/CLKOUT0
                         net (fo=1, routed)           0.530    -1.718    clock_geni/clk_mmcm_wizi/inst/clk_10Mhz_clk_mmcm_wiz
    BUFGCTRL_X0Y0        BUFG (Prop_bufg_I_O)         0.029    -1.689 r  clock_geni/clk_mmcm_wizi/inst/clkout1_buf/O
                         net (fo=81, routed)          0.862    -0.827    seven_seg_segi/CLK
    SLICE_X62Y92         FDPE                                         r  seven_seg_segi/select_reg[0]/C
                         clock pessimism              0.254    -0.573    
                         clock uncertainty            0.149    -0.424    
    SLICE_X62Y92         FDPE (Remov_fdpe_C_PRE)     -0.095    -0.519    seven_seg_segi/select_reg[0]
  -------------------------------------------------------------------
                         required time                          0.519    
                         arrival time                           0.108    
  -------------------------------------------------------------------
                         slack                                  0.627    

Slack (MET) :             0.728ns  (arrival time - required time)
  Source:                 clock_geni/locked_dd_reg/C
                            (rising edge-triggered cell FDRE clocked by clk_10Mhz_clk_mmcm_wiz_1  {rise@0.000ns fall@50.000ns period=100.000ns})
  Destination:            seven_seg_segi/counter_reg[0]/CLR
                            (removal check against rising-edge clock clk_10Mhz_clk_mmcm_wiz  {rise@0.000ns fall@50.000ns period=100.000ns})
  Path Group:             **async_default**
  Path Type:              Removal (Min at Fast Process Corner)
  Requirement:            0.000ns  (clk_10Mhz_clk_mmcm_wiz rise@0.000ns - clk_10Mhz_clk_mmcm_wiz_1 rise@0.000ns)
  Data Path Delay:        0.820ns  (logic 0.186ns (22.676%)  route 0.634ns (77.324%))
  Logic Levels:           1  (LUT1=1)
  Clock Path Skew:        0.035ns (DCD - SCD - CPR)
    Destination Clock Delay (DCD):    -0.829ns
    Source Clock Delay      (SCD):    -0.589ns
    Clock Pessimism Removal (CPR):    -0.275ns
  Clock Uncertainty:      0.149ns  ((TSJ^2 + DJ^2)^1/2) / 2 + PE
    Total System Jitter     (TSJ):    0.071ns
    Discrete Jitter          (DJ):    0.290ns
    Phase Error              (PE):    0.000ns
  Clock Domain Crossing:  Inter clock paths are considered valid unless explicitly excluded by timing constraints such as set_clock_groups or set_false_path.

    Location             Delay type                Incr(ns)  Path(ns)    Netlist Resource(s)
  -------------------------------------------------------------------    -------------------
                         (clock clk_10Mhz_clk_mmcm_wiz_1 rise edge)
                                                      0.000     0.000 r  
    W5                                                0.000     0.000 r  clk (IN)
                         net (fo=0)                   0.000     0.000    clock_geni/clk_mmcm_wizi/inst/clk_in1
    W5                   IBUF (Prop_ibuf_I_O)         0.226     0.226 r  clock_geni/clk_mmcm_wizi/inst/clkin1_ibufg/O
                         net (fo=1, routed)           0.440     0.667    clock_geni/clk_mmcm_wizi/inst/clk_in1_clk_mmcm_wiz
    MMCME2_ADV_X1Y0      MMCME2_ADV (Prop_mmcme2_adv_CLKIN1_CLKOUT0)
                                                     -2.360    -1.693 r  clock_geni/clk_mmcm_wizi/inst/mmcm_adv_inst/CLKOUT0
                         net (fo=1, routed)           0.486    -1.207    clock_geni/clk_mmcm_wizi/inst/clk_10Mhz_clk_mmcm_wiz
    BUFGCTRL_X0Y0        BUFG (Prop_bufg_I_O)         0.026    -1.181 r  clock_geni/clk_mmcm_wizi/inst/clkout1_buf/O
                         net (fo=81, routed)          0.592    -0.589    clock_geni/clk_10Mhz
    SLICE_X62Y90         FDRE                                         r  clock_geni/locked_dd_reg/C
  -------------------------------------------------------------------    -------------------
    SLICE_X62Y90         FDRE (Prop_fdre_C_Q)         0.141    -0.448 r  clock_geni/locked_dd_reg/Q
                         net (fo=11, routed)          0.306    -0.142    clock_geni/reset_n
    SLICE_X62Y90         LUT1 (Prop_lut1_I0_O)        0.045    -0.097 f  clock_geni/disp_reg[3]_i_2/O
                         net (fo=28, routed)          0.328     0.231    seven_seg_segi/AR[0]
    SLICE_X59Y90         FDCE                                         f  seven_seg_segi/counter_reg[0]/CLR
  -------------------------------------------------------------------    -------------------

                         (clock clk_10Mhz_clk_mmcm_wiz rise edge)
                                                      0.000     0.000 r  
    W5                                                0.000     0.000 r  clk (IN)
                         net (fo=0)                   0.000     0.000    clock_geni/clk_mmcm_wizi/inst/clk_in1
    W5                   IBUF (Prop_ibuf_I_O)         0.414     0.414 r  clock_geni/clk_mmcm_wizi/inst/clkin1_ibufg/O
                         net (fo=1, routed)           0.480     0.894    clock_geni/clk_mmcm_wizi/inst/clk_in1_clk_mmcm_wiz
    MMCME2_ADV_X1Y0      MMCME2_ADV (Prop_mmcme2_adv_CLKIN1_CLKOUT0)
                                                     -3.142    -2.248 r  clock_geni/clk_mmcm_wizi/inst/mmcm_adv_inst/CLKOUT0
                         net (fo=1, routed)           0.530    -1.718    clock_geni/clk_mmcm_wizi/inst/clk_10Mhz_clk_mmcm_wiz
    BUFGCTRL_X0Y0        BUFG (Prop_bufg_I_O)         0.029    -1.689 r  clock_geni/clk_mmcm_wizi/inst/clkout1_buf/O
                         net (fo=81, routed)          0.860    -0.829    seven_seg_segi/CLK
    SLICE_X59Y90         FDCE                                         r  seven_seg_segi/counter_reg[0]/C
                         clock pessimism              0.275    -0.554    
                         clock uncertainty            0.149    -0.405    
    SLICE_X59Y90         FDCE (Remov_fdce_C_CLR)     -0.092    -0.497    seven_seg_segi/counter_reg[0]
  -------------------------------------------------------------------
                         required time                          0.497    
                         arrival time                           0.231    
  -------------------------------------------------------------------
                         slack                                  0.728    

Slack (MET) :             0.728ns  (arrival time - required time)
  Source:                 clock_geni/locked_dd_reg/C
                            (rising edge-triggered cell FDRE clocked by clk_10Mhz_clk_mmcm_wiz_1  {rise@0.000ns fall@50.000ns period=100.000ns})
  Destination:            seven_seg_segi/counter_reg[1]/CLR
                            (removal check against rising-edge clock clk_10Mhz_clk_mmcm_wiz  {rise@0.000ns fall@50.000ns period=100.000ns})
  Path Group:             **async_default**
  Path Type:              Removal (Min at Fast Process Corner)
  Requirement:            0.000ns  (clk_10Mhz_clk_mmcm_wiz rise@0.000ns - clk_10Mhz_clk_mmcm_wiz_1 rise@0.000ns)
  Data Path Delay:        0.820ns  (logic 0.186ns (22.676%)  route 0.634ns (77.324%))
  Logic Levels:           1  (LUT1=1)
  Clock Path Skew:        0.035ns (DCD - SCD - CPR)
    Destination Clock Delay (DCD):    -0.829ns
    Source Clock Delay      (SCD):    -0.589ns
    Clock Pessimism Removal (CPR):    -0.275ns
  Clock Uncertainty:      0.149ns  ((TSJ^2 + DJ^2)^1/2) / 2 + PE
    Total System Jitter     (TSJ):    0.071ns
    Discrete Jitter          (DJ):    0.290ns
    Phase Error              (PE):    0.000ns
  Clock Domain Crossing:  Inter clock paths are considered valid unless explicitly excluded by timing constraints such as set_clock_groups or set_false_path.

    Location             Delay type                Incr(ns)  Path(ns)    Netlist Resource(s)
  -------------------------------------------------------------------    -------------------
                         (clock clk_10Mhz_clk_mmcm_wiz_1 rise edge)
                                                      0.000     0.000 r  
    W5                                                0.000     0.000 r  clk (IN)
                         net (fo=0)                   0.000     0.000    clock_geni/clk_mmcm_wizi/inst/clk_in1
    W5                   IBUF (Prop_ibuf_I_O)         0.226     0.226 r  clock_geni/clk_mmcm_wizi/inst/clkin1_ibufg/O
                         net (fo=1, routed)           0.440     0.667    clock_geni/clk_mmcm_wizi/inst/clk_in1_clk_mmcm_wiz
    MMCME2_ADV_X1Y0      MMCME2_ADV (Prop_mmcme2_adv_CLKIN1_CLKOUT0)
                                                     -2.360    -1.693 r  clock_geni/clk_mmcm_wizi/inst/mmcm_adv_inst/CLKOUT0
                         net (fo=1, routed)           0.486    -1.207    clock_geni/clk_mmcm_wizi/inst/clk_10Mhz_clk_mmcm_wiz
    BUFGCTRL_X0Y0        BUFG (Prop_bufg_I_O)         0.026    -1.181 r  clock_geni/clk_mmcm_wizi/inst/clkout1_buf/O
                         net (fo=81, routed)          0.592    -0.589    clock_geni/clk_10Mhz
    SLICE_X62Y90         FDRE                                         r  clock_geni/locked_dd_reg/C
  -------------------------------------------------------------------    -------------------
    SLICE_X62Y90         FDRE (Prop_fdre_C_Q)         0.141    -0.448 r  clock_geni/locked_dd_reg/Q
                         net (fo=11, routed)          0.306    -0.142    clock_geni/reset_n
    SLICE_X62Y90         LUT1 (Prop_lut1_I0_O)        0.045    -0.097 f  clock_geni/disp_reg[3]_i_2/O
                         net (fo=28, routed)          0.328     0.231    seven_seg_segi/AR[0]
    SLICE_X59Y90         FDCE                                         f  seven_seg_segi/counter_reg[1]/CLR
  -------------------------------------------------------------------    -------------------

                         (clock clk_10Mhz_clk_mmcm_wiz rise edge)
                                                      0.000     0.000 r  
    W5                                                0.000     0.000 r  clk (IN)
                         net (fo=0)                   0.000     0.000    clock_geni/clk_mmcm_wizi/inst/clk_in1
    W5                   IBUF (Prop_ibuf_I_O)         0.414     0.414 r  clock_geni/clk_mmcm_wizi/inst/clkin1_ibufg/O
                         net (fo=1, routed)           0.480     0.894    clock_geni/clk_mmcm_wizi/inst/clk_in1_clk_mmcm_wiz
    MMCME2_ADV_X1Y0      MMCME2_ADV (Prop_mmcme2_adv_CLKIN1_CLKOUT0)
                                                     -3.142    -2.248 r  clock_geni/clk_mmcm_wizi/inst/mmcm_adv_inst/CLKOUT0
                         net (fo=1, routed)           0.530    -1.718    clock_geni/clk_mmcm_wizi/inst/clk_10Mhz_clk_mmcm_wiz
    BUFGCTRL_X0Y0        BUFG (Prop_bufg_I_O)         0.029    -1.689 r  clock_geni/clk_mmcm_wizi/inst/clkout1_buf/O
                         net (fo=81, routed)          0.860    -0.829    seven_seg_segi/CLK
    SLICE_X59Y90         FDCE                                         r  seven_seg_segi/counter_reg[1]/C
                         clock pessimism              0.275    -0.554    
                         clock uncertainty            0.149    -0.405    
    SLICE_X59Y90         FDCE (Remov_fdce_C_CLR)     -0.092    -0.497    seven_seg_segi/counter_reg[1]
  -------------------------------------------------------------------
                         required time                          0.497    
                         arrival time                           0.231    
  -------------------------------------------------------------------
                         slack                                  0.728    

Slack (MET) :             0.728ns  (arrival time - required time)
  Source:                 clock_geni/locked_dd_reg/C
                            (rising edge-triggered cell FDRE clocked by clk_10Mhz_clk_mmcm_wiz_1  {rise@0.000ns fall@50.000ns period=100.000ns})
  Destination:            seven_seg_segi/counter_reg[2]/CLR
                            (removal check against rising-edge clock clk_10Mhz_clk_mmcm_wiz  {rise@0.000ns fall@50.000ns period=100.000ns})
  Path Group:             **async_default**
  Path Type:              Removal (Min at Fast Process Corner)
  Requirement:            0.000ns  (clk_10Mhz_clk_mmcm_wiz rise@0.000ns - clk_10Mhz_clk_mmcm_wiz_1 rise@0.000ns)
  Data Path Delay:        0.820ns  (logic 0.186ns (22.676%)  route 0.634ns (77.324%))
  Logic Levels:           1  (LUT1=1)
  Clock Path Skew:        0.035ns (DCD - SCD - CPR)
    Destination Clock Delay (DCD):    -0.829ns
    Source Clock Delay      (SCD):    -0.589ns
    Clock Pessimism Removal (CPR):    -0.275ns
  Clock Uncertainty:      0.149ns  ((TSJ^2 + DJ^2)^1/2) / 2 + PE
    Total System Jitter     (TSJ):    0.071ns
    Discrete Jitter          (DJ):    0.290ns
    Phase Error              (PE):    0.000ns
  Clock Domain Crossing:  Inter clock paths are considered valid unless explicitly excluded by timing constraints such as set_clock_groups or set_false_path.

    Location             Delay type                Incr(ns)  Path(ns)    Netlist Resource(s)
  -------------------------------------------------------------------    -------------------
                         (clock clk_10Mhz_clk_mmcm_wiz_1 rise edge)
                                                      0.000     0.000 r  
    W5                                                0.000     0.000 r  clk (IN)
                         net (fo=0)                   0.000     0.000    clock_geni/clk_mmcm_wizi/inst/clk_in1
    W5                   IBUF (Prop_ibuf_I_O)         0.226     0.226 r  clock_geni/clk_mmcm_wizi/inst/clkin1_ibufg/O
                         net (fo=1, routed)           0.440     0.667    clock_geni/clk_mmcm_wizi/inst/clk_in1_clk_mmcm_wiz
    MMCME2_ADV_X1Y0      MMCME2_ADV (Prop_mmcme2_adv_CLKIN1_CLKOUT0)
                                                     -2.360    -1.693 r  clock_geni/clk_mmcm_wizi/inst/mmcm_adv_inst/CLKOUT0
                         net (fo=1, routed)           0.486    -1.207    clock_geni/clk_mmcm_wizi/inst/clk_10Mhz_clk_mmcm_wiz
    BUFGCTRL_X0Y0        BUFG (Prop_bufg_I_O)         0.026    -1.181 r  clock_geni/clk_mmcm_wizi/inst/clkout1_buf/O
                         net (fo=81, routed)          0.592    -0.589    clock_geni/clk_10Mhz
    SLICE_X62Y90         FDRE                                         r  clock_geni/locked_dd_reg/C
  -------------------------------------------------------------------    -------------------
    SLICE_X62Y90         FDRE (Prop_fdre_C_Q)         0.141    -0.448 r  clock_geni/locked_dd_reg/Q
                         net (fo=11, routed)          0.306    -0.142    clock_geni/reset_n
    SLICE_X62Y90         LUT1 (Prop_lut1_I0_O)        0.045    -0.097 f  clock_geni/disp_reg[3]_i_2/O
                         net (fo=28, routed)          0.328     0.231    seven_seg_segi/AR[0]
    SLICE_X59Y90         FDCE                                         f  seven_seg_segi/counter_reg[2]/CLR
  -------------------------------------------------------------------    -------------------

                         (clock clk_10Mhz_clk_mmcm_wiz rise edge)
                                                      0.000     0.000 r  
    W5                                                0.000     0.000 r  clk (IN)
                         net (fo=0)                   0.000     0.000    clock_geni/clk_mmcm_wizi/inst/clk_in1
    W5                   IBUF (Prop_ibuf_I_O)         0.414     0.414 r  clock_geni/clk_mmcm_wizi/inst/clkin1_ibufg/O
                         net (fo=1, routed)           0.480     0.894    clock_geni/clk_mmcm_wizi/inst/clk_in1_clk_mmcm_wiz
    MMCME2_ADV_X1Y0      MMCME2_ADV (Prop_mmcme2_adv_CLKIN1_CLKOUT0)
                                                     -3.142    -2.248 r  clock_geni/clk_mmcm_wizi/inst/mmcm_adv_inst/CLKOUT0
                         net (fo=1, routed)           0.530    -1.718    clock_geni/clk_mmcm_wizi/inst/clk_10Mhz_clk_mmcm_wiz
    BUFGCTRL_X0Y0        BUFG (Prop_bufg_I_O)         0.029    -1.689 r  clock_geni/clk_mmcm_wizi/inst/clkout1_buf/O
                         net (fo=81, routed)          0.860    -0.829    seven_seg_segi/CLK
    SLICE_X59Y90         FDCE                                         r  seven_seg_segi/counter_reg[2]/C
                         clock pessimism              0.275    -0.554    
                         clock uncertainty            0.149    -0.405    
    SLICE_X59Y90         FDCE (Remov_fdce_C_CLR)     -0.092    -0.497    seven_seg_segi/counter_reg[2]
  -------------------------------------------------------------------
                         required time                          0.497    
                         arrival time                           0.231    
  -------------------------------------------------------------------
                         slack                                  0.728    

Slack (MET) :             0.728ns  (arrival time - required time)
  Source:                 clock_geni/locked_dd_reg/C
                            (rising edge-triggered cell FDRE clocked by clk_10Mhz_clk_mmcm_wiz_1  {rise@0.000ns fall@50.000ns period=100.000ns})
  Destination:            seven_seg_segi/counter_reg[3]/CLR
                            (removal check against rising-edge clock clk_10Mhz_clk_mmcm_wiz  {rise@0.000ns fall@50.000ns period=100.000ns})
  Path Group:             **async_default**
  Path Type:              Removal (Min at Fast Process Corner)
  Requirement:            0.000ns  (clk_10Mhz_clk_mmcm_wiz rise@0.000ns - clk_10Mhz_clk_mmcm_wiz_1 rise@0.000ns)
  Data Path Delay:        0.820ns  (logic 0.186ns (22.676%)  route 0.634ns (77.324%))
  Logic Levels:           1  (LUT1=1)
  Clock Path Skew:        0.035ns (DCD - SCD - CPR)
    Destination Clock Delay (DCD):    -0.829ns
    Source Clock Delay      (SCD):    -0.589ns
    Clock Pessimism Removal (CPR):    -0.275ns
  Clock Uncertainty:      0.149ns  ((TSJ^2 + DJ^2)^1/2) / 2 + PE
    Total System Jitter     (TSJ):    0.071ns
    Discrete Jitter          (DJ):    0.290ns
    Phase Error              (PE):    0.000ns
  Clock Domain Crossing:  Inter clock paths are considered valid unless explicitly excluded by timing constraints such as set_clock_groups or set_false_path.

    Location             Delay type                Incr(ns)  Path(ns)    Netlist Resource(s)
  -------------------------------------------------------------------    -------------------
                         (clock clk_10Mhz_clk_mmcm_wiz_1 rise edge)
                                                      0.000     0.000 r  
    W5                                                0.000     0.000 r  clk (IN)
                         net (fo=0)                   0.000     0.000    clock_geni/clk_mmcm_wizi/inst/clk_in1
    W5                   IBUF (Prop_ibuf_I_O)         0.226     0.226 r  clock_geni/clk_mmcm_wizi/inst/clkin1_ibufg/O
                         net (fo=1, routed)           0.440     0.667    clock_geni/clk_mmcm_wizi/inst/clk_in1_clk_mmcm_wiz
    MMCME2_ADV_X1Y0      MMCME2_ADV (Prop_mmcme2_adv_CLKIN1_CLKOUT0)
                                                     -2.360    -1.693 r  clock_geni/clk_mmcm_wizi/inst/mmcm_adv_inst/CLKOUT0
                         net (fo=1, routed)           0.486    -1.207    clock_geni/clk_mmcm_wizi/inst/clk_10Mhz_clk_mmcm_wiz
    BUFGCTRL_X0Y0        BUFG (Prop_bufg_I_O)         0.026    -1.181 r  clock_geni/clk_mmcm_wizi/inst/clkout1_buf/O
                         net (fo=81, routed)          0.592    -0.589    clock_geni/clk_10Mhz
    SLICE_X62Y90         FDRE                                         r  clock_geni/locked_dd_reg/C
  -------------------------------------------------------------------    -------------------
    SLICE_X62Y90         FDRE (Prop_fdre_C_Q)         0.141    -0.448 r  clock_geni/locked_dd_reg/Q
                         net (fo=11, routed)          0.306    -0.142    clock_geni/reset_n
    SLICE_X62Y90         LUT1 (Prop_lut1_I0_O)        0.045    -0.097 f  clock_geni/disp_reg[3]_i_2/O
                         net (fo=28, routed)          0.328     0.231    seven_seg_segi/AR[0]
    SLICE_X59Y90         FDCE                                         f  seven_seg_segi/counter_reg[3]/CLR
  -------------------------------------------------------------------    -------------------

                         (clock clk_10Mhz_clk_mmcm_wiz rise edge)
                                                      0.000     0.000 r  
    W5                                                0.000     0.000 r  clk (IN)
                         net (fo=0)                   0.000     0.000    clock_geni/clk_mmcm_wizi/inst/clk_in1
    W5                   IBUF (Prop_ibuf_I_O)         0.414     0.414 r  clock_geni/clk_mmcm_wizi/inst/clkin1_ibufg/O
                         net (fo=1, routed)           0.480     0.894    clock_geni/clk_mmcm_wizi/inst/clk_in1_clk_mmcm_wiz
    MMCME2_ADV_X1Y0      MMCME2_ADV (Prop_mmcme2_adv_CLKIN1_CLKOUT0)
                                                     -3.142    -2.248 r  clock_geni/clk_mmcm_wizi/inst/mmcm_adv_inst/CLKOUT0
                         net (fo=1, routed)           0.530    -1.718    clock_geni/clk_mmcm_wizi/inst/clk_10Mhz_clk_mmcm_wiz
    BUFGCTRL_X0Y0        BUFG (Prop_bufg_I_O)         0.029    -1.689 r  clock_geni/clk_mmcm_wizi/inst/clkout1_buf/O
                         net (fo=81, routed)          0.860    -0.829    seven_seg_segi/CLK
    SLICE_X59Y90         FDCE                                         r  seven_seg_segi/counter_reg[3]/C
                         clock pessimism              0.275    -0.554    
                         clock uncertainty            0.149    -0.405    
    SLICE_X59Y90         FDCE (Remov_fdce_C_CLR)     -0.092    -0.497    seven_seg_segi/counter_reg[3]
  -------------------------------------------------------------------
                         required time                          0.497    
                         arrival time                           0.231    
  -------------------------------------------------------------------
                         slack                                  0.728    

Slack (MET) :             0.769ns  (arrival time - required time)
  Source:                 clock_geni/locked_dd_reg/C
                            (rising edge-triggered cell FDRE clocked by clk_10Mhz_clk_mmcm_wiz_1  {rise@0.000ns fall@50.000ns period=100.000ns})
  Destination:            seven_seg_segi/counter_reg[10]/CLR
                            (removal check against rising-edge clock clk_10Mhz_clk_mmcm_wiz  {rise@0.000ns fall@50.000ns period=100.000ns})
  Path Group:             **async_default**
  Path Type:              Removal (Min at Fast Process Corner)
  Requirement:            0.000ns  (clk_10Mhz_clk_mmcm_wiz rise@0.000ns - clk_10Mhz_clk_mmcm_wiz_1 rise@0.000ns)
  Data Path Delay:        0.862ns  (logic 0.186ns (21.573%)  route 0.676ns (78.427%))
  Logic Levels:           1  (LUT1=1)
  Clock Path Skew:        0.036ns (DCD - SCD - CPR)
    Destination Clock Delay (DCD):    -0.828ns
    Source Clock Delay      (SCD):    -0.589ns
    Clock Pessimism Removal (CPR):    -0.275ns
  Clock Uncertainty:      0.149ns  ((TSJ^2 + DJ^2)^1/2) / 2 + PE
    Total System Jitter     (TSJ):    0.071ns
    Discrete Jitter          (DJ):    0.290ns
    Phase Error              (PE):    0.000ns
  Clock Domain Crossing:  Inter clock paths are considered valid unless explicitly excluded by timing constraints such as set_clock_groups or set_false_path.

    Location             Delay type                Incr(ns)  Path(ns)    Netlist Resource(s)
  -------------------------------------------------------------------    -------------------
                         (clock clk_10Mhz_clk_mmcm_wiz_1 rise edge)
                                                      0.000     0.000 r  
    W5                                                0.000     0.000 r  clk (IN)
                         net (fo=0)                   0.000     0.000    clock_geni/clk_mmcm_wizi/inst/clk_in1
    W5                   IBUF (Prop_ibuf_I_O)         0.226     0.226 r  clock_geni/clk_mmcm_wizi/inst/clkin1_ibufg/O
                         net (fo=1, routed)           0.440     0.667    clock_geni/clk_mmcm_wizi/inst/clk_in1_clk_mmcm_wiz
    MMCME2_ADV_X1Y0      MMCME2_ADV (Prop_mmcme2_adv_CLKIN1_CLKOUT0)
                                                     -2.360    -1.693 r  clock_geni/clk_mmcm_wizi/inst/mmcm_adv_inst/CLKOUT0
                         net (fo=1, routed)           0.486    -1.207    clock_geni/clk_mmcm_wizi/inst/clk_10Mhz_clk_mmcm_wiz
    BUFGCTRL_X0Y0        BUFG (Prop_bufg_I_O)         0.026    -1.181 r  clock_geni/clk_mmcm_wizi/inst/clkout1_buf/O
                         net (fo=81, routed)          0.592    -0.589    clock_geni/clk_10Mhz
    SLICE_X62Y90         FDRE                                         r  clock_geni/locked_dd_reg/C
  -------------------------------------------------------------------    -------------------
    SLICE_X62Y90         FDRE (Prop_fdre_C_Q)         0.141    -0.448 r  clock_geni/locked_dd_reg/Q
                         net (fo=11, routed)          0.306    -0.142    clock_geni/reset_n
    SLICE_X62Y90         LUT1 (Prop_lut1_I0_O)        0.045    -0.097 f  clock_geni/disp_reg[3]_i_2/O
                         net (fo=28, routed)          0.370     0.273    seven_seg_segi/AR[0]
    SLICE_X59Y93         FDCE                                         f  seven_seg_segi/counter_reg[10]/CLR
  -------------------------------------------------------------------    -------------------

                         (clock clk_10Mhz_clk_mmcm_wiz rise edge)
                                                      0.000     0.000 r  
    W5                                                0.000     0.000 r  clk (IN)
                         net (fo=0)                   0.000     0.000    clock_geni/clk_mmcm_wizi/inst/clk_in1
    W5                   IBUF (Prop_ibuf_I_O)         0.414     0.414 r  clock_geni/clk_mmcm_wizi/inst/clkin1_ibufg/O
                         net (fo=1, routed)           0.480     0.894    clock_geni/clk_mmcm_wizi/inst/clk_in1_clk_mmcm_wiz
    MMCME2_ADV_X1Y0      MMCME2_ADV (Prop_mmcme2_adv_CLKIN1_CLKOUT0)
                                                     -3.142    -2.248 r  clock_geni/clk_mmcm_wizi/inst/mmcm_adv_inst/CLKOUT0
                         net (fo=1, routed)           0.530    -1.718    clock_geni/clk_mmcm_wizi/inst/clk_10Mhz_clk_mmcm_wiz
    BUFGCTRL_X0Y0        BUFG (Prop_bufg_I_O)         0.029    -1.689 r  clock_geni/clk_mmcm_wizi/inst/clkout1_buf/O
                         net (fo=81, routed)          0.861    -0.828    seven_seg_segi/CLK
    SLICE_X59Y93         FDCE                                         r  seven_seg_segi/counter_reg[10]/C
                         clock pessimism              0.275    -0.553    
                         clock uncertainty            0.149    -0.404    
    SLICE_X59Y93         FDCE (Remov_fdce_C_CLR)     -0.092    -0.496    seven_seg_segi/counter_reg[10]
  -------------------------------------------------------------------
                         required time                          0.496    
                         arrival time                           0.273    
  -------------------------------------------------------------------
                         slack                                  0.769    

Slack (MET) :             0.769ns  (arrival time - required time)
  Source:                 clock_geni/locked_dd_reg/C
                            (rising edge-triggered cell FDRE clocked by clk_10Mhz_clk_mmcm_wiz_1  {rise@0.000ns fall@50.000ns period=100.000ns})
  Destination:            seven_seg_segi/counter_reg[11]/CLR
                            (removal check against rising-edge clock clk_10Mhz_clk_mmcm_wiz  {rise@0.000ns fall@50.000ns period=100.000ns})
  Path Group:             **async_default**
  Path Type:              Removal (Min at Fast Process Corner)
  Requirement:            0.000ns  (clk_10Mhz_clk_mmcm_wiz rise@0.000ns - clk_10Mhz_clk_mmcm_wiz_1 rise@0.000ns)
  Data Path Delay:        0.862ns  (logic 0.186ns (21.573%)  route 0.676ns (78.427%))
  Logic Levels:           1  (LUT1=1)
  Clock Path Skew:        0.036ns (DCD - SCD - CPR)
    Destination Clock Delay (DCD):    -0.828ns
    Source Clock Delay      (SCD):    -0.589ns
    Clock Pessimism Removal (CPR):    -0.275ns
  Clock Uncertainty:      0.149ns  ((TSJ^2 + DJ^2)^1/2) / 2 + PE
    Total System Jitter     (TSJ):    0.071ns
    Discrete Jitter          (DJ):    0.290ns
    Phase Error              (PE):    0.000ns
  Clock Domain Crossing:  Inter clock paths are considered valid unless explicitly excluded by timing constraints such as set_clock_groups or set_false_path.

    Location             Delay type                Incr(ns)  Path(ns)    Netlist Resource(s)
  -------------------------------------------------------------------    -------------------
                         (clock clk_10Mhz_clk_mmcm_wiz_1 rise edge)
                                                      0.000     0.000 r  
    W5                                                0.000     0.000 r  clk (IN)
                         net (fo=0)                   0.000     0.000    clock_geni/clk_mmcm_wizi/inst/clk_in1
    W5                   IBUF (Prop_ibuf_I_O)         0.226     0.226 r  clock_geni/clk_mmcm_wizi/inst/clkin1_ibufg/O
                         net (fo=1, routed)           0.440     0.667    clock_geni/clk_mmcm_wizi/inst/clk_in1_clk_mmcm_wiz
    MMCME2_ADV_X1Y0      MMCME2_ADV (Prop_mmcme2_adv_CLKIN1_CLKOUT0)
                                                     -2.360    -1.693 r  clock_geni/clk_mmcm_wizi/inst/mmcm_adv_inst/CLKOUT0
                         net (fo=1, routed)           0.486    -1.207    clock_geni/clk_mmcm_wizi/inst/clk_10Mhz_clk_mmcm_wiz
    BUFGCTRL_X0Y0        BUFG (Prop_bufg_I_O)         0.026    -1.181 r  clock_geni/clk_mmcm_wizi/inst/clkout1_buf/O
                         net (fo=81, routed)          0.592    -0.589    clock_geni/clk_10Mhz
    SLICE_X62Y90         FDRE                                         r  clock_geni/locked_dd_reg/C
  -------------------------------------------------------------------    -------------------
    SLICE_X62Y90         FDRE (Prop_fdre_C_Q)         0.141    -0.448 r  clock_geni/locked_dd_reg/Q
                         net (fo=11, routed)          0.306    -0.142    clock_geni/reset_n
    SLICE_X62Y90         LUT1 (Prop_lut1_I0_O)        0.045    -0.097 f  clock_geni/disp_reg[3]_i_2/O
                         net (fo=28, routed)          0.370     0.273    seven_seg_segi/AR[0]
    SLICE_X59Y93         FDCE                                         f  seven_seg_segi/counter_reg[11]/CLR
  -------------------------------------------------------------------    -------------------

                         (clock clk_10Mhz_clk_mmcm_wiz rise edge)
                                                      0.000     0.000 r  
    W5                                                0.000     0.000 r  clk (IN)
                         net (fo=0)                   0.000     0.000    clock_geni/clk_mmcm_wizi/inst/clk_in1
    W5                   IBUF (Prop_ibuf_I_O)         0.414     0.414 r  clock_geni/clk_mmcm_wizi/inst/clkin1_ibufg/O
                         net (fo=1, routed)           0.480     0.894    clock_geni/clk_mmcm_wizi/inst/clk_in1_clk_mmcm_wiz
    MMCME2_ADV_X1Y0      MMCME2_ADV (Prop_mmcme2_adv_CLKIN1_CLKOUT0)
                                                     -3.142    -2.248 r  clock_geni/clk_mmcm_wizi/inst/mmcm_adv_inst/CLKOUT0
                         net (fo=1, routed)           0.530    -1.718    clock_geni/clk_mmcm_wizi/inst/clk_10Mhz_clk_mmcm_wiz
    BUFGCTRL_X0Y0        BUFG (Prop_bufg_I_O)         0.029    -1.689 r  clock_geni/clk_mmcm_wizi/inst/clkout1_buf/O
                         net (fo=81, routed)          0.861    -0.828    seven_seg_segi/CLK
    SLICE_X59Y93         FDCE                                         r  seven_seg_segi/counter_reg[11]/C
                         clock pessimism              0.275    -0.553    
                         clock uncertainty            0.149    -0.404    
    SLICE_X59Y93         FDCE (Remov_fdce_C_CLR)     -0.092    -0.496    seven_seg_segi/counter_reg[11]
  -------------------------------------------------------------------
                         required time                          0.496    
                         arrival time                           0.273    
  -------------------------------------------------------------------
                         slack                                  0.769    





---------------------------------------------------------------------------------------------------
Path Group:  **async_default**
From Clock:  clk_10Mhz_clk_mmcm_wiz
  To Clock:  clk_10Mhz_clk_mmcm_wiz_1

Setup :            0  Failing Endpoints,  Worst Slack       96.847ns,  Total Violation        0.000ns
Hold  :            0  Failing Endpoints,  Worst Slack        0.624ns,  Total Violation        0.000ns
---------------------------------------------------------------------------------------------------


Max Delay Paths
--------------------------------------------------------------------------------------
Slack (MET) :             96.847ns  (required time - arrival time)
  Source:                 clock_geni/locked_dd_reg/C
                            (rising edge-triggered cell FDRE clocked by clk_10Mhz_clk_mmcm_wiz  {rise@0.000ns fall@50.000ns period=100.000ns})
  Destination:            seven_seg_segi/counter_reg[14]/CLR
                            (recovery check against rising-edge clock clk_10Mhz_clk_mmcm_wiz_1  {rise@0.000ns fall@50.000ns period=100.000ns})
  Path Group:             **async_default**
  Path Type:              Recovery (Max at Slow Process Corner)
  Requirement:            100.000ns  (clk_10Mhz_clk_mmcm_wiz_1 rise@100.000ns - clk_10Mhz_clk_mmcm_wiz rise@0.000ns)
  Data Path Delay:        2.561ns  (logic 0.580ns (22.652%)  route 1.981ns (77.348%))
  Logic Levels:           1  (LUT1=1)
  Clock Path Skew:        -0.038ns (DCD - SCD + CPR)
    Destination Clock Delay (DCD):    -1.488ns = ( 98.512 - 100.000 ) 
    Source Clock Delay      (SCD):    -0.888ns
    Clock Pessimism Removal (CPR):    0.562ns
  Clock Uncertainty:      0.149ns  ((TSJ^2 + DJ^2)^1/2) / 2 + PE
    Total System Jitter     (TSJ):    0.071ns
    Discrete Jitter          (DJ):    0.290ns
    Phase Error              (PE):    0.000ns
  Clock Domain Crossing:  Inter clock paths are considered valid unless explicitly excluded by timing constraints such as set_clock_groups or set_false_path.

    Location             Delay type                Incr(ns)  Path(ns)    Netlist Resource(s)
  -------------------------------------------------------------------    -------------------
                         (clock clk_10Mhz_clk_mmcm_wiz rise edge)
                                                      0.000     0.000 r  
    W5                                                0.000     0.000 r  clk (IN)
                         net (fo=0)                   0.000     0.000    clock_geni/clk_mmcm_wizi/inst/clk_in1
    W5                   IBUF (Prop_ibuf_I_O)         1.458     1.458 r  clock_geni/clk_mmcm_wizi/inst/clkin1_ibufg/O
                         net (fo=1, routed)           1.233     2.691    clock_geni/clk_mmcm_wizi/inst/clk_in1_clk_mmcm_wiz
    MMCME2_ADV_X1Y0      MMCME2_ADV (Prop_mmcme2_adv_CLKIN1_CLKOUT0)
                                                     -6.961    -4.269 r  clock_geni/clk_mmcm_wizi/inst/mmcm_adv_inst/CLKOUT0
                         net (fo=1, routed)           1.661    -2.608    clock_geni/clk_mmcm_wizi/inst/clk_10Mhz_clk_mmcm_wiz
    BUFGCTRL_X0Y0        BUFG (Prop_bufg_I_O)         0.096    -2.512 r  clock_geni/clk_mmcm_wizi/inst/clkout1_buf/O
                         net (fo=81, routed)          1.624    -0.888    clock_geni/clk_10Mhz
    SLICE_X62Y90         FDRE                                         r  clock_geni/locked_dd_reg/C
  -------------------------------------------------------------------    -------------------
    SLICE_X62Y90         FDRE (Prop_fdre_C_Q)         0.456    -0.432 r  clock_geni/locked_dd_reg/Q
                         net (fo=11, routed)          0.860     0.428    clock_geni/reset_n
    SLICE_X62Y90         LUT1 (Prop_lut1_I0_O)        0.124     0.552 f  clock_geni/disp_reg[3]_i_2/O
                         net (fo=28, routed)          1.120     1.673    seven_seg_segi/AR[0]
    SLICE_X59Y94         FDCE                                         f  seven_seg_segi/counter_reg[14]/CLR
  -------------------------------------------------------------------    -------------------

                         (clock clk_10Mhz_clk_mmcm_wiz_1 rise edge)
                                                    100.000   100.000 r  
    W5                                                0.000   100.000 r  clk (IN)
                         net (fo=0)                   0.000   100.000    clock_geni/clk_mmcm_wizi/inst/clk_in1
    W5                   IBUF (Prop_ibuf_I_O)         1.388   101.388 r  clock_geni/clk_mmcm_wizi/inst/clkin1_ibufg/O
                         net (fo=1, routed)           1.162   102.550    clock_geni/clk_mmcm_wizi/inst/clk_in1_clk_mmcm_wiz
    MMCME2_ADV_X1Y0      MMCME2_ADV (Prop_mmcme2_adv_CLKIN1_CLKOUT0)
                                                     -7.217    95.332 r  clock_geni/clk_mmcm_wizi/inst/mmcm_adv_inst/CLKOUT0
                         net (fo=1, routed)           1.581    96.914    clock_geni/clk_mmcm_wizi/inst/clk_10Mhz_clk_mmcm_wiz
    BUFGCTRL_X0Y0        BUFG (Prop_bufg_I_O)         0.091    97.005 r  clock_geni/clk_mmcm_wizi/inst/clkout1_buf/O
                         net (fo=81, routed)          1.508    98.512    seven_seg_segi/CLK
    SLICE_X59Y94         FDCE                                         r  seven_seg_segi/counter_reg[14]/C
                         clock pessimism              0.562    99.074    
                         clock uncertainty           -0.149    98.925    
    SLICE_X59Y94         FDCE (Recov_fdce_C_CLR)     -0.405    98.520    seven_seg_segi/counter_reg[14]
  -------------------------------------------------------------------
                         required time                         98.520    
                         arrival time                          -1.673    
  -------------------------------------------------------------------
                         slack                                 96.847    

Slack (MET) :             96.847ns  (required time - arrival time)
  Source:                 clock_geni/locked_dd_reg/C
                            (rising edge-triggered cell FDRE clocked by clk_10Mhz_clk_mmcm_wiz  {rise@0.000ns fall@50.000ns period=100.000ns})
  Destination:            seven_seg_segi/counter_reg[15]/CLR
                            (recovery check against rising-edge clock clk_10Mhz_clk_mmcm_wiz_1  {rise@0.000ns fall@50.000ns period=100.000ns})
  Path Group:             **async_default**
  Path Type:              Recovery (Max at Slow Process Corner)
  Requirement:            100.000ns  (clk_10Mhz_clk_mmcm_wiz_1 rise@100.000ns - clk_10Mhz_clk_mmcm_wiz rise@0.000ns)
  Data Path Delay:        2.561ns  (logic 0.580ns (22.652%)  route 1.981ns (77.348%))
  Logic Levels:           1  (LUT1=1)
  Clock Path Skew:        -0.038ns (DCD - SCD + CPR)
    Destination Clock Delay (DCD):    -1.488ns = ( 98.512 - 100.000 ) 
    Source Clock Delay      (SCD):    -0.888ns
    Clock Pessimism Removal (CPR):    0.562ns
  Clock Uncertainty:      0.149ns  ((TSJ^2 + DJ^2)^1/2) / 2 + PE
    Total System Jitter     (TSJ):    0.071ns
    Discrete Jitter          (DJ):    0.290ns
    Phase Error              (PE):    0.000ns
  Clock Domain Crossing:  Inter clock paths are considered valid unless explicitly excluded by timing constraints such as set_clock_groups or set_false_path.

    Location             Delay type                Incr(ns)  Path(ns)    Netlist Resource(s)
  -------------------------------------------------------------------    -------------------
                         (clock clk_10Mhz_clk_mmcm_wiz rise edge)
                                                      0.000     0.000 r  
    W5                                                0.000     0.000 r  clk (IN)
                         net (fo=0)                   0.000     0.000    clock_geni/clk_mmcm_wizi/inst/clk_in1
    W5                   IBUF (Prop_ibuf_I_O)         1.458     1.458 r  clock_geni/clk_mmcm_wizi/inst/clkin1_ibufg/O
                         net (fo=1, routed)           1.233     2.691    clock_geni/clk_mmcm_wizi/inst/clk_in1_clk_mmcm_wiz
    MMCME2_ADV_X1Y0      MMCME2_ADV (Prop_mmcme2_adv_CLKIN1_CLKOUT0)
                                                     -6.961    -4.269 r  clock_geni/clk_mmcm_wizi/inst/mmcm_adv_inst/CLKOUT0
                         net (fo=1, routed)           1.661    -2.608    clock_geni/clk_mmcm_wizi/inst/clk_10Mhz_clk_mmcm_wiz
    BUFGCTRL_X0Y0        BUFG (Prop_bufg_I_O)         0.096    -2.512 r  clock_geni/clk_mmcm_wizi/inst/clkout1_buf/O
                         net (fo=81, routed)          1.624    -0.888    clock_geni/clk_10Mhz
    SLICE_X62Y90         FDRE                                         r  clock_geni/locked_dd_reg/C
  -------------------------------------------------------------------    -------------------
    SLICE_X62Y90         FDRE (Prop_fdre_C_Q)         0.456    -0.432 r  clock_geni/locked_dd_reg/Q
                         net (fo=11, routed)          0.860     0.428    clock_geni/reset_n
    SLICE_X62Y90         LUT1 (Prop_lut1_I0_O)        0.124     0.552 f  clock_geni/disp_reg[3]_i_2/O
                         net (fo=28, routed)          1.120     1.673    seven_seg_segi/AR[0]
    SLICE_X59Y94         FDCE                                         f  seven_seg_segi/counter_reg[15]/CLR
  -------------------------------------------------------------------    -------------------

                         (clock clk_10Mhz_clk_mmcm_wiz_1 rise edge)
                                                    100.000   100.000 r  
    W5                                                0.000   100.000 r  clk (IN)
                         net (fo=0)                   0.000   100.000    clock_geni/clk_mmcm_wizi/inst/clk_in1
    W5                   IBUF (Prop_ibuf_I_O)         1.388   101.388 r  clock_geni/clk_mmcm_wizi/inst/clkin1_ibufg/O
                         net (fo=1, routed)           1.162   102.550    clock_geni/clk_mmcm_wizi/inst/clk_in1_clk_mmcm_wiz
    MMCME2_ADV_X1Y0      MMCME2_ADV (Prop_mmcme2_adv_CLKIN1_CLKOUT0)
                                                     -7.217    95.332 r  clock_geni/clk_mmcm_wizi/inst/mmcm_adv_inst/CLKOUT0
                         net (fo=1, routed)           1.581    96.914    clock_geni/clk_mmcm_wizi/inst/clk_10Mhz_clk_mmcm_wiz
    BUFGCTRL_X0Y0        BUFG (Prop_bufg_I_O)         0.091    97.005 r  clock_geni/clk_mmcm_wizi/inst/clkout1_buf/O
                         net (fo=81, routed)          1.508    98.512    seven_seg_segi/CLK
    SLICE_X59Y94         FDCE                                         r  seven_seg_segi/counter_reg[15]/C
                         clock pessimism              0.562    99.074    
                         clock uncertainty           -0.149    98.925    
    SLICE_X59Y94         FDCE (Recov_fdce_C_CLR)     -0.405    98.520    seven_seg_segi/counter_reg[15]
  -------------------------------------------------------------------
                         required time                         98.520    
                         arrival time                          -1.673    
  -------------------------------------------------------------------
                         slack                                 96.847    

Slack (MET) :             96.989ns  (required time - arrival time)
  Source:                 clock_geni/locked_dd_reg/C
                            (rising edge-triggered cell FDRE clocked by clk_10Mhz_clk_mmcm_wiz  {rise@0.000ns fall@50.000ns period=100.000ns})
  Destination:            seven_seg_segi/counter_reg[6]/CLR
                            (recovery check against rising-edge clock clk_10Mhz_clk_mmcm_wiz_1  {rise@0.000ns fall@50.000ns period=100.000ns})
  Path Group:             **async_default**
  Path Type:              Recovery (Max at Slow Process Corner)
  Requirement:            100.000ns  (clk_10Mhz_clk_mmcm_wiz_1 rise@100.000ns - clk_10Mhz_clk_mmcm_wiz rise@0.000ns)
  Data Path Delay:        2.417ns  (logic 0.580ns (23.992%)  route 1.837ns (76.008%))
  Logic Levels:           1  (LUT1=1)
  Clock Path Skew:        -0.039ns (DCD - SCD + CPR)
    Destination Clock Delay (DCD):    -1.489ns = ( 98.511 - 100.000 ) 
    Source Clock Delay      (SCD):    -0.888ns
    Clock Pessimism Removal (CPR):    0.562ns
  Clock Uncertainty:      0.149ns  ((TSJ^2 + DJ^2)^1/2) / 2 + PE
    Total System Jitter     (TSJ):    0.071ns
    Discrete Jitter          (DJ):    0.290ns
    Phase Error              (PE):    0.000ns
  Clock Domain Crossing:  Inter clock paths are considered valid unless explicitly excluded by timing constraints such as set_clock_groups or set_false_path.

    Location             Delay type                Incr(ns)  Path(ns)    Netlist Resource(s)
  -------------------------------------------------------------------    -------------------
                         (clock clk_10Mhz_clk_mmcm_wiz rise edge)
                                                      0.000     0.000 r  
    W5                                                0.000     0.000 r  clk (IN)
                         net (fo=0)                   0.000     0.000    clock_geni/clk_mmcm_wizi/inst/clk_in1
    W5                   IBUF (Prop_ibuf_I_O)         1.458     1.458 r  clock_geni/clk_mmcm_wizi/inst/clkin1_ibufg/O
                         net (fo=1, routed)           1.233     2.691    clock_geni/clk_mmcm_wizi/inst/clk_in1_clk_mmcm_wiz
    MMCME2_ADV_X1Y0      MMCME2_ADV (Prop_mmcme2_adv_CLKIN1_CLKOUT0)
                                                     -6.961    -4.269 r  clock_geni/clk_mmcm_wizi/inst/mmcm_adv_inst/CLKOUT0
                         net (fo=1, routed)           1.661    -2.608    clock_geni/clk_mmcm_wizi/inst/clk_10Mhz_clk_mmcm_wiz
    BUFGCTRL_X0Y0        BUFG (Prop_bufg_I_O)         0.096    -2.512 r  clock_geni/clk_mmcm_wizi/inst/clkout1_buf/O
                         net (fo=81, routed)          1.624    -0.888    clock_geni/clk_10Mhz
    SLICE_X62Y90         FDRE                                         r  clock_geni/locked_dd_reg/C
  -------------------------------------------------------------------    -------------------
    SLICE_X62Y90         FDRE (Prop_fdre_C_Q)         0.456    -0.432 r  clock_geni/locked_dd_reg/Q
                         net (fo=11, routed)          0.860     0.428    clock_geni/reset_n
    SLICE_X62Y90         LUT1 (Prop_lut1_I0_O)        0.124     0.552 f  clock_geni/disp_reg[3]_i_2/O
                         net (fo=28, routed)          0.977     1.530    seven_seg_segi/AR[0]
    SLICE_X59Y92         FDCE                                         f  seven_seg_segi/counter_reg[6]/CLR
  -------------------------------------------------------------------    -------------------

                         (clock clk_10Mhz_clk_mmcm_wiz_1 rise edge)
                                                    100.000   100.000 r  
    W5                                                0.000   100.000 r  clk (IN)
                         net (fo=0)                   0.000   100.000    clock_geni/clk_mmcm_wizi/inst/clk_in1
    W5                   IBUF (Prop_ibuf_I_O)         1.388   101.388 r  clock_geni/clk_mmcm_wizi/inst/clkin1_ibufg/O
                         net (fo=1, routed)           1.162   102.550    clock_geni/clk_mmcm_wizi/inst/clk_in1_clk_mmcm_wiz
    MMCME2_ADV_X1Y0      MMCME2_ADV (Prop_mmcme2_adv_CLKIN1_CLKOUT0)
                                                     -7.217    95.332 r  clock_geni/clk_mmcm_wizi/inst/mmcm_adv_inst/CLKOUT0
                         net (fo=1, routed)           1.581    96.914    clock_geni/clk_mmcm_wizi/inst/clk_10Mhz_clk_mmcm_wiz
    BUFGCTRL_X0Y0        BUFG (Prop_bufg_I_O)         0.091    97.005 r  clock_geni/clk_mmcm_wizi/inst/clkout1_buf/O
                         net (fo=81, routed)          1.507    98.511    seven_seg_segi/CLK
    SLICE_X59Y92         FDCE                                         r  seven_seg_segi/counter_reg[6]/C
                         clock pessimism              0.562    99.073    
                         clock uncertainty           -0.149    98.924    
    SLICE_X59Y92         FDCE (Recov_fdce_C_CLR)     -0.405    98.519    seven_seg_segi/counter_reg[6]
  -------------------------------------------------------------------
                         required time                         98.519    
                         arrival time                          -1.530    
  -------------------------------------------------------------------
                         slack                                 96.989    

Slack (MET) :             96.989ns  (required time - arrival time)
  Source:                 clock_geni/locked_dd_reg/C
                            (rising edge-triggered cell FDRE clocked by clk_10Mhz_clk_mmcm_wiz  {rise@0.000ns fall@50.000ns period=100.000ns})
  Destination:            seven_seg_segi/counter_reg[7]/CLR
                            (recovery check against rising-edge clock clk_10Mhz_clk_mmcm_wiz_1  {rise@0.000ns fall@50.000ns period=100.000ns})
  Path Group:             **async_default**
  Path Type:              Recovery (Max at Slow Process Corner)
  Requirement:            100.000ns  (clk_10Mhz_clk_mmcm_wiz_1 rise@100.000ns - clk_10Mhz_clk_mmcm_wiz rise@0.000ns)
  Data Path Delay:        2.417ns  (logic 0.580ns (23.992%)  route 1.837ns (76.008%))
  Logic Levels:           1  (LUT1=1)
  Clock Path Skew:        -0.039ns (DCD - SCD + CPR)
    Destination Clock Delay (DCD):    -1.489ns = ( 98.511 - 100.000 ) 
    Source Clock Delay      (SCD):    -0.888ns
    Clock Pessimism Removal (CPR):    0.562ns
  Clock Uncertainty:      0.149ns  ((TSJ^2 + DJ^2)^1/2) / 2 + PE
    Total System Jitter     (TSJ):    0.071ns
    Discrete Jitter          (DJ):    0.290ns
    Phase Error              (PE):    0.000ns
  Clock Domain Crossing:  Inter clock paths are considered valid unless explicitly excluded by timing constraints such as set_clock_groups or set_false_path.

    Location             Delay type                Incr(ns)  Path(ns)    Netlist Resource(s)
  -------------------------------------------------------------------    -------------------
                         (clock clk_10Mhz_clk_mmcm_wiz rise edge)
                                                      0.000     0.000 r  
    W5                                                0.000     0.000 r  clk (IN)
                         net (fo=0)                   0.000     0.000    clock_geni/clk_mmcm_wizi/inst/clk_in1
    W5                   IBUF (Prop_ibuf_I_O)         1.458     1.458 r  clock_geni/clk_mmcm_wizi/inst/clkin1_ibufg/O
                         net (fo=1, routed)           1.233     2.691    clock_geni/clk_mmcm_wizi/inst/clk_in1_clk_mmcm_wiz
    MMCME2_ADV_X1Y0      MMCME2_ADV (Prop_mmcme2_adv_CLKIN1_CLKOUT0)
                                                     -6.961    -4.269 r  clock_geni/clk_mmcm_wizi/inst/mmcm_adv_inst/CLKOUT0
                         net (fo=1, routed)           1.661    -2.608    clock_geni/clk_mmcm_wizi/inst/clk_10Mhz_clk_mmcm_wiz
    BUFGCTRL_X0Y0        BUFG (Prop_bufg_I_O)         0.096    -2.512 r  clock_geni/clk_mmcm_wizi/inst/clkout1_buf/O
                         net (fo=81, routed)          1.624    -0.888    clock_geni/clk_10Mhz
    SLICE_X62Y90         FDRE                                         r  clock_geni/locked_dd_reg/C
  -------------------------------------------------------------------    -------------------
    SLICE_X62Y90         FDRE (Prop_fdre_C_Q)         0.456    -0.432 r  clock_geni/locked_dd_reg/Q
                         net (fo=11, routed)          0.860     0.428    clock_geni/reset_n
    SLICE_X62Y90         LUT1 (Prop_lut1_I0_O)        0.124     0.552 f  clock_geni/disp_reg[3]_i_2/O
                         net (fo=28, routed)          0.977     1.530    seven_seg_segi/AR[0]
    SLICE_X59Y92         FDCE                                         f  seven_seg_segi/counter_reg[7]/CLR
  -------------------------------------------------------------------    -------------------

                         (clock clk_10Mhz_clk_mmcm_wiz_1 rise edge)
                                                    100.000   100.000 r  
    W5                                                0.000   100.000 r  clk (IN)
                         net (fo=0)                   0.000   100.000    clock_geni/clk_mmcm_wizi/inst/clk_in1
    W5                   IBUF (Prop_ibuf_I_O)         1.388   101.388 r  clock_geni/clk_mmcm_wizi/inst/clkin1_ibufg/O
                         net (fo=1, routed)           1.162   102.550    clock_geni/clk_mmcm_wizi/inst/clk_in1_clk_mmcm_wiz
    MMCME2_ADV_X1Y0      MMCME2_ADV (Prop_mmcme2_adv_CLKIN1_CLKOUT0)
                                                     -7.217    95.332 r  clock_geni/clk_mmcm_wizi/inst/mmcm_adv_inst/CLKOUT0
                         net (fo=1, routed)           1.581    96.914    clock_geni/clk_mmcm_wizi/inst/clk_10Mhz_clk_mmcm_wiz
    BUFGCTRL_X0Y0        BUFG (Prop_bufg_I_O)         0.091    97.005 r  clock_geni/clk_mmcm_wizi/inst/clkout1_buf/O
                         net (fo=81, routed)          1.507    98.511    seven_seg_segi/CLK
    SLICE_X59Y92         FDCE                                         r  seven_seg_segi/counter_reg[7]/C
                         clock pessimism              0.562    99.073    
                         clock uncertainty           -0.149    98.924    
    SLICE_X59Y92         FDCE (Recov_fdce_C_CLR)     -0.405    98.519    seven_seg_segi/counter_reg[7]
  -------------------------------------------------------------------
                         required time                         98.519    
                         arrival time                          -1.530    
  -------------------------------------------------------------------
                         slack                                 96.989    

Slack (MET) :             96.989ns  (required time - arrival time)
  Source:                 clock_geni/locked_dd_reg/C
                            (rising edge-triggered cell FDRE clocked by clk_10Mhz_clk_mmcm_wiz  {rise@0.000ns fall@50.000ns period=100.000ns})
  Destination:            seven_seg_segi/counter_reg[8]/CLR
                            (recovery check against rising-edge clock clk_10Mhz_clk_mmcm_wiz_1  {rise@0.000ns fall@50.000ns period=100.000ns})
  Path Group:             **async_default**
  Path Type:              Recovery (Max at Slow Process Corner)
  Requirement:            100.000ns  (clk_10Mhz_clk_mmcm_wiz_1 rise@100.000ns - clk_10Mhz_clk_mmcm_wiz rise@0.000ns)
  Data Path Delay:        2.417ns  (logic 0.580ns (23.992%)  route 1.837ns (76.008%))
  Logic Levels:           1  (LUT1=1)
  Clock Path Skew:        -0.039ns (DCD - SCD + CPR)
    Destination Clock Delay (DCD):    -1.489ns = ( 98.511 - 100.000 ) 
    Source Clock Delay      (SCD):    -0.888ns
    Clock Pessimism Removal (CPR):    0.562ns
  Clock Uncertainty:      0.149ns  ((TSJ^2 + DJ^2)^1/2) / 2 + PE
    Total System Jitter     (TSJ):    0.071ns
    Discrete Jitter          (DJ):    0.290ns
    Phase Error              (PE):    0.000ns
  Clock Domain Crossing:  Inter clock paths are considered valid unless explicitly excluded by timing constraints such as set_clock_groups or set_false_path.

    Location             Delay type                Incr(ns)  Path(ns)    Netlist Resource(s)
  -------------------------------------------------------------------    -------------------
                         (clock clk_10Mhz_clk_mmcm_wiz rise edge)
                                                      0.000     0.000 r  
    W5                                                0.000     0.000 r  clk (IN)
                         net (fo=0)                   0.000     0.000    clock_geni/clk_mmcm_wizi/inst/clk_in1
    W5                   IBUF (Prop_ibuf_I_O)         1.458     1.458 r  clock_geni/clk_mmcm_wizi/inst/clkin1_ibufg/O
                         net (fo=1, routed)           1.233     2.691    clock_geni/clk_mmcm_wizi/inst/clk_in1_clk_mmcm_wiz
    MMCME2_ADV_X1Y0      MMCME2_ADV (Prop_mmcme2_adv_CLKIN1_CLKOUT0)
                                                     -6.961    -4.269 r  clock_geni/clk_mmcm_wizi/inst/mmcm_adv_inst/CLKOUT0
                         net (fo=1, routed)           1.661    -2.608    clock_geni/clk_mmcm_wizi/inst/clk_10Mhz_clk_mmcm_wiz
    BUFGCTRL_X0Y0        BUFG (Prop_bufg_I_O)         0.096    -2.512 r  clock_geni/clk_mmcm_wizi/inst/clkout1_buf/O
                         net (fo=81, routed)          1.624    -0.888    clock_geni/clk_10Mhz
    SLICE_X62Y90         FDRE                                         r  clock_geni/locked_dd_reg/C
  -------------------------------------------------------------------    -------------------
    SLICE_X62Y90         FDRE (Prop_fdre_C_Q)         0.456    -0.432 r  clock_geni/locked_dd_reg/Q
                         net (fo=11, routed)          0.860     0.428    clock_geni/reset_n
    SLICE_X62Y90         LUT1 (Prop_lut1_I0_O)        0.124     0.552 f  clock_geni/disp_reg[3]_i_2/O
                         net (fo=28, routed)          0.977     1.530    seven_seg_segi/AR[0]
    SLICE_X59Y92         FDCE                                         f  seven_seg_segi/counter_reg[8]/CLR
  -------------------------------------------------------------------    -------------------

                         (clock clk_10Mhz_clk_mmcm_wiz_1 rise edge)
                                                    100.000   100.000 r  
    W5                                                0.000   100.000 r  clk (IN)
                         net (fo=0)                   0.000   100.000    clock_geni/clk_mmcm_wizi/inst/clk_in1
    W5                   IBUF (Prop_ibuf_I_O)         1.388   101.388 r  clock_geni/clk_mmcm_wizi/inst/clkin1_ibufg/O
                         net (fo=1, routed)           1.162   102.550    clock_geni/clk_mmcm_wizi/inst/clk_in1_clk_mmcm_wiz
    MMCME2_ADV_X1Y0      MMCME2_ADV (Prop_mmcme2_adv_CLKIN1_CLKOUT0)
                                                     -7.217    95.332 r  clock_geni/clk_mmcm_wizi/inst/mmcm_adv_inst/CLKOUT0
                         net (fo=1, routed)           1.581    96.914    clock_geni/clk_mmcm_wizi/inst/clk_10Mhz_clk_mmcm_wiz
    BUFGCTRL_X0Y0        BUFG (Prop_bufg_I_O)         0.091    97.005 r  clock_geni/clk_mmcm_wizi/inst/clkout1_buf/O
                         net (fo=81, routed)          1.507    98.511    seven_seg_segi/CLK
    SLICE_X59Y92         FDCE                                         r  seven_seg_segi/counter_reg[8]/C
                         clock pessimism              0.562    99.073    
                         clock uncertainty           -0.149    98.924    
    SLICE_X59Y92         FDCE (Recov_fdce_C_CLR)     -0.405    98.519    seven_seg_segi/counter_reg[8]
  -------------------------------------------------------------------
                         required time                         98.519    
                         arrival time                          -1.530    
  -------------------------------------------------------------------
                         slack                                 96.989    

Slack (MET) :             96.989ns  (required time - arrival time)
  Source:                 clock_geni/locked_dd_reg/C
                            (rising edge-triggered cell FDRE clocked by clk_10Mhz_clk_mmcm_wiz  {rise@0.000ns fall@50.000ns period=100.000ns})
  Destination:            seven_seg_segi/counter_reg[9]/CLR
                            (recovery check against rising-edge clock clk_10Mhz_clk_mmcm_wiz_1  {rise@0.000ns fall@50.000ns period=100.000ns})
  Path Group:             **async_default**
  Path Type:              Recovery (Max at Slow Process Corner)
  Requirement:            100.000ns  (clk_10Mhz_clk_mmcm_wiz_1 rise@100.000ns - clk_10Mhz_clk_mmcm_wiz rise@0.000ns)
  Data Path Delay:        2.417ns  (logic 0.580ns (23.992%)  route 1.837ns (76.008%))
  Logic Levels:           1  (LUT1=1)
  Clock Path Skew:        -0.039ns (DCD - SCD + CPR)
    Destination Clock Delay (DCD):    -1.489ns = ( 98.511 - 100.000 ) 
    Source Clock Delay      (SCD):    -0.888ns
    Clock Pessimism Removal (CPR):    0.562ns
  Clock Uncertainty:      0.149ns  ((TSJ^2 + DJ^2)^1/2) / 2 + PE
    Total System Jitter     (TSJ):    0.071ns
    Discrete Jitter          (DJ):    0.290ns
    Phase Error              (PE):    0.000ns
  Clock Domain Crossing:  Inter clock paths are considered valid unless explicitly excluded by timing constraints such as set_clock_groups or set_false_path.

    Location             Delay type                Incr(ns)  Path(ns)    Netlist Resource(s)
  -------------------------------------------------------------------    -------------------
                         (clock clk_10Mhz_clk_mmcm_wiz rise edge)
                                                      0.000     0.000 r  
    W5                                                0.000     0.000 r  clk (IN)
                         net (fo=0)                   0.000     0.000    clock_geni/clk_mmcm_wizi/inst/clk_in1
    W5                   IBUF (Prop_ibuf_I_O)         1.458     1.458 r  clock_geni/clk_mmcm_wizi/inst/clkin1_ibufg/O
                         net (fo=1, routed)           1.233     2.691    clock_geni/clk_mmcm_wizi/inst/clk_in1_clk_mmcm_wiz
    MMCME2_ADV_X1Y0      MMCME2_ADV (Prop_mmcme2_adv_CLKIN1_CLKOUT0)
                                                     -6.961    -4.269 r  clock_geni/clk_mmcm_wizi/inst/mmcm_adv_inst/CLKOUT0
                         net (fo=1, routed)           1.661    -2.608    clock_geni/clk_mmcm_wizi/inst/clk_10Mhz_clk_mmcm_wiz
    BUFGCTRL_X0Y0        BUFG (Prop_bufg_I_O)         0.096    -2.512 r  clock_geni/clk_mmcm_wizi/inst/clkout1_buf/O
                         net (fo=81, routed)          1.624    -0.888    clock_geni/clk_10Mhz
    SLICE_X62Y90         FDRE                                         r  clock_geni/locked_dd_reg/C
  -------------------------------------------------------------------    -------------------
    SLICE_X62Y90         FDRE (Prop_fdre_C_Q)         0.456    -0.432 r  clock_geni/locked_dd_reg/Q
                         net (fo=11, routed)          0.860     0.428    clock_geni/reset_n
    SLICE_X62Y90         LUT1 (Prop_lut1_I0_O)        0.124     0.552 f  clock_geni/disp_reg[3]_i_2/O
                         net (fo=28, routed)          0.977     1.530    seven_seg_segi/AR[0]
    SLICE_X59Y92         FDCE                                         f  seven_seg_segi/counter_reg[9]/CLR
  -------------------------------------------------------------------    -------------------

                         (clock clk_10Mhz_clk_mmcm_wiz_1 rise edge)
                                                    100.000   100.000 r  
    W5                                                0.000   100.000 r  clk (IN)
                         net (fo=0)                   0.000   100.000    clock_geni/clk_mmcm_wizi/inst/clk_in1
    W5                   IBUF (Prop_ibuf_I_O)         1.388   101.388 r  clock_geni/clk_mmcm_wizi/inst/clkin1_ibufg/O
                         net (fo=1, routed)           1.162   102.550    clock_geni/clk_mmcm_wizi/inst/clk_in1_clk_mmcm_wiz
    MMCME2_ADV_X1Y0      MMCME2_ADV (Prop_mmcme2_adv_CLKIN1_CLKOUT0)
                                                     -7.217    95.332 r  clock_geni/clk_mmcm_wizi/inst/mmcm_adv_inst/CLKOUT0
                         net (fo=1, routed)           1.581    96.914    clock_geni/clk_mmcm_wizi/inst/clk_10Mhz_clk_mmcm_wiz
    BUFGCTRL_X0Y0        BUFG (Prop_bufg_I_O)         0.091    97.005 r  clock_geni/clk_mmcm_wizi/inst/clkout1_buf/O
                         net (fo=81, routed)          1.507    98.511    seven_seg_segi/CLK
    SLICE_X59Y92         FDCE                                         r  seven_seg_segi/counter_reg[9]/C
                         clock pessimism              0.562    99.073    
                         clock uncertainty           -0.149    98.924    
    SLICE_X59Y92         FDCE (Recov_fdce_C_CLR)     -0.405    98.519    seven_seg_segi/counter_reg[9]
  -------------------------------------------------------------------
                         required time                         98.519    
                         arrival time                          -1.530    
  -------------------------------------------------------------------
                         slack                                 96.989    

Slack (MET) :             97.016ns  (required time - arrival time)
  Source:                 clock_geni/locked_dd_reg/C
                            (rising edge-triggered cell FDRE clocked by clk_10Mhz_clk_mmcm_wiz  {rise@0.000ns fall@50.000ns period=100.000ns})
  Destination:            seven_seg_segi/counter_reg[4]/CLR
                            (recovery check against rising-edge clock clk_10Mhz_clk_mmcm_wiz_1  {rise@0.000ns fall@50.000ns period=100.000ns})
  Path Group:             **async_default**
  Path Type:              Recovery (Max at Slow Process Corner)
  Requirement:            100.000ns  (clk_10Mhz_clk_mmcm_wiz_1 rise@100.000ns - clk_10Mhz_clk_mmcm_wiz rise@0.000ns)
  Data Path Delay:        2.391ns  (logic 0.580ns (24.262%)  route 1.811ns (75.738%))
  Logic Levels:           1  (LUT1=1)
  Clock Path Skew:        -0.039ns (DCD - SCD + CPR)
    Destination Clock Delay (DCD):    -1.489ns = ( 98.511 - 100.000 ) 
    Source Clock Delay      (SCD):    -0.888ns
    Clock Pessimism Removal (CPR):    0.562ns
  Clock Uncertainty:      0.149ns  ((TSJ^2 + DJ^2)^1/2) / 2 + PE
    Total System Jitter     (TSJ):    0.071ns
    Discrete Jitter          (DJ):    0.290ns
    Phase Error              (PE):    0.000ns
  Clock Domain Crossing:  Inter clock paths are considered valid unless explicitly excluded by timing constraints such as set_clock_groups or set_false_path.

    Location             Delay type                Incr(ns)  Path(ns)    Netlist Resource(s)
  -------------------------------------------------------------------    -------------------
                         (clock clk_10Mhz_clk_mmcm_wiz rise edge)
                                                      0.000     0.000 r  
    W5                                                0.000     0.000 r  clk (IN)
                         net (fo=0)                   0.000     0.000    clock_geni/clk_mmcm_wizi/inst/clk_in1
    W5                   IBUF (Prop_ibuf_I_O)         1.458     1.458 r  clock_geni/clk_mmcm_wizi/inst/clkin1_ibufg/O
                         net (fo=1, routed)           1.233     2.691    clock_geni/clk_mmcm_wizi/inst/clk_in1_clk_mmcm_wiz
    MMCME2_ADV_X1Y0      MMCME2_ADV (Prop_mmcme2_adv_CLKIN1_CLKOUT0)
                                                     -6.961    -4.269 r  clock_geni/clk_mmcm_wizi/inst/mmcm_adv_inst/CLKOUT0
                         net (fo=1, routed)           1.661    -2.608    clock_geni/clk_mmcm_wizi/inst/clk_10Mhz_clk_mmcm_wiz
    BUFGCTRL_X0Y0        BUFG (Prop_bufg_I_O)         0.096    -2.512 r  clock_geni/clk_mmcm_wizi/inst/clkout1_buf/O
                         net (fo=81, routed)          1.624    -0.888    clock_geni/clk_10Mhz
    SLICE_X62Y90         FDRE                                         r  clock_geni/locked_dd_reg/C
  -------------------------------------------------------------------    -------------------
    SLICE_X62Y90         FDRE (Prop_fdre_C_Q)         0.456    -0.432 r  clock_geni/locked_dd_reg/Q
                         net (fo=11, routed)          0.860     0.428    clock_geni/reset_n
    SLICE_X62Y90         LUT1 (Prop_lut1_I0_O)        0.124     0.552 f  clock_geni/disp_reg[3]_i_2/O
                         net (fo=28, routed)          0.950     1.503    seven_seg_segi/AR[0]
    SLICE_X59Y91         FDCE                                         f  seven_seg_segi/counter_reg[4]/CLR
  -------------------------------------------------------------------    -------------------

                         (clock clk_10Mhz_clk_mmcm_wiz_1 rise edge)
                                                    100.000   100.000 r  
    W5                                                0.000   100.000 r  clk (IN)
                         net (fo=0)                   0.000   100.000    clock_geni/clk_mmcm_wizi/inst/clk_in1
    W5                   IBUF (Prop_ibuf_I_O)         1.388   101.388 r  clock_geni/clk_mmcm_wizi/inst/clkin1_ibufg/O
                         net (fo=1, routed)           1.162   102.550    clock_geni/clk_mmcm_wizi/inst/clk_in1_clk_mmcm_wiz
    MMCME2_ADV_X1Y0      MMCME2_ADV (Prop_mmcme2_adv_CLKIN1_CLKOUT0)
                                                     -7.217    95.332 r  clock_geni/clk_mmcm_wizi/inst/mmcm_adv_inst/CLKOUT0
                         net (fo=1, routed)           1.581    96.914    clock_geni/clk_mmcm_wizi/inst/clk_10Mhz_clk_mmcm_wiz
    BUFGCTRL_X0Y0        BUFG (Prop_bufg_I_O)         0.091    97.005 r  clock_geni/clk_mmcm_wizi/inst/clkout1_buf/O
                         net (fo=81, routed)          1.507    98.511    seven_seg_segi/CLK
    SLICE_X59Y91         FDCE                                         r  seven_seg_segi/counter_reg[4]/C
                         clock pessimism              0.562    99.073    
                         clock uncertainty           -0.149    98.924    
    SLICE_X59Y91         FDCE (Recov_fdce_C_CLR)     -0.405    98.519    seven_seg_segi/counter_reg[4]
  -------------------------------------------------------------------
                         required time                         98.519    
                         arrival time                          -1.503    
  -------------------------------------------------------------------
                         slack                                 97.016    

Slack (MET) :             97.016ns  (required time - arrival time)
  Source:                 clock_geni/locked_dd_reg/C
                            (rising edge-triggered cell FDRE clocked by clk_10Mhz_clk_mmcm_wiz  {rise@0.000ns fall@50.000ns period=100.000ns})
  Destination:            seven_seg_segi/counter_reg[5]/CLR
                            (recovery check against rising-edge clock clk_10Mhz_clk_mmcm_wiz_1  {rise@0.000ns fall@50.000ns period=100.000ns})
  Path Group:             **async_default**
  Path Type:              Recovery (Max at Slow Process Corner)
  Requirement:            100.000ns  (clk_10Mhz_clk_mmcm_wiz_1 rise@100.000ns - clk_10Mhz_clk_mmcm_wiz rise@0.000ns)
  Data Path Delay:        2.391ns  (logic 0.580ns (24.262%)  route 1.811ns (75.738%))
  Logic Levels:           1  (LUT1=1)
  Clock Path Skew:        -0.039ns (DCD - SCD + CPR)
    Destination Clock Delay (DCD):    -1.489ns = ( 98.511 - 100.000 ) 
    Source Clock Delay      (SCD):    -0.888ns
    Clock Pessimism Removal (CPR):    0.562ns
  Clock Uncertainty:      0.149ns  ((TSJ^2 + DJ^2)^1/2) / 2 + PE
    Total System Jitter     (TSJ):    0.071ns
    Discrete Jitter          (DJ):    0.290ns
    Phase Error              (PE):    0.000ns
  Clock Domain Crossing:  Inter clock paths are considered valid unless explicitly excluded by timing constraints such as set_clock_groups or set_false_path.

    Location             Delay type                Incr(ns)  Path(ns)    Netlist Resource(s)
  -------------------------------------------------------------------    -------------------
                         (clock clk_10Mhz_clk_mmcm_wiz rise edge)
                                                      0.000     0.000 r  
    W5                                                0.000     0.000 r  clk (IN)
                         net (fo=0)                   0.000     0.000    clock_geni/clk_mmcm_wizi/inst/clk_in1
    W5                   IBUF (Prop_ibuf_I_O)         1.458     1.458 r  clock_geni/clk_mmcm_wizi/inst/clkin1_ibufg/O
                         net (fo=1, routed)           1.233     2.691    clock_geni/clk_mmcm_wizi/inst/clk_in1_clk_mmcm_wiz
    MMCME2_ADV_X1Y0      MMCME2_ADV (Prop_mmcme2_adv_CLKIN1_CLKOUT0)
                                                     -6.961    -4.269 r  clock_geni/clk_mmcm_wizi/inst/mmcm_adv_inst/CLKOUT0
                         net (fo=1, routed)           1.661    -2.608    clock_geni/clk_mmcm_wizi/inst/clk_10Mhz_clk_mmcm_wiz
    BUFGCTRL_X0Y0        BUFG (Prop_bufg_I_O)         0.096    -2.512 r  clock_geni/clk_mmcm_wizi/inst/clkout1_buf/O
                         net (fo=81, routed)          1.624    -0.888    clock_geni/clk_10Mhz
    SLICE_X62Y90         FDRE                                         r  clock_geni/locked_dd_reg/C
  -------------------------------------------------------------------    -------------------
    SLICE_X62Y90         FDRE (Prop_fdre_C_Q)         0.456    -0.432 r  clock_geni/locked_dd_reg/Q
                         net (fo=11, routed)          0.860     0.428    clock_geni/reset_n
    SLICE_X62Y90         LUT1 (Prop_lut1_I0_O)        0.124     0.552 f  clock_geni/disp_reg[3]_i_2/O
                         net (fo=28, routed)          0.950     1.503    seven_seg_segi/AR[0]
    SLICE_X59Y91         FDCE                                         f  seven_seg_segi/counter_reg[5]/CLR
  -------------------------------------------------------------------    -------------------

                         (clock clk_10Mhz_clk_mmcm_wiz_1 rise edge)
                                                    100.000   100.000 r  
    W5                                                0.000   100.000 r  clk (IN)
                         net (fo=0)                   0.000   100.000    clock_geni/clk_mmcm_wizi/inst/clk_in1
    W5                   IBUF (Prop_ibuf_I_O)         1.388   101.388 r  clock_geni/clk_mmcm_wizi/inst/clkin1_ibufg/O
                         net (fo=1, routed)           1.162   102.550    clock_geni/clk_mmcm_wizi/inst/clk_in1_clk_mmcm_wiz
    MMCME2_ADV_X1Y0      MMCME2_ADV (Prop_mmcme2_adv_CLKIN1_CLKOUT0)
                                                     -7.217    95.332 r  clock_geni/clk_mmcm_wizi/inst/mmcm_adv_inst/CLKOUT0
                         net (fo=1, routed)           1.581    96.914    clock_geni/clk_mmcm_wizi/inst/clk_10Mhz_clk_mmcm_wiz
    BUFGCTRL_X0Y0        BUFG (Prop_bufg_I_O)         0.091    97.005 r  clock_geni/clk_mmcm_wizi/inst/clkout1_buf/O
                         net (fo=81, routed)          1.507    98.511    seven_seg_segi/CLK
    SLICE_X59Y91         FDCE                                         r  seven_seg_segi/counter_reg[5]/C
                         clock pessimism              0.562    99.073    
                         clock uncertainty           -0.149    98.924    
    SLICE_X59Y91         FDCE (Recov_fdce_C_CLR)     -0.405    98.519    seven_seg_segi/counter_reg[5]
  -------------------------------------------------------------------
                         required time                         98.519    
                         arrival time                          -1.503    
  -------------------------------------------------------------------
                         slack                                 97.016    

Slack (MET) :             97.022ns  (required time - arrival time)
  Source:                 clock_geni/locked_dd_reg/C
                            (rising edge-triggered cell FDRE clocked by clk_10Mhz_clk_mmcm_wiz  {rise@0.000ns fall@50.000ns period=100.000ns})
  Destination:            seven_seg_segi/counter_reg[10]/CLR
                            (recovery check against rising-edge clock clk_10Mhz_clk_mmcm_wiz_1  {rise@0.000ns fall@50.000ns period=100.000ns})
  Path Group:             **async_default**
  Path Type:              Recovery (Max at Slow Process Corner)
  Requirement:            100.000ns  (clk_10Mhz_clk_mmcm_wiz_1 rise@100.000ns - clk_10Mhz_clk_mmcm_wiz rise@0.000ns)
  Data Path Delay:        2.385ns  (logic 0.580ns (24.317%)  route 1.805ns (75.683%))
  Logic Levels:           1  (LUT1=1)
  Clock Path Skew:        -0.038ns (DCD - SCD + CPR)
    Destination Clock Delay (DCD):    -1.488ns = ( 98.512 - 100.000 ) 
    Source Clock Delay      (SCD):    -0.888ns
    Clock Pessimism Removal (CPR):    0.562ns
  Clock Uncertainty:      0.149ns  ((TSJ^2 + DJ^2)^1/2) / 2 + PE
    Total System Jitter     (TSJ):    0.071ns
    Discrete Jitter          (DJ):    0.290ns
    Phase Error              (PE):    0.000ns
  Clock Domain Crossing:  Inter clock paths are considered valid unless explicitly excluded by timing constraints such as set_clock_groups or set_false_path.

    Location             Delay type                Incr(ns)  Path(ns)    Netlist Resource(s)
  -------------------------------------------------------------------    -------------------
                         (clock clk_10Mhz_clk_mmcm_wiz rise edge)
                                                      0.000     0.000 r  
    W5                                                0.000     0.000 r  clk (IN)
                         net (fo=0)                   0.000     0.000    clock_geni/clk_mmcm_wizi/inst/clk_in1
    W5                   IBUF (Prop_ibuf_I_O)         1.458     1.458 r  clock_geni/clk_mmcm_wizi/inst/clkin1_ibufg/O
                         net (fo=1, routed)           1.233     2.691    clock_geni/clk_mmcm_wizi/inst/clk_in1_clk_mmcm_wiz
    MMCME2_ADV_X1Y0      MMCME2_ADV (Prop_mmcme2_adv_CLKIN1_CLKOUT0)
                                                     -6.961    -4.269 r  clock_geni/clk_mmcm_wizi/inst/mmcm_adv_inst/CLKOUT0
                         net (fo=1, routed)           1.661    -2.608    clock_geni/clk_mmcm_wizi/inst/clk_10Mhz_clk_mmcm_wiz
    BUFGCTRL_X0Y0        BUFG (Prop_bufg_I_O)         0.096    -2.512 r  clock_geni/clk_mmcm_wizi/inst/clkout1_buf/O
                         net (fo=81, routed)          1.624    -0.888    clock_geni/clk_10Mhz
    SLICE_X62Y90         FDRE                                         r  clock_geni/locked_dd_reg/C
  -------------------------------------------------------------------    -------------------
    SLICE_X62Y90         FDRE (Prop_fdre_C_Q)         0.456    -0.432 r  clock_geni/locked_dd_reg/Q
                         net (fo=11, routed)          0.860     0.428    clock_geni/reset_n
    SLICE_X62Y90         LUT1 (Prop_lut1_I0_O)        0.124     0.552 f  clock_geni/disp_reg[3]_i_2/O
                         net (fo=28, routed)          0.945     1.497    seven_seg_segi/AR[0]
    SLICE_X59Y93         FDCE                                         f  seven_seg_segi/counter_reg[10]/CLR
  -------------------------------------------------------------------    -------------------

                         (clock clk_10Mhz_clk_mmcm_wiz_1 rise edge)
                                                    100.000   100.000 r  
    W5                                                0.000   100.000 r  clk (IN)
                         net (fo=0)                   0.000   100.000    clock_geni/clk_mmcm_wizi/inst/clk_in1
    W5                   IBUF (Prop_ibuf_I_O)         1.388   101.388 r  clock_geni/clk_mmcm_wizi/inst/clkin1_ibufg/O
                         net (fo=1, routed)           1.162   102.550    clock_geni/clk_mmcm_wizi/inst/clk_in1_clk_mmcm_wiz
    MMCME2_ADV_X1Y0      MMCME2_ADV (Prop_mmcme2_adv_CLKIN1_CLKOUT0)
                                                     -7.217    95.332 r  clock_geni/clk_mmcm_wizi/inst/mmcm_adv_inst/CLKOUT0
                         net (fo=1, routed)           1.581    96.914    clock_geni/clk_mmcm_wizi/inst/clk_10Mhz_clk_mmcm_wiz
    BUFGCTRL_X0Y0        BUFG (Prop_bufg_I_O)         0.091    97.005 r  clock_geni/clk_mmcm_wizi/inst/clkout1_buf/O
                         net (fo=81, routed)          1.508    98.512    seven_seg_segi/CLK
    SLICE_X59Y93         FDCE                                         r  seven_seg_segi/counter_reg[10]/C
                         clock pessimism              0.562    99.074    
                         clock uncertainty           -0.149    98.925    
    SLICE_X59Y93         FDCE (Recov_fdce_C_CLR)     -0.405    98.520    seven_seg_segi/counter_reg[10]
  -------------------------------------------------------------------
                         required time                         98.520    
                         arrival time                          -1.497    
  -------------------------------------------------------------------
                         slack                                 97.022    

Slack (MET) :             97.022ns  (required time - arrival time)
  Source:                 clock_geni/locked_dd_reg/C
                            (rising edge-triggered cell FDRE clocked by clk_10Mhz_clk_mmcm_wiz  {rise@0.000ns fall@50.000ns period=100.000ns})
  Destination:            seven_seg_segi/counter_reg[11]/CLR
                            (recovery check against rising-edge clock clk_10Mhz_clk_mmcm_wiz_1  {rise@0.000ns fall@50.000ns period=100.000ns})
  Path Group:             **async_default**
  Path Type:              Recovery (Max at Slow Process Corner)
  Requirement:            100.000ns  (clk_10Mhz_clk_mmcm_wiz_1 rise@100.000ns - clk_10Mhz_clk_mmcm_wiz rise@0.000ns)
  Data Path Delay:        2.385ns  (logic 0.580ns (24.317%)  route 1.805ns (75.683%))
  Logic Levels:           1  (LUT1=1)
  Clock Path Skew:        -0.038ns (DCD - SCD + CPR)
    Destination Clock Delay (DCD):    -1.488ns = ( 98.512 - 100.000 ) 
    Source Clock Delay      (SCD):    -0.888ns
    Clock Pessimism Removal (CPR):    0.562ns
  Clock Uncertainty:      0.149ns  ((TSJ^2 + DJ^2)^1/2) / 2 + PE
    Total System Jitter     (TSJ):    0.071ns
    Discrete Jitter          (DJ):    0.290ns
    Phase Error              (PE):    0.000ns
  Clock Domain Crossing:  Inter clock paths are considered valid unless explicitly excluded by timing constraints such as set_clock_groups or set_false_path.

    Location             Delay type                Incr(ns)  Path(ns)    Netlist Resource(s)
  -------------------------------------------------------------------    -------------------
                         (clock clk_10Mhz_clk_mmcm_wiz rise edge)
                                                      0.000     0.000 r  
    W5                                                0.000     0.000 r  clk (IN)
                         net (fo=0)                   0.000     0.000    clock_geni/clk_mmcm_wizi/inst/clk_in1
    W5                   IBUF (Prop_ibuf_I_O)         1.458     1.458 r  clock_geni/clk_mmcm_wizi/inst/clkin1_ibufg/O
                         net (fo=1, routed)           1.233     2.691    clock_geni/clk_mmcm_wizi/inst/clk_in1_clk_mmcm_wiz
    MMCME2_ADV_X1Y0      MMCME2_ADV (Prop_mmcme2_adv_CLKIN1_CLKOUT0)
                                                     -6.961    -4.269 r  clock_geni/clk_mmcm_wizi/inst/mmcm_adv_inst/CLKOUT0
                         net (fo=1, routed)           1.661    -2.608    clock_geni/clk_mmcm_wizi/inst/clk_10Mhz_clk_mmcm_wiz
    BUFGCTRL_X0Y0        BUFG (Prop_bufg_I_O)         0.096    -2.512 r  clock_geni/clk_mmcm_wizi/inst/clkout1_buf/O
                         net (fo=81, routed)          1.624    -0.888    clock_geni/clk_10Mhz
    SLICE_X62Y90         FDRE                                         r  clock_geni/locked_dd_reg/C
  -------------------------------------------------------------------    -------------------
    SLICE_X62Y90         FDRE (Prop_fdre_C_Q)         0.456    -0.432 r  clock_geni/locked_dd_reg/Q
                         net (fo=11, routed)          0.860     0.428    clock_geni/reset_n
    SLICE_X62Y90         LUT1 (Prop_lut1_I0_O)        0.124     0.552 f  clock_geni/disp_reg[3]_i_2/O
                         net (fo=28, routed)          0.945     1.497    seven_seg_segi/AR[0]
    SLICE_X59Y93         FDCE                                         f  seven_seg_segi/counter_reg[11]/CLR
  -------------------------------------------------------------------    -------------------

                         (clock clk_10Mhz_clk_mmcm_wiz_1 rise edge)
                                                    100.000   100.000 r  
    W5                                                0.000   100.000 r  clk (IN)
                         net (fo=0)                   0.000   100.000    clock_geni/clk_mmcm_wizi/inst/clk_in1
    W5                   IBUF (Prop_ibuf_I_O)         1.388   101.388 r  clock_geni/clk_mmcm_wizi/inst/clkin1_ibufg/O
                         net (fo=1, routed)           1.162   102.550    clock_geni/clk_mmcm_wizi/inst/clk_in1_clk_mmcm_wiz
    MMCME2_ADV_X1Y0      MMCME2_ADV (Prop_mmcme2_adv_CLKIN1_CLKOUT0)
                                                     -7.217    95.332 r  clock_geni/clk_mmcm_wizi/inst/mmcm_adv_inst/CLKOUT0
                         net (fo=1, routed)           1.581    96.914    clock_geni/clk_mmcm_wizi/inst/clk_10Mhz_clk_mmcm_wiz
    BUFGCTRL_X0Y0        BUFG (Prop_bufg_I_O)         0.091    97.005 r  clock_geni/clk_mmcm_wizi/inst/clkout1_buf/O
                         net (fo=81, routed)          1.508    98.512    seven_seg_segi/CLK
    SLICE_X59Y93         FDCE                                         r  seven_seg_segi/counter_reg[11]/C
                         clock pessimism              0.562    99.074    
                         clock uncertainty           -0.149    98.925    
    SLICE_X59Y93         FDCE (Recov_fdce_C_CLR)     -0.405    98.520    seven_seg_segi/counter_reg[11]
  -------------------------------------------------------------------
                         required time                         98.520    
                         arrival time                          -1.497    
  -------------------------------------------------------------------
                         slack                                 97.022    





Min Delay Paths
--------------------------------------------------------------------------------------
Slack (MET) :             0.624ns  (arrival time - required time)
  Source:                 clock_geni/locked_dd_reg/C
                            (rising edge-triggered cell FDRE clocked by clk_10Mhz_clk_mmcm_wiz  {rise@0.000ns fall@50.000ns period=100.000ns})
  Destination:            seven_seg_segi/select_reg[1]/CLR
                            (removal check against rising-edge clock clk_10Mhz_clk_mmcm_wiz_1  {rise@0.000ns fall@50.000ns period=100.000ns})
  Path Group:             **async_default**
  Path Type:              Removal (Min at Fast Process Corner)
  Requirement:            0.000ns  (clk_10Mhz_clk_mmcm_wiz_1 rise@0.000ns - clk_10Mhz_clk_mmcm_wiz rise@0.000ns)
  Data Path Delay:        0.697ns  (logic 0.186ns (26.669%)  route 0.511ns (73.331%))
  Logic Levels:           1  (LUT1=1)
  Clock Path Skew:        0.016ns (DCD - SCD - CPR)
    Destination Clock Delay (DCD):    -0.827ns
    Source Clock Delay      (SCD):    -0.589ns
    Clock Pessimism Removal (CPR):    -0.254ns
  Clock Uncertainty:      0.149ns  ((TSJ^2 + DJ^2)^1/2) / 2 + PE
    Total System Jitter     (TSJ):    0.071ns
    Discrete Jitter          (DJ):    0.290ns
    Phase Error              (PE):    0.000ns
  Clock Domain Crossing:  Inter clock paths are considered valid unless explicitly excluded by timing constraints such as set_clock_groups or set_false_path.

    Location             Delay type                Incr(ns)  Path(ns)    Netlist Resource(s)
  -------------------------------------------------------------------    -------------------
                         (clock clk_10Mhz_clk_mmcm_wiz rise edge)
                                                      0.000     0.000 r  
    W5                                                0.000     0.000 r  clk (IN)
                         net (fo=0)                   0.000     0.000    clock_geni/clk_mmcm_wizi/inst/clk_in1
    W5                   IBUF (Prop_ibuf_I_O)         0.226     0.226 r  clock_geni/clk_mmcm_wizi/inst/clkin1_ibufg/O
                         net (fo=1, routed)           0.440     0.667    clock_geni/clk_mmcm_wizi/inst/clk_in1_clk_mmcm_wiz
    MMCME2_ADV_X1Y0      MMCME2_ADV (Prop_mmcme2_adv_CLKIN1_CLKOUT0)
                                                     -2.360    -1.693 r  clock_geni/clk_mmcm_wizi/inst/mmcm_adv_inst/CLKOUT0
                         net (fo=1, routed)           0.486    -1.207    clock_geni/clk_mmcm_wizi/inst/clk_10Mhz_clk_mmcm_wiz
    BUFGCTRL_X0Y0        BUFG (Prop_bufg_I_O)         0.026    -1.181 r  clock_geni/clk_mmcm_wizi/inst/clkout1_buf/O
                         net (fo=81, routed)          0.592    -0.589    clock_geni/clk_10Mhz
    SLICE_X62Y90         FDRE                                         r  clock_geni/locked_dd_reg/C
  -------------------------------------------------------------------    -------------------
    SLICE_X62Y90         FDRE (Prop_fdre_C_Q)         0.141    -0.448 r  clock_geni/locked_dd_reg/Q
                         net (fo=11, routed)          0.306    -0.142    clock_geni/reset_n
    SLICE_X62Y90         LUT1 (Prop_lut1_I0_O)        0.045    -0.097 f  clock_geni/disp_reg[3]_i_2/O
                         net (fo=28, routed)          0.205     0.108    seven_seg_segi/AR[0]
    SLICE_X62Y92         FDCE                                         f  seven_seg_segi/select_reg[1]/CLR
  -------------------------------------------------------------------    -------------------

                         (clock clk_10Mhz_clk_mmcm_wiz_1 rise edge)
                                                      0.000     0.000 r  
    W5                                                0.000     0.000 r  clk (IN)
                         net (fo=0)                   0.000     0.000    clock_geni/clk_mmcm_wizi/inst/clk_in1
    W5                   IBUF (Prop_ibuf_I_O)         0.414     0.414 r  clock_geni/clk_mmcm_wizi/inst/clkin1_ibufg/O
                         net (fo=1, routed)           0.480     0.894    clock_geni/clk_mmcm_wizi/inst/clk_in1_clk_mmcm_wiz
    MMCME2_ADV_X1Y0      MMCME2_ADV (Prop_mmcme2_adv_CLKIN1_CLKOUT0)
                                                     -3.142    -2.248 r  clock_geni/clk_mmcm_wizi/inst/mmcm_adv_inst/CLKOUT0
                         net (fo=1, routed)           0.530    -1.718    clock_geni/clk_mmcm_wizi/inst/clk_10Mhz_clk_mmcm_wiz
    BUFGCTRL_X0Y0        BUFG (Prop_bufg_I_O)         0.029    -1.689 r  clock_geni/clk_mmcm_wizi/inst/clkout1_buf/O
                         net (fo=81, routed)          0.862    -0.827    seven_seg_segi/CLK
    SLICE_X62Y92         FDCE                                         r  seven_seg_segi/select_reg[1]/C
                         clock pessimism              0.254    -0.573    
                         clock uncertainty            0.149    -0.424    
    SLICE_X62Y92         FDCE (Remov_fdce_C_CLR)     -0.092    -0.516    seven_seg_segi/select_reg[1]
  -------------------------------------------------------------------
                         required time                          0.516    
                         arrival time                           0.108    
  -------------------------------------------------------------------
                         slack                                  0.624    

Slack (MET) :             0.624ns  (arrival time - required time)
  Source:                 clock_geni/locked_dd_reg/C
                            (rising edge-triggered cell FDRE clocked by clk_10Mhz_clk_mmcm_wiz  {rise@0.000ns fall@50.000ns period=100.000ns})
  Destination:            seven_seg_segi/select_reg[2]/CLR
                            (removal check against rising-edge clock clk_10Mhz_clk_mmcm_wiz_1  {rise@0.000ns fall@50.000ns period=100.000ns})
  Path Group:             **async_default**
  Path Type:              Removal (Min at Fast Process Corner)
  Requirement:            0.000ns  (clk_10Mhz_clk_mmcm_wiz_1 rise@0.000ns - clk_10Mhz_clk_mmcm_wiz rise@0.000ns)
  Data Path Delay:        0.697ns  (logic 0.186ns (26.669%)  route 0.511ns (73.331%))
  Logic Levels:           1  (LUT1=1)
  Clock Path Skew:        0.016ns (DCD - SCD - CPR)
    Destination Clock Delay (DCD):    -0.827ns
    Source Clock Delay      (SCD):    -0.589ns
    Clock Pessimism Removal (CPR):    -0.254ns
  Clock Uncertainty:      0.149ns  ((TSJ^2 + DJ^2)^1/2) / 2 + PE
    Total System Jitter     (TSJ):    0.071ns
    Discrete Jitter          (DJ):    0.290ns
    Phase Error              (PE):    0.000ns
  Clock Domain Crossing:  Inter clock paths are considered valid unless explicitly excluded by timing constraints such as set_clock_groups or set_false_path.

    Location             Delay type                Incr(ns)  Path(ns)    Netlist Resource(s)
  -------------------------------------------------------------------    -------------------
                         (clock clk_10Mhz_clk_mmcm_wiz rise edge)
                                                      0.000     0.000 r  
    W5                                                0.000     0.000 r  clk (IN)
                         net (fo=0)                   0.000     0.000    clock_geni/clk_mmcm_wizi/inst/clk_in1
    W5                   IBUF (Prop_ibuf_I_O)         0.226     0.226 r  clock_geni/clk_mmcm_wizi/inst/clkin1_ibufg/O
                         net (fo=1, routed)           0.440     0.667    clock_geni/clk_mmcm_wizi/inst/clk_in1_clk_mmcm_wiz
    MMCME2_ADV_X1Y0      MMCME2_ADV (Prop_mmcme2_adv_CLKIN1_CLKOUT0)
                                                     -2.360    -1.693 r  clock_geni/clk_mmcm_wizi/inst/mmcm_adv_inst/CLKOUT0
                         net (fo=1, routed)           0.486    -1.207    clock_geni/clk_mmcm_wizi/inst/clk_10Mhz_clk_mmcm_wiz
    BUFGCTRL_X0Y0        BUFG (Prop_bufg_I_O)         0.026    -1.181 r  clock_geni/clk_mmcm_wizi/inst/clkout1_buf/O
                         net (fo=81, routed)          0.592    -0.589    clock_geni/clk_10Mhz
    SLICE_X62Y90         FDRE                                         r  clock_geni/locked_dd_reg/C
  -------------------------------------------------------------------    -------------------
    SLICE_X62Y90         FDRE (Prop_fdre_C_Q)         0.141    -0.448 r  clock_geni/locked_dd_reg/Q
                         net (fo=11, routed)          0.306    -0.142    clock_geni/reset_n
    SLICE_X62Y90         LUT1 (Prop_lut1_I0_O)        0.045    -0.097 f  clock_geni/disp_reg[3]_i_2/O
                         net (fo=28, routed)          0.205     0.108    seven_seg_segi/AR[0]
    SLICE_X62Y92         FDCE                                         f  seven_seg_segi/select_reg[2]/CLR
  -------------------------------------------------------------------    -------------------

                         (clock clk_10Mhz_clk_mmcm_wiz_1 rise edge)
                                                      0.000     0.000 r  
    W5                                                0.000     0.000 r  clk (IN)
                         net (fo=0)                   0.000     0.000    clock_geni/clk_mmcm_wizi/inst/clk_in1
    W5                   IBUF (Prop_ibuf_I_O)         0.414     0.414 r  clock_geni/clk_mmcm_wizi/inst/clkin1_ibufg/O
                         net (fo=1, routed)           0.480     0.894    clock_geni/clk_mmcm_wizi/inst/clk_in1_clk_mmcm_wiz
    MMCME2_ADV_X1Y0      MMCME2_ADV (Prop_mmcme2_adv_CLKIN1_CLKOUT0)
                                                     -3.142    -2.248 r  clock_geni/clk_mmcm_wizi/inst/mmcm_adv_inst/CLKOUT0
                         net (fo=1, routed)           0.530    -1.718    clock_geni/clk_mmcm_wizi/inst/clk_10Mhz_clk_mmcm_wiz
    BUFGCTRL_X0Y0        BUFG (Prop_bufg_I_O)         0.029    -1.689 r  clock_geni/clk_mmcm_wizi/inst/clkout1_buf/O
                         net (fo=81, routed)          0.862    -0.827    seven_seg_segi/CLK
    SLICE_X62Y92         FDCE                                         r  seven_seg_segi/select_reg[2]/C
                         clock pessimism              0.254    -0.573    
                         clock uncertainty            0.149    -0.424    
    SLICE_X62Y92         FDCE (Remov_fdce_C_CLR)     -0.092    -0.516    seven_seg_segi/select_reg[2]
  -------------------------------------------------------------------
                         required time                          0.516    
                         arrival time                           0.108    
  -------------------------------------------------------------------
                         slack                                  0.624    

Slack (MET) :             0.624ns  (arrival time - required time)
  Source:                 clock_geni/locked_dd_reg/C
                            (rising edge-triggered cell FDRE clocked by clk_10Mhz_clk_mmcm_wiz  {rise@0.000ns fall@50.000ns period=100.000ns})
  Destination:            seven_seg_segi/select_reg[3]/CLR
                            (removal check against rising-edge clock clk_10Mhz_clk_mmcm_wiz_1  {rise@0.000ns fall@50.000ns period=100.000ns})
  Path Group:             **async_default**
  Path Type:              Removal (Min at Fast Process Corner)
  Requirement:            0.000ns  (clk_10Mhz_clk_mmcm_wiz_1 rise@0.000ns - clk_10Mhz_clk_mmcm_wiz rise@0.000ns)
  Data Path Delay:        0.697ns  (logic 0.186ns (26.669%)  route 0.511ns (73.331%))
  Logic Levels:           1  (LUT1=1)
  Clock Path Skew:        0.016ns (DCD - SCD - CPR)
    Destination Clock Delay (DCD):    -0.827ns
    Source Clock Delay      (SCD):    -0.589ns
    Clock Pessimism Removal (CPR):    -0.254ns
  Clock Uncertainty:      0.149ns  ((TSJ^2 + DJ^2)^1/2) / 2 + PE
    Total System Jitter     (TSJ):    0.071ns
    Discrete Jitter          (DJ):    0.290ns
    Phase Error              (PE):    0.000ns
  Clock Domain Crossing:  Inter clock paths are considered valid unless explicitly excluded by timing constraints such as set_clock_groups or set_false_path.

    Location             Delay type                Incr(ns)  Path(ns)    Netlist Resource(s)
  -------------------------------------------------------------------    -------------------
                         (clock clk_10Mhz_clk_mmcm_wiz rise edge)
                                                      0.000     0.000 r  
    W5                                                0.000     0.000 r  clk (IN)
                         net (fo=0)                   0.000     0.000    clock_geni/clk_mmcm_wizi/inst/clk_in1
    W5                   IBUF (Prop_ibuf_I_O)         0.226     0.226 r  clock_geni/clk_mmcm_wizi/inst/clkin1_ibufg/O
                         net (fo=1, routed)           0.440     0.667    clock_geni/clk_mmcm_wizi/inst/clk_in1_clk_mmcm_wiz
    MMCME2_ADV_X1Y0      MMCME2_ADV (Prop_mmcme2_adv_CLKIN1_CLKOUT0)
                                                     -2.360    -1.693 r  clock_geni/clk_mmcm_wizi/inst/mmcm_adv_inst/CLKOUT0
                         net (fo=1, routed)           0.486    -1.207    clock_geni/clk_mmcm_wizi/inst/clk_10Mhz_clk_mmcm_wiz
    BUFGCTRL_X0Y0        BUFG (Prop_bufg_I_O)         0.026    -1.181 r  clock_geni/clk_mmcm_wizi/inst/clkout1_buf/O
                         net (fo=81, routed)          0.592    -0.589    clock_geni/clk_10Mhz
    SLICE_X62Y90         FDRE                                         r  clock_geni/locked_dd_reg/C
  -------------------------------------------------------------------    -------------------
    SLICE_X62Y90         FDRE (Prop_fdre_C_Q)         0.141    -0.448 r  clock_geni/locked_dd_reg/Q
                         net (fo=11, routed)          0.306    -0.142    clock_geni/reset_n
    SLICE_X62Y90         LUT1 (Prop_lut1_I0_O)        0.045    -0.097 f  clock_geni/disp_reg[3]_i_2/O
                         net (fo=28, routed)          0.205     0.108    seven_seg_segi/AR[0]
    SLICE_X62Y92         FDCE                                         f  seven_seg_segi/select_reg[3]/CLR
  -------------------------------------------------------------------    -------------------

                         (clock clk_10Mhz_clk_mmcm_wiz_1 rise edge)
                                                      0.000     0.000 r  
    W5                                                0.000     0.000 r  clk (IN)
                         net (fo=0)                   0.000     0.000    clock_geni/clk_mmcm_wizi/inst/clk_in1
    W5                   IBUF (Prop_ibuf_I_O)         0.414     0.414 r  clock_geni/clk_mmcm_wizi/inst/clkin1_ibufg/O
                         net (fo=1, routed)           0.480     0.894    clock_geni/clk_mmcm_wizi/inst/clk_in1_clk_mmcm_wiz
    MMCME2_ADV_X1Y0      MMCME2_ADV (Prop_mmcme2_adv_CLKIN1_CLKOUT0)
                                                     -3.142    -2.248 r  clock_geni/clk_mmcm_wizi/inst/mmcm_adv_inst/CLKOUT0
                         net (fo=1, routed)           0.530    -1.718    clock_geni/clk_mmcm_wizi/inst/clk_10Mhz_clk_mmcm_wiz
    BUFGCTRL_X0Y0        BUFG (Prop_bufg_I_O)         0.029    -1.689 r  clock_geni/clk_mmcm_wizi/inst/clkout1_buf/O
                         net (fo=81, routed)          0.862    -0.827    seven_seg_segi/CLK
    SLICE_X62Y92         FDCE                                         r  seven_seg_segi/select_reg[3]/C
                         clock pessimism              0.254    -0.573    
                         clock uncertainty            0.149    -0.424    
    SLICE_X62Y92         FDCE (Remov_fdce_C_CLR)     -0.092    -0.516    seven_seg_segi/select_reg[3]
  -------------------------------------------------------------------
                         required time                          0.516    
                         arrival time                           0.108    
  -------------------------------------------------------------------
                         slack                                  0.624    

Slack (MET) :             0.627ns  (arrival time - required time)
  Source:                 clock_geni/locked_dd_reg/C
                            (rising edge-triggered cell FDRE clocked by clk_10Mhz_clk_mmcm_wiz  {rise@0.000ns fall@50.000ns period=100.000ns})
  Destination:            seven_seg_segi/select_reg[0]/PRE
                            (removal check against rising-edge clock clk_10Mhz_clk_mmcm_wiz_1  {rise@0.000ns fall@50.000ns period=100.000ns})
  Path Group:             **async_default**
  Path Type:              Removal (Min at Fast Process Corner)
  Requirement:            0.000ns  (clk_10Mhz_clk_mmcm_wiz_1 rise@0.000ns - clk_10Mhz_clk_mmcm_wiz rise@0.000ns)
  Data Path Delay:        0.697ns  (logic 0.186ns (26.669%)  route 0.511ns (73.331%))
  Logic Levels:           1  (LUT1=1)
  Clock Path Skew:        0.016ns (DCD - SCD - CPR)
    Destination Clock Delay (DCD):    -0.827ns
    Source Clock Delay      (SCD):    -0.589ns
    Clock Pessimism Removal (CPR):    -0.254ns
  Clock Uncertainty:      0.149ns  ((TSJ^2 + DJ^2)^1/2) / 2 + PE
    Total System Jitter     (TSJ):    0.071ns
    Discrete Jitter          (DJ):    0.290ns
    Phase Error              (PE):    0.000ns
  Clock Domain Crossing:  Inter clock paths are considered valid unless explicitly excluded by timing constraints such as set_clock_groups or set_false_path.

    Location             Delay type                Incr(ns)  Path(ns)    Netlist Resource(s)
  -------------------------------------------------------------------    -------------------
                         (clock clk_10Mhz_clk_mmcm_wiz rise edge)
                                                      0.000     0.000 r  
    W5                                                0.000     0.000 r  clk (IN)
                         net (fo=0)                   0.000     0.000    clock_geni/clk_mmcm_wizi/inst/clk_in1
    W5                   IBUF (Prop_ibuf_I_O)         0.226     0.226 r  clock_geni/clk_mmcm_wizi/inst/clkin1_ibufg/O
                         net (fo=1, routed)           0.440     0.667    clock_geni/clk_mmcm_wizi/inst/clk_in1_clk_mmcm_wiz
    MMCME2_ADV_X1Y0      MMCME2_ADV (Prop_mmcme2_adv_CLKIN1_CLKOUT0)
                                                     -2.360    -1.693 r  clock_geni/clk_mmcm_wizi/inst/mmcm_adv_inst/CLKOUT0
                         net (fo=1, routed)           0.486    -1.207    clock_geni/clk_mmcm_wizi/inst/clk_10Mhz_clk_mmcm_wiz
    BUFGCTRL_X0Y0        BUFG (Prop_bufg_I_O)         0.026    -1.181 r  clock_geni/clk_mmcm_wizi/inst/clkout1_buf/O
                         net (fo=81, routed)          0.592    -0.589    clock_geni/clk_10Mhz
    SLICE_X62Y90         FDRE                                         r  clock_geni/locked_dd_reg/C
  -------------------------------------------------------------------    -------------------
    SLICE_X62Y90         FDRE (Prop_fdre_C_Q)         0.141    -0.448 r  clock_geni/locked_dd_reg/Q
                         net (fo=11, routed)          0.306    -0.142    clock_geni/reset_n
    SLICE_X62Y90         LUT1 (Prop_lut1_I0_O)        0.045    -0.097 f  clock_geni/disp_reg[3]_i_2/O
                         net (fo=28, routed)          0.205     0.108    seven_seg_segi/AR[0]
    SLICE_X62Y92         FDPE                                         f  seven_seg_segi/select_reg[0]/PRE
  -------------------------------------------------------------------    -------------------

                         (clock clk_10Mhz_clk_mmcm_wiz_1 rise edge)
                                                      0.000     0.000 r  
    W5                                                0.000     0.000 r  clk (IN)
                         net (fo=0)                   0.000     0.000    clock_geni/clk_mmcm_wizi/inst/clk_in1
    W5                   IBUF (Prop_ibuf_I_O)         0.414     0.414 r  clock_geni/clk_mmcm_wizi/inst/clkin1_ibufg/O
                         net (fo=1, routed)           0.480     0.894    clock_geni/clk_mmcm_wizi/inst/clk_in1_clk_mmcm_wiz
    MMCME2_ADV_X1Y0      MMCME2_ADV (Prop_mmcme2_adv_CLKIN1_CLKOUT0)
                                                     -3.142    -2.248 r  clock_geni/clk_mmcm_wizi/inst/mmcm_adv_inst/CLKOUT0
                         net (fo=1, routed)           0.530    -1.718    clock_geni/clk_mmcm_wizi/inst/clk_10Mhz_clk_mmcm_wiz
    BUFGCTRL_X0Y0        BUFG (Prop_bufg_I_O)         0.029    -1.689 r  clock_geni/clk_mmcm_wizi/inst/clkout1_buf/O
                         net (fo=81, routed)          0.862    -0.827    seven_seg_segi/CLK
    SLICE_X62Y92         FDPE                                         r  seven_seg_segi/select_reg[0]/C
                         clock pessimism              0.254    -0.573    
                         clock uncertainty            0.149    -0.424    
    SLICE_X62Y92         FDPE (Remov_fdpe_C_PRE)     -0.095    -0.519    seven_seg_segi/select_reg[0]
  -------------------------------------------------------------------
                         required time                          0.519    
                         arrival time                           0.108    
  -------------------------------------------------------------------
                         slack                                  0.627    

Slack (MET) :             0.728ns  (arrival time - required time)
  Source:                 clock_geni/locked_dd_reg/C
                            (rising edge-triggered cell FDRE clocked by clk_10Mhz_clk_mmcm_wiz  {rise@0.000ns fall@50.000ns period=100.000ns})
  Destination:            seven_seg_segi/counter_reg[0]/CLR
                            (removal check against rising-edge clock clk_10Mhz_clk_mmcm_wiz_1  {rise@0.000ns fall@50.000ns period=100.000ns})
  Path Group:             **async_default**
  Path Type:              Removal (Min at Fast Process Corner)
  Requirement:            0.000ns  (clk_10Mhz_clk_mmcm_wiz_1 rise@0.000ns - clk_10Mhz_clk_mmcm_wiz rise@0.000ns)
  Data Path Delay:        0.820ns  (logic 0.186ns (22.676%)  route 0.634ns (77.324%))
  Logic Levels:           1  (LUT1=1)
  Clock Path Skew:        0.035ns (DCD - SCD - CPR)
    Destination Clock Delay (DCD):    -0.829ns
    Source Clock Delay      (SCD):    -0.589ns
    Clock Pessimism Removal (CPR):    -0.275ns
  Clock Uncertainty:      0.149ns  ((TSJ^2 + DJ^2)^1/2) / 2 + PE
    Total System Jitter     (TSJ):    0.071ns
    Discrete Jitter          (DJ):    0.290ns
    Phase Error              (PE):    0.000ns
  Clock Domain Crossing:  Inter clock paths are considered valid unless explicitly excluded by timing constraints such as set_clock_groups or set_false_path.

    Location             Delay type                Incr(ns)  Path(ns)    Netlist Resource(s)
  -------------------------------------------------------------------    -------------------
                         (clock clk_10Mhz_clk_mmcm_wiz rise edge)
                                                      0.000     0.000 r  
    W5                                                0.000     0.000 r  clk (IN)
                         net (fo=0)                   0.000     0.000    clock_geni/clk_mmcm_wizi/inst/clk_in1
    W5                   IBUF (Prop_ibuf_I_O)         0.226     0.226 r  clock_geni/clk_mmcm_wizi/inst/clkin1_ibufg/O
                         net (fo=1, routed)           0.440     0.667    clock_geni/clk_mmcm_wizi/inst/clk_in1_clk_mmcm_wiz
    MMCME2_ADV_X1Y0      MMCME2_ADV (Prop_mmcme2_adv_CLKIN1_CLKOUT0)
                                                     -2.360    -1.693 r  clock_geni/clk_mmcm_wizi/inst/mmcm_adv_inst/CLKOUT0
                         net (fo=1, routed)           0.486    -1.207    clock_geni/clk_mmcm_wizi/inst/clk_10Mhz_clk_mmcm_wiz
    BUFGCTRL_X0Y0        BUFG (Prop_bufg_I_O)         0.026    -1.181 r  clock_geni/clk_mmcm_wizi/inst/clkout1_buf/O
                         net (fo=81, routed)          0.592    -0.589    clock_geni/clk_10Mhz
    SLICE_X62Y90         FDRE                                         r  clock_geni/locked_dd_reg/C
  -------------------------------------------------------------------    -------------------
    SLICE_X62Y90         FDRE (Prop_fdre_C_Q)         0.141    -0.448 r  clock_geni/locked_dd_reg/Q
                         net (fo=11, routed)          0.306    -0.142    clock_geni/reset_n
    SLICE_X62Y90         LUT1 (Prop_lut1_I0_O)        0.045    -0.097 f  clock_geni/disp_reg[3]_i_2/O
                         net (fo=28, routed)          0.328     0.231    seven_seg_segi/AR[0]
    SLICE_X59Y90         FDCE                                         f  seven_seg_segi/counter_reg[0]/CLR
  -------------------------------------------------------------------    -------------------

                         (clock clk_10Mhz_clk_mmcm_wiz_1 rise edge)
                                                      0.000     0.000 r  
    W5                                                0.000     0.000 r  clk (IN)
                         net (fo=0)                   0.000     0.000    clock_geni/clk_mmcm_wizi/inst/clk_in1
    W5                   IBUF (Prop_ibuf_I_O)         0.414     0.414 r  clock_geni/clk_mmcm_wizi/inst/clkin1_ibufg/O
                         net (fo=1, routed)           0.480     0.894    clock_geni/clk_mmcm_wizi/inst/clk_in1_clk_mmcm_wiz
    MMCME2_ADV_X1Y0      MMCME2_ADV (Prop_mmcme2_adv_CLKIN1_CLKOUT0)
                                                     -3.142    -2.248 r  clock_geni/clk_mmcm_wizi/inst/mmcm_adv_inst/CLKOUT0
                         net (fo=1, routed)           0.530    -1.718    clock_geni/clk_mmcm_wizi/inst/clk_10Mhz_clk_mmcm_wiz
    BUFGCTRL_X0Y0        BUFG (Prop_bufg_I_O)         0.029    -1.689 r  clock_geni/clk_mmcm_wizi/inst/clkout1_buf/O
                         net (fo=81, routed)          0.860    -0.829    seven_seg_segi/CLK
    SLICE_X59Y90         FDCE                                         r  seven_seg_segi/counter_reg[0]/C
                         clock pessimism              0.275    -0.554    
                         clock uncertainty            0.149    -0.405    
    SLICE_X59Y90         FDCE (Remov_fdce_C_CLR)     -0.092    -0.497    seven_seg_segi/counter_reg[0]
  -------------------------------------------------------------------
                         required time                          0.497    
                         arrival time                           0.231    
  -------------------------------------------------------------------
                         slack                                  0.728    

Slack (MET) :             0.728ns  (arrival time - required time)
  Source:                 clock_geni/locked_dd_reg/C
                            (rising edge-triggered cell FDRE clocked by clk_10Mhz_clk_mmcm_wiz  {rise@0.000ns fall@50.000ns period=100.000ns})
  Destination:            seven_seg_segi/counter_reg[1]/CLR
                            (removal check against rising-edge clock clk_10Mhz_clk_mmcm_wiz_1  {rise@0.000ns fall@50.000ns period=100.000ns})
  Path Group:             **async_default**
  Path Type:              Removal (Min at Fast Process Corner)
  Requirement:            0.000ns  (clk_10Mhz_clk_mmcm_wiz_1 rise@0.000ns - clk_10Mhz_clk_mmcm_wiz rise@0.000ns)
  Data Path Delay:        0.820ns  (logic 0.186ns (22.676%)  route 0.634ns (77.324%))
  Logic Levels:           1  (LUT1=1)
  Clock Path Skew:        0.035ns (DCD - SCD - CPR)
    Destination Clock Delay (DCD):    -0.829ns
    Source Clock Delay      (SCD):    -0.589ns
    Clock Pessimism Removal (CPR):    -0.275ns
  Clock Uncertainty:      0.149ns  ((TSJ^2 + DJ^2)^1/2) / 2 + PE
    Total System Jitter     (TSJ):    0.071ns
    Discrete Jitter          (DJ):    0.290ns
    Phase Error              (PE):    0.000ns
  Clock Domain Crossing:  Inter clock paths are considered valid unless explicitly excluded by timing constraints such as set_clock_groups or set_false_path.

    Location             Delay type                Incr(ns)  Path(ns)    Netlist Resource(s)
  -------------------------------------------------------------------    -------------------
                         (clock clk_10Mhz_clk_mmcm_wiz rise edge)
                                                      0.000     0.000 r  
    W5                                                0.000     0.000 r  clk (IN)
                         net (fo=0)                   0.000     0.000    clock_geni/clk_mmcm_wizi/inst/clk_in1
    W5                   IBUF (Prop_ibuf_I_O)         0.226     0.226 r  clock_geni/clk_mmcm_wizi/inst/clkin1_ibufg/O
                         net (fo=1, routed)           0.440     0.667    clock_geni/clk_mmcm_wizi/inst/clk_in1_clk_mmcm_wiz
    MMCME2_ADV_X1Y0      MMCME2_ADV (Prop_mmcme2_adv_CLKIN1_CLKOUT0)
                                                     -2.360    -1.693 r  clock_geni/clk_mmcm_wizi/inst/mmcm_adv_inst/CLKOUT0
                         net (fo=1, routed)           0.486    -1.207    clock_geni/clk_mmcm_wizi/inst/clk_10Mhz_clk_mmcm_wiz
    BUFGCTRL_X0Y0        BUFG (Prop_bufg_I_O)         0.026    -1.181 r  clock_geni/clk_mmcm_wizi/inst/clkout1_buf/O
                         net (fo=81, routed)          0.592    -0.589    clock_geni/clk_10Mhz
    SLICE_X62Y90         FDRE                                         r  clock_geni/locked_dd_reg/C
  -------------------------------------------------------------------    -------------------
    SLICE_X62Y90         FDRE (Prop_fdre_C_Q)         0.141    -0.448 r  clock_geni/locked_dd_reg/Q
                         net (fo=11, routed)          0.306    -0.142    clock_geni/reset_n
    SLICE_X62Y90         LUT1 (Prop_lut1_I0_O)        0.045    -0.097 f  clock_geni/disp_reg[3]_i_2/O
                         net (fo=28, routed)          0.328     0.231    seven_seg_segi/AR[0]
    SLICE_X59Y90         FDCE                                         f  seven_seg_segi/counter_reg[1]/CLR
  -------------------------------------------------------------------    -------------------

                         (clock clk_10Mhz_clk_mmcm_wiz_1 rise edge)
                                                      0.000     0.000 r  
    W5                                                0.000     0.000 r  clk (IN)
                         net (fo=0)                   0.000     0.000    clock_geni/clk_mmcm_wizi/inst/clk_in1
    W5                   IBUF (Prop_ibuf_I_O)         0.414     0.414 r  clock_geni/clk_mmcm_wizi/inst/clkin1_ibufg/O
                         net (fo=1, routed)           0.480     0.894    clock_geni/clk_mmcm_wizi/inst/clk_in1_clk_mmcm_wiz
    MMCME2_ADV_X1Y0      MMCME2_ADV (Prop_mmcme2_adv_CLKIN1_CLKOUT0)
                                                     -3.142    -2.248 r  clock_geni/clk_mmcm_wizi/inst/mmcm_adv_inst/CLKOUT0
                         net (fo=1, routed)           0.530    -1.718    clock_geni/clk_mmcm_wizi/inst/clk_10Mhz_clk_mmcm_wiz
    BUFGCTRL_X0Y0        BUFG (Prop_bufg_I_O)         0.029    -1.689 r  clock_geni/clk_mmcm_wizi/inst/clkout1_buf/O
                         net (fo=81, routed)          0.860    -0.829    seven_seg_segi/CLK
    SLICE_X59Y90         FDCE                                         r  seven_seg_segi/counter_reg[1]/C
                         clock pessimism              0.275    -0.554    
                         clock uncertainty            0.149    -0.405    
    SLICE_X59Y90         FDCE (Remov_fdce_C_CLR)     -0.092    -0.497    seven_seg_segi/counter_reg[1]
  -------------------------------------------------------------------
                         required time                          0.497    
                         arrival time                           0.231    
  -------------------------------------------------------------------
                         slack                                  0.728    

Slack (MET) :             0.728ns  (arrival time - required time)
  Source:                 clock_geni/locked_dd_reg/C
                            (rising edge-triggered cell FDRE clocked by clk_10Mhz_clk_mmcm_wiz  {rise@0.000ns fall@50.000ns period=100.000ns})
  Destination:            seven_seg_segi/counter_reg[2]/CLR
                            (removal check against rising-edge clock clk_10Mhz_clk_mmcm_wiz_1  {rise@0.000ns fall@50.000ns period=100.000ns})
  Path Group:             **async_default**
  Path Type:              Removal (Min at Fast Process Corner)
  Requirement:            0.000ns  (clk_10Mhz_clk_mmcm_wiz_1 rise@0.000ns - clk_10Mhz_clk_mmcm_wiz rise@0.000ns)
  Data Path Delay:        0.820ns  (logic 0.186ns (22.676%)  route 0.634ns (77.324%))
  Logic Levels:           1  (LUT1=1)
  Clock Path Skew:        0.035ns (DCD - SCD - CPR)
    Destination Clock Delay (DCD):    -0.829ns
    Source Clock Delay      (SCD):    -0.589ns
    Clock Pessimism Removal (CPR):    -0.275ns
  Clock Uncertainty:      0.149ns  ((TSJ^2 + DJ^2)^1/2) / 2 + PE
    Total System Jitter     (TSJ):    0.071ns
    Discrete Jitter          (DJ):    0.290ns
    Phase Error              (PE):    0.000ns
  Clock Domain Crossing:  Inter clock paths are considered valid unless explicitly excluded by timing constraints such as set_clock_groups or set_false_path.

    Location             Delay type                Incr(ns)  Path(ns)    Netlist Resource(s)
  -------------------------------------------------------------------    -------------------
                         (clock clk_10Mhz_clk_mmcm_wiz rise edge)
                                                      0.000     0.000 r  
    W5                                                0.000     0.000 r  clk (IN)
                         net (fo=0)                   0.000     0.000    clock_geni/clk_mmcm_wizi/inst/clk_in1
    W5                   IBUF (Prop_ibuf_I_O)         0.226     0.226 r  clock_geni/clk_mmcm_wizi/inst/clkin1_ibufg/O
                         net (fo=1, routed)           0.440     0.667    clock_geni/clk_mmcm_wizi/inst/clk_in1_clk_mmcm_wiz
    MMCME2_ADV_X1Y0      MMCME2_ADV (Prop_mmcme2_adv_CLKIN1_CLKOUT0)
                                                     -2.360    -1.693 r  clock_geni/clk_mmcm_wizi/inst/mmcm_adv_inst/CLKOUT0
                         net (fo=1, routed)           0.486    -1.207    clock_geni/clk_mmcm_wizi/inst/clk_10Mhz_clk_mmcm_wiz
    BUFGCTRL_X0Y0        BUFG (Prop_bufg_I_O)         0.026    -1.181 r  clock_geni/clk_mmcm_wizi/inst/clkout1_buf/O
                         net (fo=81, routed)          0.592    -0.589    clock_geni/clk_10Mhz
    SLICE_X62Y90         FDRE                                         r  clock_geni/locked_dd_reg/C
  -------------------------------------------------------------------    -------------------
    SLICE_X62Y90         FDRE (Prop_fdre_C_Q)         0.141    -0.448 r  clock_geni/locked_dd_reg/Q
                         net (fo=11, routed)          0.306    -0.142    clock_geni/reset_n
    SLICE_X62Y90         LUT1 (Prop_lut1_I0_O)        0.045    -0.097 f  clock_geni/disp_reg[3]_i_2/O
                         net (fo=28, routed)          0.328     0.231    seven_seg_segi/AR[0]
    SLICE_X59Y90         FDCE                                         f  seven_seg_segi/counter_reg[2]/CLR
  -------------------------------------------------------------------    -------------------

                         (clock clk_10Mhz_clk_mmcm_wiz_1 rise edge)
                                                      0.000     0.000 r  
    W5                                                0.000     0.000 r  clk (IN)
                         net (fo=0)                   0.000     0.000    clock_geni/clk_mmcm_wizi/inst/clk_in1
    W5                   IBUF (Prop_ibuf_I_O)         0.414     0.414 r  clock_geni/clk_mmcm_wizi/inst/clkin1_ibufg/O
                         net (fo=1, routed)           0.480     0.894    clock_geni/clk_mmcm_wizi/inst/clk_in1_clk_mmcm_wiz
    MMCME2_ADV_X1Y0      MMCME2_ADV (Prop_mmcme2_adv_CLKIN1_CLKOUT0)
                                                     -3.142    -2.248 r  clock_geni/clk_mmcm_wizi/inst/mmcm_adv_inst/CLKOUT0
                         net (fo=1, routed)           0.530    -1.718    clock_geni/clk_mmcm_wizi/inst/clk_10Mhz_clk_mmcm_wiz
    BUFGCTRL_X0Y0        BUFG (Prop_bufg_I_O)         0.029    -1.689 r  clock_geni/clk_mmcm_wizi/inst/clkout1_buf/O
                         net (fo=81, routed)          0.860    -0.829    seven_seg_segi/CLK
    SLICE_X59Y90         FDCE                                         r  seven_seg_segi/counter_reg[2]/C
                         clock pessimism              0.275    -0.554    
                         clock uncertainty            0.149    -0.405    
    SLICE_X59Y90         FDCE (Remov_fdce_C_CLR)     -0.092    -0.497    seven_seg_segi/counter_reg[2]
  -------------------------------------------------------------------
                         required time                          0.497    
                         arrival time                           0.231    
  -------------------------------------------------------------------
                         slack                                  0.728    

Slack (MET) :             0.728ns  (arrival time - required time)
  Source:                 clock_geni/locked_dd_reg/C
                            (rising edge-triggered cell FDRE clocked by clk_10Mhz_clk_mmcm_wiz  {rise@0.000ns fall@50.000ns period=100.000ns})
  Destination:            seven_seg_segi/counter_reg[3]/CLR
                            (removal check against rising-edge clock clk_10Mhz_clk_mmcm_wiz_1  {rise@0.000ns fall@50.000ns period=100.000ns})
  Path Group:             **async_default**
  Path Type:              Removal (Min at Fast Process Corner)
  Requirement:            0.000ns  (clk_10Mhz_clk_mmcm_wiz_1 rise@0.000ns - clk_10Mhz_clk_mmcm_wiz rise@0.000ns)
  Data Path Delay:        0.820ns  (logic 0.186ns (22.676%)  route 0.634ns (77.324%))
  Logic Levels:           1  (LUT1=1)
  Clock Path Skew:        0.035ns (DCD - SCD - CPR)
    Destination Clock Delay (DCD):    -0.829ns
    Source Clock Delay      (SCD):    -0.589ns
    Clock Pessimism Removal (CPR):    -0.275ns
  Clock Uncertainty:      0.149ns  ((TSJ^2 + DJ^2)^1/2) / 2 + PE
    Total System Jitter     (TSJ):    0.071ns
    Discrete Jitter          (DJ):    0.290ns
    Phase Error              (PE):    0.000ns
  Clock Domain Crossing:  Inter clock paths are considered valid unless explicitly excluded by timing constraints such as set_clock_groups or set_false_path.

    Location             Delay type                Incr(ns)  Path(ns)    Netlist Resource(s)
  -------------------------------------------------------------------    -------------------
                         (clock clk_10Mhz_clk_mmcm_wiz rise edge)
                                                      0.000     0.000 r  
    W5                                                0.000     0.000 r  clk (IN)
                         net (fo=0)                   0.000     0.000    clock_geni/clk_mmcm_wizi/inst/clk_in1
    W5                   IBUF (Prop_ibuf_I_O)         0.226     0.226 r  clock_geni/clk_mmcm_wizi/inst/clkin1_ibufg/O
                         net (fo=1, routed)           0.440     0.667    clock_geni/clk_mmcm_wizi/inst/clk_in1_clk_mmcm_wiz
    MMCME2_ADV_X1Y0      MMCME2_ADV (Prop_mmcme2_adv_CLKIN1_CLKOUT0)
                                                     -2.360    -1.693 r  clock_geni/clk_mmcm_wizi/inst/mmcm_adv_inst/CLKOUT0
                         net (fo=1, routed)           0.486    -1.207    clock_geni/clk_mmcm_wizi/inst/clk_10Mhz_clk_mmcm_wiz
    BUFGCTRL_X0Y0        BUFG (Prop_bufg_I_O)         0.026    -1.181 r  clock_geni/clk_mmcm_wizi/inst/clkout1_buf/O
                         net (fo=81, routed)          0.592    -0.589    clock_geni/clk_10Mhz
    SLICE_X62Y90         FDRE                                         r  clock_geni/locked_dd_reg/C
  -------------------------------------------------------------------    -------------------
    SLICE_X62Y90         FDRE (Prop_fdre_C_Q)         0.141    -0.448 r  clock_geni/locked_dd_reg/Q
                         net (fo=11, routed)          0.306    -0.142    clock_geni/reset_n
    SLICE_X62Y90         LUT1 (Prop_lut1_I0_O)        0.045    -0.097 f  clock_geni/disp_reg[3]_i_2/O
                         net (fo=28, routed)          0.328     0.231    seven_seg_segi/AR[0]
    SLICE_X59Y90         FDCE                                         f  seven_seg_segi/counter_reg[3]/CLR
  -------------------------------------------------------------------    -------------------

                         (clock clk_10Mhz_clk_mmcm_wiz_1 rise edge)
                                                      0.000     0.000 r  
    W5                                                0.000     0.000 r  clk (IN)
                         net (fo=0)                   0.000     0.000    clock_geni/clk_mmcm_wizi/inst/clk_in1
    W5                   IBUF (Prop_ibuf_I_O)         0.414     0.414 r  clock_geni/clk_mmcm_wizi/inst/clkin1_ibufg/O
                         net (fo=1, routed)           0.480     0.894    clock_geni/clk_mmcm_wizi/inst/clk_in1_clk_mmcm_wiz
    MMCME2_ADV_X1Y0      MMCME2_ADV (Prop_mmcme2_adv_CLKIN1_CLKOUT0)
                                                     -3.142    -2.248 r  clock_geni/clk_mmcm_wizi/inst/mmcm_adv_inst/CLKOUT0
                         net (fo=1, routed)           0.530    -1.718    clock_geni/clk_mmcm_wizi/inst/clk_10Mhz_clk_mmcm_wiz
    BUFGCTRL_X0Y0        BUFG (Prop_bufg_I_O)         0.029    -1.689 r  clock_geni/clk_mmcm_wizi/inst/clkout1_buf/O
                         net (fo=81, routed)          0.860    -0.829    seven_seg_segi/CLK
    SLICE_X59Y90         FDCE                                         r  seven_seg_segi/counter_reg[3]/C
                         clock pessimism              0.275    -0.554    
                         clock uncertainty            0.149    -0.405    
    SLICE_X59Y90         FDCE (Remov_fdce_C_CLR)     -0.092    -0.497    seven_seg_segi/counter_reg[3]
  -------------------------------------------------------------------
                         required time                          0.497    
                         arrival time                           0.231    
  -------------------------------------------------------------------
                         slack                                  0.728    

Slack (MET) :             0.769ns  (arrival time - required time)
  Source:                 clock_geni/locked_dd_reg/C
                            (rising edge-triggered cell FDRE clocked by clk_10Mhz_clk_mmcm_wiz  {rise@0.000ns fall@50.000ns period=100.000ns})
  Destination:            seven_seg_segi/counter_reg[10]/CLR
                            (removal check against rising-edge clock clk_10Mhz_clk_mmcm_wiz_1  {rise@0.000ns fall@50.000ns period=100.000ns})
  Path Group:             **async_default**
  Path Type:              Removal (Min at Fast Process Corner)
  Requirement:            0.000ns  (clk_10Mhz_clk_mmcm_wiz_1 rise@0.000ns - clk_10Mhz_clk_mmcm_wiz rise@0.000ns)
  Data Path Delay:        0.862ns  (logic 0.186ns (21.573%)  route 0.676ns (78.427%))
  Logic Levels:           1  (LUT1=1)
  Clock Path Skew:        0.036ns (DCD - SCD - CPR)
    Destination Clock Delay (DCD):    -0.828ns
    Source Clock Delay      (SCD):    -0.589ns
    Clock Pessimism Removal (CPR):    -0.275ns
  Clock Uncertainty:      0.149ns  ((TSJ^2 + DJ^2)^1/2) / 2 + PE
    Total System Jitter     (TSJ):    0.071ns
    Discrete Jitter          (DJ):    0.290ns
    Phase Error              (PE):    0.000ns
  Clock Domain Crossing:  Inter clock paths are considered valid unless explicitly excluded by timing constraints such as set_clock_groups or set_false_path.

    Location             Delay type                Incr(ns)  Path(ns)    Netlist Resource(s)
  -------------------------------------------------------------------    -------------------
                         (clock clk_10Mhz_clk_mmcm_wiz rise edge)
                                                      0.000     0.000 r  
    W5                                                0.000     0.000 r  clk (IN)
                         net (fo=0)                   0.000     0.000    clock_geni/clk_mmcm_wizi/inst/clk_in1
    W5                   IBUF (Prop_ibuf_I_O)         0.226     0.226 r  clock_geni/clk_mmcm_wizi/inst/clkin1_ibufg/O
                         net (fo=1, routed)           0.440     0.667    clock_geni/clk_mmcm_wizi/inst/clk_in1_clk_mmcm_wiz
    MMCME2_ADV_X1Y0      MMCME2_ADV (Prop_mmcme2_adv_CLKIN1_CLKOUT0)
                                                     -2.360    -1.693 r  clock_geni/clk_mmcm_wizi/inst/mmcm_adv_inst/CLKOUT0
                         net (fo=1, routed)           0.486    -1.207    clock_geni/clk_mmcm_wizi/inst/clk_10Mhz_clk_mmcm_wiz
    BUFGCTRL_X0Y0        BUFG (Prop_bufg_I_O)         0.026    -1.181 r  clock_geni/clk_mmcm_wizi/inst/clkout1_buf/O
                         net (fo=81, routed)          0.592    -0.589    clock_geni/clk_10Mhz
    SLICE_X62Y90         FDRE                                         r  clock_geni/locked_dd_reg/C
  -------------------------------------------------------------------    -------------------
    SLICE_X62Y90         FDRE (Prop_fdre_C_Q)         0.141    -0.448 r  clock_geni/locked_dd_reg/Q
                         net (fo=11, routed)          0.306    -0.142    clock_geni/reset_n
    SLICE_X62Y90         LUT1 (Prop_lut1_I0_O)        0.045    -0.097 f  clock_geni/disp_reg[3]_i_2/O
                         net (fo=28, routed)          0.370     0.273    seven_seg_segi/AR[0]
    SLICE_X59Y93         FDCE                                         f  seven_seg_segi/counter_reg[10]/CLR
  -------------------------------------------------------------------    -------------------

                         (clock clk_10Mhz_clk_mmcm_wiz_1 rise edge)
                                                      0.000     0.000 r  
    W5                                                0.000     0.000 r  clk (IN)
                         net (fo=0)                   0.000     0.000    clock_geni/clk_mmcm_wizi/inst/clk_in1
    W5                   IBUF (Prop_ibuf_I_O)         0.414     0.414 r  clock_geni/clk_mmcm_wizi/inst/clkin1_ibufg/O
                         net (fo=1, routed)           0.480     0.894    clock_geni/clk_mmcm_wizi/inst/clk_in1_clk_mmcm_wiz
    MMCME2_ADV_X1Y0      MMCME2_ADV (Prop_mmcme2_adv_CLKIN1_CLKOUT0)
                                                     -3.142    -2.248 r  clock_geni/clk_mmcm_wizi/inst/mmcm_adv_inst/CLKOUT0
                         net (fo=1, routed)           0.530    -1.718    clock_geni/clk_mmcm_wizi/inst/clk_10Mhz_clk_mmcm_wiz
    BUFGCTRL_X0Y0        BUFG (Prop_bufg_I_O)         0.029    -1.689 r  clock_geni/clk_mmcm_wizi/inst/clkout1_buf/O
                         net (fo=81, routed)          0.861    -0.828    seven_seg_segi/CLK
    SLICE_X59Y93         FDCE                                         r  seven_seg_segi/counter_reg[10]/C
                         clock pessimism              0.275    -0.553    
                         clock uncertainty            0.149    -0.404    
    SLICE_X59Y93         FDCE (Remov_fdce_C_CLR)     -0.092    -0.496    seven_seg_segi/counter_reg[10]
  -------------------------------------------------------------------
                         required time                          0.496    
                         arrival time                           0.273    
  -------------------------------------------------------------------
                         slack                                  0.769    

Slack (MET) :             0.769ns  (arrival time - required time)
  Source:                 clock_geni/locked_dd_reg/C
                            (rising edge-triggered cell FDRE clocked by clk_10Mhz_clk_mmcm_wiz  {rise@0.000ns fall@50.000ns period=100.000ns})
  Destination:            seven_seg_segi/counter_reg[11]/CLR
                            (removal check against rising-edge clock clk_10Mhz_clk_mmcm_wiz_1  {rise@0.000ns fall@50.000ns period=100.000ns})
  Path Group:             **async_default**
  Path Type:              Removal (Min at Fast Process Corner)
  Requirement:            0.000ns  (clk_10Mhz_clk_mmcm_wiz_1 rise@0.000ns - clk_10Mhz_clk_mmcm_wiz rise@0.000ns)
  Data Path Delay:        0.862ns  (logic 0.186ns (21.573%)  route 0.676ns (78.427%))
  Logic Levels:           1  (LUT1=1)
  Clock Path Skew:        0.036ns (DCD - SCD - CPR)
    Destination Clock Delay (DCD):    -0.828ns
    Source Clock Delay      (SCD):    -0.589ns
    Clock Pessimism Removal (CPR):    -0.275ns
  Clock Uncertainty:      0.149ns  ((TSJ^2 + DJ^2)^1/2) / 2 + PE
    Total System Jitter     (TSJ):    0.071ns
    Discrete Jitter          (DJ):    0.290ns
    Phase Error              (PE):    0.000ns
  Clock Domain Crossing:  Inter clock paths are considered valid unless explicitly excluded by timing constraints such as set_clock_groups or set_false_path.

    Location             Delay type                Incr(ns)  Path(ns)    Netlist Resource(s)
  -------------------------------------------------------------------    -------------------
                         (clock clk_10Mhz_clk_mmcm_wiz rise edge)
                                                      0.000     0.000 r  
    W5                                                0.000     0.000 r  clk (IN)
                         net (fo=0)                   0.000     0.000    clock_geni/clk_mmcm_wizi/inst/clk_in1
    W5                   IBUF (Prop_ibuf_I_O)         0.226     0.226 r  clock_geni/clk_mmcm_wizi/inst/clkin1_ibufg/O
                         net (fo=1, routed)           0.440     0.667    clock_geni/clk_mmcm_wizi/inst/clk_in1_clk_mmcm_wiz
    MMCME2_ADV_X1Y0      MMCME2_ADV (Prop_mmcme2_adv_CLKIN1_CLKOUT0)
                                                     -2.360    -1.693 r  clock_geni/clk_mmcm_wizi/inst/mmcm_adv_inst/CLKOUT0
                         net (fo=1, routed)           0.486    -1.207    clock_geni/clk_mmcm_wizi/inst/clk_10Mhz_clk_mmcm_wiz
    BUFGCTRL_X0Y0        BUFG (Prop_bufg_I_O)         0.026    -1.181 r  clock_geni/clk_mmcm_wizi/inst/clkout1_buf/O
                         net (fo=81, routed)          0.592    -0.589    clock_geni/clk_10Mhz
    SLICE_X62Y90         FDRE                                         r  clock_geni/locked_dd_reg/C
  -------------------------------------------------------------------    -------------------
    SLICE_X62Y90         FDRE (Prop_fdre_C_Q)         0.141    -0.448 r  clock_geni/locked_dd_reg/Q
                         net (fo=11, routed)          0.306    -0.142    clock_geni/reset_n
    SLICE_X62Y90         LUT1 (Prop_lut1_I0_O)        0.045    -0.097 f  clock_geni/disp_reg[3]_i_2/O
                         net (fo=28, routed)          0.370     0.273    seven_seg_segi/AR[0]
    SLICE_X59Y93         FDCE                                         f  seven_seg_segi/counter_reg[11]/CLR
  -------------------------------------------------------------------    -------------------

                         (clock clk_10Mhz_clk_mmcm_wiz_1 rise edge)
                                                      0.000     0.000 r  
    W5                                                0.000     0.000 r  clk (IN)
                         net (fo=0)                   0.000     0.000    clock_geni/clk_mmcm_wizi/inst/clk_in1
    W5                   IBUF (Prop_ibuf_I_O)         0.414     0.414 r  clock_geni/clk_mmcm_wizi/inst/clkin1_ibufg/O
                         net (fo=1, routed)           0.480     0.894    clock_geni/clk_mmcm_wizi/inst/clk_in1_clk_mmcm_wiz
    MMCME2_ADV_X1Y0      MMCME2_ADV (Prop_mmcme2_adv_CLKIN1_CLKOUT0)
                                                     -3.142    -2.248 r  clock_geni/clk_mmcm_wizi/inst/mmcm_adv_inst/CLKOUT0
                         net (fo=1, routed)           0.530    -1.718    clock_geni/clk_mmcm_wizi/inst/clk_10Mhz_clk_mmcm_wiz
    BUFGCTRL_X0Y0        BUFG (Prop_bufg_I_O)         0.029    -1.689 r  clock_geni/clk_mmcm_wizi/inst/clkout1_buf/O
                         net (fo=81, routed)          0.861    -0.828    seven_seg_segi/CLK
    SLICE_X59Y93         FDCE                                         r  seven_seg_segi/counter_reg[11]/C
                         clock pessimism              0.275    -0.553    
                         clock uncertainty            0.149    -0.404    
    SLICE_X59Y93         FDCE (Remov_fdce_C_CLR)     -0.092    -0.496    seven_seg_segi/counter_reg[11]
  -------------------------------------------------------------------
                         required time                          0.496    
                         arrival time                           0.273    
  -------------------------------------------------------------------
                         slack                                  0.769    





---------------------------------------------------------------------------------------------------
Path Group:  **async_default**
From Clock:  clk_10Mhz_clk_mmcm_wiz_1
  To Clock:  clk_10Mhz_clk_mmcm_wiz_1

Setup :            0  Failing Endpoints,  Worst Slack       96.857ns,  Total Violation        0.000ns
Hold  :            0  Failing Endpoints,  Worst Slack        0.773ns,  Total Violation        0.000ns
---------------------------------------------------------------------------------------------------


Max Delay Paths
--------------------------------------------------------------------------------------
Slack (MET) :             96.857ns  (required time - arrival time)
  Source:                 clock_geni/locked_dd_reg/C
                            (rising edge-triggered cell FDRE clocked by clk_10Mhz_clk_mmcm_wiz_1  {rise@0.000ns fall@50.000ns period=100.000ns})
  Destination:            seven_seg_segi/counter_reg[14]/CLR
                            (recovery check against rising-edge clock clk_10Mhz_clk_mmcm_wiz_1  {rise@0.000ns fall@50.000ns period=100.000ns})
  Path Group:             **async_default**
  Path Type:              Recovery (Max at Slow Process Corner)
  Requirement:            100.000ns  (clk_10Mhz_clk_mmcm_wiz_1 rise@100.000ns - clk_10Mhz_clk_mmcm_wiz_1 rise@0.000ns)
  Data Path Delay:        2.561ns  (logic 0.580ns (22.652%)  route 1.981ns (77.348%))
  Logic Levels:           1  (LUT1=1)
  Clock Path Skew:        -0.038ns (DCD - SCD + CPR)
    Destination Clock Delay (DCD):    -1.488ns = ( 98.512 - 100.000 ) 
    Source Clock Delay      (SCD):    -0.888ns
    Clock Pessimism Removal (CPR):    0.562ns
  Clock Uncertainty:      0.140ns  ((TSJ^2 + DJ^2)^1/2) / 2 + PE
    Total System Jitter     (TSJ):    0.071ns
    Discrete Jitter          (DJ):    0.270ns
    Phase Error              (PE):    0.000ns

    Location             Delay type                Incr(ns)  Path(ns)    Netlist Resource(s)
  -------------------------------------------------------------------    -------------------
                         (clock clk_10Mhz_clk_mmcm_wiz_1 rise edge)
                                                      0.000     0.000 r  
    W5                                                0.000     0.000 r  clk (IN)
                         net (fo=0)                   0.000     0.000    clock_geni/clk_mmcm_wizi/inst/clk_in1
    W5                   IBUF (Prop_ibuf_I_O)         1.458     1.458 r  clock_geni/clk_mmcm_wizi/inst/clkin1_ibufg/O
                         net (fo=1, routed)           1.233     2.691    clock_geni/clk_mmcm_wizi/inst/clk_in1_clk_mmcm_wiz
    MMCME2_ADV_X1Y0      MMCME2_ADV (Prop_mmcme2_adv_CLKIN1_CLKOUT0)
                                                     -6.961    -4.269 r  clock_geni/clk_mmcm_wizi/inst/mmcm_adv_inst/CLKOUT0
                         net (fo=1, routed)           1.661    -2.608    clock_geni/clk_mmcm_wizi/inst/clk_10Mhz_clk_mmcm_wiz
    BUFGCTRL_X0Y0        BUFG (Prop_bufg_I_O)         0.096    -2.512 r  clock_geni/clk_mmcm_wizi/inst/clkout1_buf/O
                         net (fo=81, routed)          1.624    -0.888    clock_geni/clk_10Mhz
    SLICE_X62Y90         FDRE                                         r  clock_geni/locked_dd_reg/C
  -------------------------------------------------------------------    -------------------
    SLICE_X62Y90         FDRE (Prop_fdre_C_Q)         0.456    -0.432 r  clock_geni/locked_dd_reg/Q
                         net (fo=11, routed)          0.860     0.428    clock_geni/reset_n
    SLICE_X62Y90         LUT1 (Prop_lut1_I0_O)        0.124     0.552 f  clock_geni/disp_reg[3]_i_2/O
                         net (fo=28, routed)          1.120     1.673    seven_seg_segi/AR[0]
    SLICE_X59Y94         FDCE                                         f  seven_seg_segi/counter_reg[14]/CLR
  -------------------------------------------------------------------    -------------------

                         (clock clk_10Mhz_clk_mmcm_wiz_1 rise edge)
                                                    100.000   100.000 r  
    W5                                                0.000   100.000 r  clk (IN)
                         net (fo=0)                   0.000   100.000    clock_geni/clk_mmcm_wizi/inst/clk_in1
    W5                   IBUF (Prop_ibuf_I_O)         1.388   101.388 r  clock_geni/clk_mmcm_wizi/inst/clkin1_ibufg/O
                         net (fo=1, routed)           1.162   102.550    clock_geni/clk_mmcm_wizi/inst/clk_in1_clk_mmcm_wiz
    MMCME2_ADV_X1Y0      MMCME2_ADV (Prop_mmcme2_adv_CLKIN1_CLKOUT0)
                                                     -7.217    95.332 r  clock_geni/clk_mmcm_wizi/inst/mmcm_adv_inst/CLKOUT0
                         net (fo=1, routed)           1.581    96.914    clock_geni/clk_mmcm_wizi/inst/clk_10Mhz_clk_mmcm_wiz
    BUFGCTRL_X0Y0        BUFG (Prop_bufg_I_O)         0.091    97.005 r  clock_geni/clk_mmcm_wizi/inst/clkout1_buf/O
                         net (fo=81, routed)          1.508    98.512    seven_seg_segi/CLK
    SLICE_X59Y94         FDCE                                         r  seven_seg_segi/counter_reg[14]/C
                         clock pessimism              0.562    99.074    
                         clock uncertainty           -0.140    98.934    
    SLICE_X59Y94         FDCE (Recov_fdce_C_CLR)     -0.405    98.529    seven_seg_segi/counter_reg[14]
  -------------------------------------------------------------------
                         required time                         98.529    
                         arrival time                          -1.673    
  -------------------------------------------------------------------
                         slack                                 96.857    

Slack (MET) :             96.857ns  (required time - arrival time)
  Source:                 clock_geni/locked_dd_reg/C
                            (rising edge-triggered cell FDRE clocked by clk_10Mhz_clk_mmcm_wiz_1  {rise@0.000ns fall@50.000ns period=100.000ns})
  Destination:            seven_seg_segi/counter_reg[15]/CLR
                            (recovery check against rising-edge clock clk_10Mhz_clk_mmcm_wiz_1  {rise@0.000ns fall@50.000ns period=100.000ns})
  Path Group:             **async_default**
  Path Type:              Recovery (Max at Slow Process Corner)
  Requirement:            100.000ns  (clk_10Mhz_clk_mmcm_wiz_1 rise@100.000ns - clk_10Mhz_clk_mmcm_wiz_1 rise@0.000ns)
  Data Path Delay:        2.561ns  (logic 0.580ns (22.652%)  route 1.981ns (77.348%))
  Logic Levels:           1  (LUT1=1)
  Clock Path Skew:        -0.038ns (DCD - SCD + CPR)
    Destination Clock Delay (DCD):    -1.488ns = ( 98.512 - 100.000 ) 
    Source Clock Delay      (SCD):    -0.888ns
    Clock Pessimism Removal (CPR):    0.562ns
  Clock Uncertainty:      0.140ns  ((TSJ^2 + DJ^2)^1/2) / 2 + PE
    Total System Jitter     (TSJ):    0.071ns
    Discrete Jitter          (DJ):    0.270ns
    Phase Error              (PE):    0.000ns

    Location             Delay type                Incr(ns)  Path(ns)    Netlist Resource(s)
  -------------------------------------------------------------------    -------------------
                         (clock clk_10Mhz_clk_mmcm_wiz_1 rise edge)
                                                      0.000     0.000 r  
    W5                                                0.000     0.000 r  clk (IN)
                         net (fo=0)                   0.000     0.000    clock_geni/clk_mmcm_wizi/inst/clk_in1
    W5                   IBUF (Prop_ibuf_I_O)         1.458     1.458 r  clock_geni/clk_mmcm_wizi/inst/clkin1_ibufg/O
                         net (fo=1, routed)           1.233     2.691    clock_geni/clk_mmcm_wizi/inst/clk_in1_clk_mmcm_wiz
    MMCME2_ADV_X1Y0      MMCME2_ADV (Prop_mmcme2_adv_CLKIN1_CLKOUT0)
                                                     -6.961    -4.269 r  clock_geni/clk_mmcm_wizi/inst/mmcm_adv_inst/CLKOUT0
                         net (fo=1, routed)           1.661    -2.608    clock_geni/clk_mmcm_wizi/inst/clk_10Mhz_clk_mmcm_wiz
    BUFGCTRL_X0Y0        BUFG (Prop_bufg_I_O)         0.096    -2.512 r  clock_geni/clk_mmcm_wizi/inst/clkout1_buf/O
                         net (fo=81, routed)          1.624    -0.888    clock_geni/clk_10Mhz
    SLICE_X62Y90         FDRE                                         r  clock_geni/locked_dd_reg/C
  -------------------------------------------------------------------    -------------------
    SLICE_X62Y90         FDRE (Prop_fdre_C_Q)         0.456    -0.432 r  clock_geni/locked_dd_reg/Q
                         net (fo=11, routed)          0.860     0.428    clock_geni/reset_n
    SLICE_X62Y90         LUT1 (Prop_lut1_I0_O)        0.124     0.552 f  clock_geni/disp_reg[3]_i_2/O
                         net (fo=28, routed)          1.120     1.673    seven_seg_segi/AR[0]
    SLICE_X59Y94         FDCE                                         f  seven_seg_segi/counter_reg[15]/CLR
  -------------------------------------------------------------------    -------------------

                         (clock clk_10Mhz_clk_mmcm_wiz_1 rise edge)
                                                    100.000   100.000 r  
    W5                                                0.000   100.000 r  clk (IN)
                         net (fo=0)                   0.000   100.000    clock_geni/clk_mmcm_wizi/inst/clk_in1
    W5                   IBUF (Prop_ibuf_I_O)         1.388   101.388 r  clock_geni/clk_mmcm_wizi/inst/clkin1_ibufg/O
                         net (fo=1, routed)           1.162   102.550    clock_geni/clk_mmcm_wizi/inst/clk_in1_clk_mmcm_wiz
    MMCME2_ADV_X1Y0      MMCME2_ADV (Prop_mmcme2_adv_CLKIN1_CLKOUT0)
                                                     -7.217    95.332 r  clock_geni/clk_mmcm_wizi/inst/mmcm_adv_inst/CLKOUT0
                         net (fo=1, routed)           1.581    96.914    clock_geni/clk_mmcm_wizi/inst/clk_10Mhz_clk_mmcm_wiz
    BUFGCTRL_X0Y0        BUFG (Prop_bufg_I_O)         0.091    97.005 r  clock_geni/clk_mmcm_wizi/inst/clkout1_buf/O
                         net (fo=81, routed)          1.508    98.512    seven_seg_segi/CLK
    SLICE_X59Y94         FDCE                                         r  seven_seg_segi/counter_reg[15]/C
                         clock pessimism              0.562    99.074    
                         clock uncertainty           -0.140    98.934    
    SLICE_X59Y94         FDCE (Recov_fdce_C_CLR)     -0.405    98.529    seven_seg_segi/counter_reg[15]
  -------------------------------------------------------------------
                         required time                         98.529    
                         arrival time                          -1.673    
  -------------------------------------------------------------------
                         slack                                 96.857    

Slack (MET) :             96.999ns  (required time - arrival time)
  Source:                 clock_geni/locked_dd_reg/C
                            (rising edge-triggered cell FDRE clocked by clk_10Mhz_clk_mmcm_wiz_1  {rise@0.000ns fall@50.000ns period=100.000ns})
  Destination:            seven_seg_segi/counter_reg[6]/CLR
                            (recovery check against rising-edge clock clk_10Mhz_clk_mmcm_wiz_1  {rise@0.000ns fall@50.000ns period=100.000ns})
  Path Group:             **async_default**
  Path Type:              Recovery (Max at Slow Process Corner)
  Requirement:            100.000ns  (clk_10Mhz_clk_mmcm_wiz_1 rise@100.000ns - clk_10Mhz_clk_mmcm_wiz_1 rise@0.000ns)
  Data Path Delay:        2.417ns  (logic 0.580ns (23.992%)  route 1.837ns (76.008%))
  Logic Levels:           1  (LUT1=1)
  Clock Path Skew:        -0.039ns (DCD - SCD + CPR)
    Destination Clock Delay (DCD):    -1.489ns = ( 98.511 - 100.000 ) 
    Source Clock Delay      (SCD):    -0.888ns
    Clock Pessimism Removal (CPR):    0.562ns
  Clock Uncertainty:      0.140ns  ((TSJ^2 + DJ^2)^1/2) / 2 + PE
    Total System Jitter     (TSJ):    0.071ns
    Discrete Jitter          (DJ):    0.270ns
    Phase Error              (PE):    0.000ns

    Location             Delay type                Incr(ns)  Path(ns)    Netlist Resource(s)
  -------------------------------------------------------------------    -------------------
                         (clock clk_10Mhz_clk_mmcm_wiz_1 rise edge)
                                                      0.000     0.000 r  
    W5                                                0.000     0.000 r  clk (IN)
                         net (fo=0)                   0.000     0.000    clock_geni/clk_mmcm_wizi/inst/clk_in1
    W5                   IBUF (Prop_ibuf_I_O)         1.458     1.458 r  clock_geni/clk_mmcm_wizi/inst/clkin1_ibufg/O
                         net (fo=1, routed)           1.233     2.691    clock_geni/clk_mmcm_wizi/inst/clk_in1_clk_mmcm_wiz
    MMCME2_ADV_X1Y0      MMCME2_ADV (Prop_mmcme2_adv_CLKIN1_CLKOUT0)
                                                     -6.961    -4.269 r  clock_geni/clk_mmcm_wizi/inst/mmcm_adv_inst/CLKOUT0
                         net (fo=1, routed)           1.661    -2.608    clock_geni/clk_mmcm_wizi/inst/clk_10Mhz_clk_mmcm_wiz
    BUFGCTRL_X0Y0        BUFG (Prop_bufg_I_O)         0.096    -2.512 r  clock_geni/clk_mmcm_wizi/inst/clkout1_buf/O
                         net (fo=81, routed)          1.624    -0.888    clock_geni/clk_10Mhz
    SLICE_X62Y90         FDRE                                         r  clock_geni/locked_dd_reg/C
  -------------------------------------------------------------------    -------------------
    SLICE_X62Y90         FDRE (Prop_fdre_C_Q)         0.456    -0.432 r  clock_geni/locked_dd_reg/Q
                         net (fo=11, routed)          0.860     0.428    clock_geni/reset_n
    SLICE_X62Y90         LUT1 (Prop_lut1_I0_O)        0.124     0.552 f  clock_geni/disp_reg[3]_i_2/O
                         net (fo=28, routed)          0.977     1.530    seven_seg_segi/AR[0]
    SLICE_X59Y92         FDCE                                         f  seven_seg_segi/counter_reg[6]/CLR
  -------------------------------------------------------------------    -------------------

                         (clock clk_10Mhz_clk_mmcm_wiz_1 rise edge)
                                                    100.000   100.000 r  
    W5                                                0.000   100.000 r  clk (IN)
                         net (fo=0)                   0.000   100.000    clock_geni/clk_mmcm_wizi/inst/clk_in1
    W5                   IBUF (Prop_ibuf_I_O)         1.388   101.388 r  clock_geni/clk_mmcm_wizi/inst/clkin1_ibufg/O
                         net (fo=1, routed)           1.162   102.550    clock_geni/clk_mmcm_wizi/inst/clk_in1_clk_mmcm_wiz
    MMCME2_ADV_X1Y0      MMCME2_ADV (Prop_mmcme2_adv_CLKIN1_CLKOUT0)
                                                     -7.217    95.332 r  clock_geni/clk_mmcm_wizi/inst/mmcm_adv_inst/CLKOUT0
                         net (fo=1, routed)           1.581    96.914    clock_geni/clk_mmcm_wizi/inst/clk_10Mhz_clk_mmcm_wiz
    BUFGCTRL_X0Y0        BUFG (Prop_bufg_I_O)         0.091    97.005 r  clock_geni/clk_mmcm_wizi/inst/clkout1_buf/O
                         net (fo=81, routed)          1.507    98.511    seven_seg_segi/CLK
    SLICE_X59Y92         FDCE                                         r  seven_seg_segi/counter_reg[6]/C
                         clock pessimism              0.562    99.073    
                         clock uncertainty           -0.140    98.933    
    SLICE_X59Y92         FDCE (Recov_fdce_C_CLR)     -0.405    98.528    seven_seg_segi/counter_reg[6]
  -------------------------------------------------------------------
                         required time                         98.528    
                         arrival time                          -1.530    
  -------------------------------------------------------------------
                         slack                                 96.999    

Slack (MET) :             96.999ns  (required time - arrival time)
  Source:                 clock_geni/locked_dd_reg/C
                            (rising edge-triggered cell FDRE clocked by clk_10Mhz_clk_mmcm_wiz_1  {rise@0.000ns fall@50.000ns period=100.000ns})
  Destination:            seven_seg_segi/counter_reg[7]/CLR
                            (recovery check against rising-edge clock clk_10Mhz_clk_mmcm_wiz_1  {rise@0.000ns fall@50.000ns period=100.000ns})
  Path Group:             **async_default**
  Path Type:              Recovery (Max at Slow Process Corner)
  Requirement:            100.000ns  (clk_10Mhz_clk_mmcm_wiz_1 rise@100.000ns - clk_10Mhz_clk_mmcm_wiz_1 rise@0.000ns)
  Data Path Delay:        2.417ns  (logic 0.580ns (23.992%)  route 1.837ns (76.008%))
  Logic Levels:           1  (LUT1=1)
  Clock Path Skew:        -0.039ns (DCD - SCD + CPR)
    Destination Clock Delay (DCD):    -1.489ns = ( 98.511 - 100.000 ) 
    Source Clock Delay      (SCD):    -0.888ns
    Clock Pessimism Removal (CPR):    0.562ns
  Clock Uncertainty:      0.140ns  ((TSJ^2 + DJ^2)^1/2) / 2 + PE
    Total System Jitter     (TSJ):    0.071ns
    Discrete Jitter          (DJ):    0.270ns
    Phase Error              (PE):    0.000ns

    Location             Delay type                Incr(ns)  Path(ns)    Netlist Resource(s)
  -------------------------------------------------------------------    -------------------
                         (clock clk_10Mhz_clk_mmcm_wiz_1 rise edge)
                                                      0.000     0.000 r  
    W5                                                0.000     0.000 r  clk (IN)
                         net (fo=0)                   0.000     0.000    clock_geni/clk_mmcm_wizi/inst/clk_in1
    W5                   IBUF (Prop_ibuf_I_O)         1.458     1.458 r  clock_geni/clk_mmcm_wizi/inst/clkin1_ibufg/O
                         net (fo=1, routed)           1.233     2.691    clock_geni/clk_mmcm_wizi/inst/clk_in1_clk_mmcm_wiz
    MMCME2_ADV_X1Y0      MMCME2_ADV (Prop_mmcme2_adv_CLKIN1_CLKOUT0)
                                                     -6.961    -4.269 r  clock_geni/clk_mmcm_wizi/inst/mmcm_adv_inst/CLKOUT0
                         net (fo=1, routed)           1.661    -2.608    clock_geni/clk_mmcm_wizi/inst/clk_10Mhz_clk_mmcm_wiz
    BUFGCTRL_X0Y0        BUFG (Prop_bufg_I_O)         0.096    -2.512 r  clock_geni/clk_mmcm_wizi/inst/clkout1_buf/O
                         net (fo=81, routed)          1.624    -0.888    clock_geni/clk_10Mhz
    SLICE_X62Y90         FDRE                                         r  clock_geni/locked_dd_reg/C
  -------------------------------------------------------------------    -------------------
    SLICE_X62Y90         FDRE (Prop_fdre_C_Q)         0.456    -0.432 r  clock_geni/locked_dd_reg/Q
                         net (fo=11, routed)          0.860     0.428    clock_geni/reset_n
    SLICE_X62Y90         LUT1 (Prop_lut1_I0_O)        0.124     0.552 f  clock_geni/disp_reg[3]_i_2/O
                         net (fo=28, routed)          0.977     1.530    seven_seg_segi/AR[0]
    SLICE_X59Y92         FDCE                                         f  seven_seg_segi/counter_reg[7]/CLR
  -------------------------------------------------------------------    -------------------

                         (clock clk_10Mhz_clk_mmcm_wiz_1 rise edge)
                                                    100.000   100.000 r  
    W5                                                0.000   100.000 r  clk (IN)
                         net (fo=0)                   0.000   100.000    clock_geni/clk_mmcm_wizi/inst/clk_in1
    W5                   IBUF (Prop_ibuf_I_O)         1.388   101.388 r  clock_geni/clk_mmcm_wizi/inst/clkin1_ibufg/O
                         net (fo=1, routed)           1.162   102.550    clock_geni/clk_mmcm_wizi/inst/clk_in1_clk_mmcm_wiz
    MMCME2_ADV_X1Y0      MMCME2_ADV (Prop_mmcme2_adv_CLKIN1_CLKOUT0)
                                                     -7.217    95.332 r  clock_geni/clk_mmcm_wizi/inst/mmcm_adv_inst/CLKOUT0
                         net (fo=1, routed)           1.581    96.914    clock_geni/clk_mmcm_wizi/inst/clk_10Mhz_clk_mmcm_wiz
    BUFGCTRL_X0Y0        BUFG (Prop_bufg_I_O)         0.091    97.005 r  clock_geni/clk_mmcm_wizi/inst/clkout1_buf/O
                         net (fo=81, routed)          1.507    98.511    seven_seg_segi/CLK
    SLICE_X59Y92         FDCE                                         r  seven_seg_segi/counter_reg[7]/C
                         clock pessimism              0.562    99.073    
                         clock uncertainty           -0.140    98.933    
    SLICE_X59Y92         FDCE (Recov_fdce_C_CLR)     -0.405    98.528    seven_seg_segi/counter_reg[7]
  -------------------------------------------------------------------
                         required time                         98.528    
                         arrival time                          -1.530    
  -------------------------------------------------------------------
                         slack                                 96.999    

Slack (MET) :             96.999ns  (required time - arrival time)
  Source:                 clock_geni/locked_dd_reg/C
                            (rising edge-triggered cell FDRE clocked by clk_10Mhz_clk_mmcm_wiz_1  {rise@0.000ns fall@50.000ns period=100.000ns})
  Destination:            seven_seg_segi/counter_reg[8]/CLR
                            (recovery check against rising-edge clock clk_10Mhz_clk_mmcm_wiz_1  {rise@0.000ns fall@50.000ns period=100.000ns})
  Path Group:             **async_default**
  Path Type:              Recovery (Max at Slow Process Corner)
  Requirement:            100.000ns  (clk_10Mhz_clk_mmcm_wiz_1 rise@100.000ns - clk_10Mhz_clk_mmcm_wiz_1 rise@0.000ns)
  Data Path Delay:        2.417ns  (logic 0.580ns (23.992%)  route 1.837ns (76.008%))
  Logic Levels:           1  (LUT1=1)
  Clock Path Skew:        -0.039ns (DCD - SCD + CPR)
    Destination Clock Delay (DCD):    -1.489ns = ( 98.511 - 100.000 ) 
    Source Clock Delay      (SCD):    -0.888ns
    Clock Pessimism Removal (CPR):    0.562ns
  Clock Uncertainty:      0.140ns  ((TSJ^2 + DJ^2)^1/2) / 2 + PE
    Total System Jitter     (TSJ):    0.071ns
    Discrete Jitter          (DJ):    0.270ns
    Phase Error              (PE):    0.000ns

    Location             Delay type                Incr(ns)  Path(ns)    Netlist Resource(s)
  -------------------------------------------------------------------    -------------------
                         (clock clk_10Mhz_clk_mmcm_wiz_1 rise edge)
                                                      0.000     0.000 r  
    W5                                                0.000     0.000 r  clk (IN)
                         net (fo=0)                   0.000     0.000    clock_geni/clk_mmcm_wizi/inst/clk_in1
    W5                   IBUF (Prop_ibuf_I_O)         1.458     1.458 r  clock_geni/clk_mmcm_wizi/inst/clkin1_ibufg/O
                         net (fo=1, routed)           1.233     2.691    clock_geni/clk_mmcm_wizi/inst/clk_in1_clk_mmcm_wiz
    MMCME2_ADV_X1Y0      MMCME2_ADV (Prop_mmcme2_adv_CLKIN1_CLKOUT0)
                                                     -6.961    -4.269 r  clock_geni/clk_mmcm_wizi/inst/mmcm_adv_inst/CLKOUT0
                         net (fo=1, routed)           1.661    -2.608    clock_geni/clk_mmcm_wizi/inst/clk_10Mhz_clk_mmcm_wiz
    BUFGCTRL_X0Y0        BUFG (Prop_bufg_I_O)         0.096    -2.512 r  clock_geni/clk_mmcm_wizi/inst/clkout1_buf/O
                         net (fo=81, routed)          1.624    -0.888    clock_geni/clk_10Mhz
    SLICE_X62Y90         FDRE                                         r  clock_geni/locked_dd_reg/C
  -------------------------------------------------------------------    -------------------
    SLICE_X62Y90         FDRE (Prop_fdre_C_Q)         0.456    -0.432 r  clock_geni/locked_dd_reg/Q
                         net (fo=11, routed)          0.860     0.428    clock_geni/reset_n
    SLICE_X62Y90         LUT1 (Prop_lut1_I0_O)        0.124     0.552 f  clock_geni/disp_reg[3]_i_2/O
                         net (fo=28, routed)          0.977     1.530    seven_seg_segi/AR[0]
    SLICE_X59Y92         FDCE                                         f  seven_seg_segi/counter_reg[8]/CLR
  -------------------------------------------------------------------    -------------------

                         (clock clk_10Mhz_clk_mmcm_wiz_1 rise edge)
                                                    100.000   100.000 r  
    W5                                                0.000   100.000 r  clk (IN)
                         net (fo=0)                   0.000   100.000    clock_geni/clk_mmcm_wizi/inst/clk_in1
    W5                   IBUF (Prop_ibuf_I_O)         1.388   101.388 r  clock_geni/clk_mmcm_wizi/inst/clkin1_ibufg/O
                         net (fo=1, routed)           1.162   102.550    clock_geni/clk_mmcm_wizi/inst/clk_in1_clk_mmcm_wiz
    MMCME2_ADV_X1Y0      MMCME2_ADV (Prop_mmcme2_adv_CLKIN1_CLKOUT0)
                                                     -7.217    95.332 r  clock_geni/clk_mmcm_wizi/inst/mmcm_adv_inst/CLKOUT0
                         net (fo=1, routed)           1.581    96.914    clock_geni/clk_mmcm_wizi/inst/clk_10Mhz_clk_mmcm_wiz
    BUFGCTRL_X0Y0        BUFG (Prop_bufg_I_O)         0.091    97.005 r  clock_geni/clk_mmcm_wizi/inst/clkout1_buf/O
                         net (fo=81, routed)          1.507    98.511    seven_seg_segi/CLK
    SLICE_X59Y92         FDCE                                         r  seven_seg_segi/counter_reg[8]/C
                         clock pessimism              0.562    99.073    
                         clock uncertainty           -0.140    98.933    
    SLICE_X59Y92         FDCE (Recov_fdce_C_CLR)     -0.405    98.528    seven_seg_segi/counter_reg[8]
  -------------------------------------------------------------------
                         required time                         98.528    
                         arrival time                          -1.530    
  -------------------------------------------------------------------
                         slack                                 96.999    

Slack (MET) :             96.999ns  (required time - arrival time)
  Source:                 clock_geni/locked_dd_reg/C
                            (rising edge-triggered cell FDRE clocked by clk_10Mhz_clk_mmcm_wiz_1  {rise@0.000ns fall@50.000ns period=100.000ns})
  Destination:            seven_seg_segi/counter_reg[9]/CLR
                            (recovery check against rising-edge clock clk_10Mhz_clk_mmcm_wiz_1  {rise@0.000ns fall@50.000ns period=100.000ns})
  Path Group:             **async_default**
  Path Type:              Recovery (Max at Slow Process Corner)
  Requirement:            100.000ns  (clk_10Mhz_clk_mmcm_wiz_1 rise@100.000ns - clk_10Mhz_clk_mmcm_wiz_1 rise@0.000ns)
  Data Path Delay:        2.417ns  (logic 0.580ns (23.992%)  route 1.837ns (76.008%))
  Logic Levels:           1  (LUT1=1)
  Clock Path Skew:        -0.039ns (DCD - SCD + CPR)
    Destination Clock Delay (DCD):    -1.489ns = ( 98.511 - 100.000 ) 
    Source Clock Delay      (SCD):    -0.888ns
    Clock Pessimism Removal (CPR):    0.562ns
  Clock Uncertainty:      0.140ns  ((TSJ^2 + DJ^2)^1/2) / 2 + PE
    Total System Jitter     (TSJ):    0.071ns
    Discrete Jitter          (DJ):    0.270ns
    Phase Error              (PE):    0.000ns

    Location             Delay type                Incr(ns)  Path(ns)    Netlist Resource(s)
  -------------------------------------------------------------------    -------------------
                         (clock clk_10Mhz_clk_mmcm_wiz_1 rise edge)
                                                      0.000     0.000 r  
    W5                                                0.000     0.000 r  clk (IN)
                         net (fo=0)                   0.000     0.000    clock_geni/clk_mmcm_wizi/inst/clk_in1
    W5                   IBUF (Prop_ibuf_I_O)         1.458     1.458 r  clock_geni/clk_mmcm_wizi/inst/clkin1_ibufg/O
                         net (fo=1, routed)           1.233     2.691    clock_geni/clk_mmcm_wizi/inst/clk_in1_clk_mmcm_wiz
    MMCME2_ADV_X1Y0      MMCME2_ADV (Prop_mmcme2_adv_CLKIN1_CLKOUT0)
                                                     -6.961    -4.269 r  clock_geni/clk_mmcm_wizi/inst/mmcm_adv_inst/CLKOUT0
                         net (fo=1, routed)           1.661    -2.608    clock_geni/clk_mmcm_wizi/inst/clk_10Mhz_clk_mmcm_wiz
    BUFGCTRL_X0Y0        BUFG (Prop_bufg_I_O)         0.096    -2.512 r  clock_geni/clk_mmcm_wizi/inst/clkout1_buf/O
                         net (fo=81, routed)          1.624    -0.888    clock_geni/clk_10Mhz
    SLICE_X62Y90         FDRE                                         r  clock_geni/locked_dd_reg/C
  -------------------------------------------------------------------    -------------------
    SLICE_X62Y90         FDRE (Prop_fdre_C_Q)         0.456    -0.432 r  clock_geni/locked_dd_reg/Q
                         net (fo=11, routed)          0.860     0.428    clock_geni/reset_n
    SLICE_X62Y90         LUT1 (Prop_lut1_I0_O)        0.124     0.552 f  clock_geni/disp_reg[3]_i_2/O
                         net (fo=28, routed)          0.977     1.530    seven_seg_segi/AR[0]
    SLICE_X59Y92         FDCE                                         f  seven_seg_segi/counter_reg[9]/CLR
  -------------------------------------------------------------------    -------------------

                         (clock clk_10Mhz_clk_mmcm_wiz_1 rise edge)
                                                    100.000   100.000 r  
    W5                                                0.000   100.000 r  clk (IN)
                         net (fo=0)                   0.000   100.000    clock_geni/clk_mmcm_wizi/inst/clk_in1
    W5                   IBUF (Prop_ibuf_I_O)         1.388   101.388 r  clock_geni/clk_mmcm_wizi/inst/clkin1_ibufg/O
                         net (fo=1, routed)           1.162   102.550    clock_geni/clk_mmcm_wizi/inst/clk_in1_clk_mmcm_wiz
    MMCME2_ADV_X1Y0      MMCME2_ADV (Prop_mmcme2_adv_CLKIN1_CLKOUT0)
                                                     -7.217    95.332 r  clock_geni/clk_mmcm_wizi/inst/mmcm_adv_inst/CLKOUT0
                         net (fo=1, routed)           1.581    96.914    clock_geni/clk_mmcm_wizi/inst/clk_10Mhz_clk_mmcm_wiz
    BUFGCTRL_X0Y0        BUFG (Prop_bufg_I_O)         0.091    97.005 r  clock_geni/clk_mmcm_wizi/inst/clkout1_buf/O
                         net (fo=81, routed)          1.507    98.511    seven_seg_segi/CLK
    SLICE_X59Y92         FDCE                                         r  seven_seg_segi/counter_reg[9]/C
                         clock pessimism              0.562    99.073    
                         clock uncertainty           -0.140    98.933    
    SLICE_X59Y92         FDCE (Recov_fdce_C_CLR)     -0.405    98.528    seven_seg_segi/counter_reg[9]
  -------------------------------------------------------------------
                         required time                         98.528    
                         arrival time                          -1.530    
  -------------------------------------------------------------------
                         slack                                 96.999    

Slack (MET) :             97.026ns  (required time - arrival time)
  Source:                 clock_geni/locked_dd_reg/C
                            (rising edge-triggered cell FDRE clocked by clk_10Mhz_clk_mmcm_wiz_1  {rise@0.000ns fall@50.000ns period=100.000ns})
  Destination:            seven_seg_segi/counter_reg[4]/CLR
                            (recovery check against rising-edge clock clk_10Mhz_clk_mmcm_wiz_1  {rise@0.000ns fall@50.000ns period=100.000ns})
  Path Group:             **async_default**
  Path Type:              Recovery (Max at Slow Process Corner)
  Requirement:            100.000ns  (clk_10Mhz_clk_mmcm_wiz_1 rise@100.000ns - clk_10Mhz_clk_mmcm_wiz_1 rise@0.000ns)
  Data Path Delay:        2.391ns  (logic 0.580ns (24.262%)  route 1.811ns (75.738%))
  Logic Levels:           1  (LUT1=1)
  Clock Path Skew:        -0.039ns (DCD - SCD + CPR)
    Destination Clock Delay (DCD):    -1.489ns = ( 98.511 - 100.000 ) 
    Source Clock Delay      (SCD):    -0.888ns
    Clock Pessimism Removal (CPR):    0.562ns
  Clock Uncertainty:      0.140ns  ((TSJ^2 + DJ^2)^1/2) / 2 + PE
    Total System Jitter     (TSJ):    0.071ns
    Discrete Jitter          (DJ):    0.270ns
    Phase Error              (PE):    0.000ns

    Location             Delay type                Incr(ns)  Path(ns)    Netlist Resource(s)
  -------------------------------------------------------------------    -------------------
                         (clock clk_10Mhz_clk_mmcm_wiz_1 rise edge)
                                                      0.000     0.000 r  
    W5                                                0.000     0.000 r  clk (IN)
                         net (fo=0)                   0.000     0.000    clock_geni/clk_mmcm_wizi/inst/clk_in1
    W5                   IBUF (Prop_ibuf_I_O)         1.458     1.458 r  clock_geni/clk_mmcm_wizi/inst/clkin1_ibufg/O
                         net (fo=1, routed)           1.233     2.691    clock_geni/clk_mmcm_wizi/inst/clk_in1_clk_mmcm_wiz
    MMCME2_ADV_X1Y0      MMCME2_ADV (Prop_mmcme2_adv_CLKIN1_CLKOUT0)
                                                     -6.961    -4.269 r  clock_geni/clk_mmcm_wizi/inst/mmcm_adv_inst/CLKOUT0
                         net (fo=1, routed)           1.661    -2.608    clock_geni/clk_mmcm_wizi/inst/clk_10Mhz_clk_mmcm_wiz
    BUFGCTRL_X0Y0        BUFG (Prop_bufg_I_O)         0.096    -2.512 r  clock_geni/clk_mmcm_wizi/inst/clkout1_buf/O
                         net (fo=81, routed)          1.624    -0.888    clock_geni/clk_10Mhz
    SLICE_X62Y90         FDRE                                         r  clock_geni/locked_dd_reg/C
  -------------------------------------------------------------------    -------------------
    SLICE_X62Y90         FDRE (Prop_fdre_C_Q)         0.456    -0.432 r  clock_geni/locked_dd_reg/Q
                         net (fo=11, routed)          0.860     0.428    clock_geni/reset_n
    SLICE_X62Y90         LUT1 (Prop_lut1_I0_O)        0.124     0.552 f  clock_geni/disp_reg[3]_i_2/O
                         net (fo=28, routed)          0.950     1.503    seven_seg_segi/AR[0]
    SLICE_X59Y91         FDCE                                         f  seven_seg_segi/counter_reg[4]/CLR
  -------------------------------------------------------------------    -------------------

                         (clock clk_10Mhz_clk_mmcm_wiz_1 rise edge)
                                                    100.000   100.000 r  
    W5                                                0.000   100.000 r  clk (IN)
                         net (fo=0)                   0.000   100.000    clock_geni/clk_mmcm_wizi/inst/clk_in1
    W5                   IBUF (Prop_ibuf_I_O)         1.388   101.388 r  clock_geni/clk_mmcm_wizi/inst/clkin1_ibufg/O
                         net (fo=1, routed)           1.162   102.550    clock_geni/clk_mmcm_wizi/inst/clk_in1_clk_mmcm_wiz
    MMCME2_ADV_X1Y0      MMCME2_ADV (Prop_mmcme2_adv_CLKIN1_CLKOUT0)
                                                     -7.217    95.332 r  clock_geni/clk_mmcm_wizi/inst/mmcm_adv_inst/CLKOUT0
                         net (fo=1, routed)           1.581    96.914    clock_geni/clk_mmcm_wizi/inst/clk_10Mhz_clk_mmcm_wiz
    BUFGCTRL_X0Y0        BUFG (Prop_bufg_I_O)         0.091    97.005 r  clock_geni/clk_mmcm_wizi/inst/clkout1_buf/O
                         net (fo=81, routed)          1.507    98.511    seven_seg_segi/CLK
    SLICE_X59Y91         FDCE                                         r  seven_seg_segi/counter_reg[4]/C
                         clock pessimism              0.562    99.073    
                         clock uncertainty           -0.140    98.933    
    SLICE_X59Y91         FDCE (Recov_fdce_C_CLR)     -0.405    98.528    seven_seg_segi/counter_reg[4]
  -------------------------------------------------------------------
                         required time                         98.528    
                         arrival time                          -1.503    
  -------------------------------------------------------------------
                         slack                                 97.026    

Slack (MET) :             97.026ns  (required time - arrival time)
  Source:                 clock_geni/locked_dd_reg/C
                            (rising edge-triggered cell FDRE clocked by clk_10Mhz_clk_mmcm_wiz_1  {rise@0.000ns fall@50.000ns period=100.000ns})
  Destination:            seven_seg_segi/counter_reg[5]/CLR
                            (recovery check against rising-edge clock clk_10Mhz_clk_mmcm_wiz_1  {rise@0.000ns fall@50.000ns period=100.000ns})
  Path Group:             **async_default**
  Path Type:              Recovery (Max at Slow Process Corner)
  Requirement:            100.000ns  (clk_10Mhz_clk_mmcm_wiz_1 rise@100.000ns - clk_10Mhz_clk_mmcm_wiz_1 rise@0.000ns)
  Data Path Delay:        2.391ns  (logic 0.580ns (24.262%)  route 1.811ns (75.738%))
  Logic Levels:           1  (LUT1=1)
  Clock Path Skew:        -0.039ns (DCD - SCD + CPR)
    Destination Clock Delay (DCD):    -1.489ns = ( 98.511 - 100.000 ) 
    Source Clock Delay      (SCD):    -0.888ns
    Clock Pessimism Removal (CPR):    0.562ns
  Clock Uncertainty:      0.140ns  ((TSJ^2 + DJ^2)^1/2) / 2 + PE
    Total System Jitter     (TSJ):    0.071ns
    Discrete Jitter          (DJ):    0.270ns
    Phase Error              (PE):    0.000ns

    Location             Delay type                Incr(ns)  Path(ns)    Netlist Resource(s)
  -------------------------------------------------------------------    -------------------
                         (clock clk_10Mhz_clk_mmcm_wiz_1 rise edge)
                                                      0.000     0.000 r  
    W5                                                0.000     0.000 r  clk (IN)
                         net (fo=0)                   0.000     0.000    clock_geni/clk_mmcm_wizi/inst/clk_in1
    W5                   IBUF (Prop_ibuf_I_O)         1.458     1.458 r  clock_geni/clk_mmcm_wizi/inst/clkin1_ibufg/O
                         net (fo=1, routed)           1.233     2.691    clock_geni/clk_mmcm_wizi/inst/clk_in1_clk_mmcm_wiz
    MMCME2_ADV_X1Y0      MMCME2_ADV (Prop_mmcme2_adv_CLKIN1_CLKOUT0)
                                                     -6.961    -4.269 r  clock_geni/clk_mmcm_wizi/inst/mmcm_adv_inst/CLKOUT0
                         net (fo=1, routed)           1.661    -2.608    clock_geni/clk_mmcm_wizi/inst/clk_10Mhz_clk_mmcm_wiz
    BUFGCTRL_X0Y0        BUFG (Prop_bufg_I_O)         0.096    -2.512 r  clock_geni/clk_mmcm_wizi/inst/clkout1_buf/O
                         net (fo=81, routed)          1.624    -0.888    clock_geni/clk_10Mhz
    SLICE_X62Y90         FDRE                                         r  clock_geni/locked_dd_reg/C
  -------------------------------------------------------------------    -------------------
    SLICE_X62Y90         FDRE (Prop_fdre_C_Q)         0.456    -0.432 r  clock_geni/locked_dd_reg/Q
                         net (fo=11, routed)          0.860     0.428    clock_geni/reset_n
    SLICE_X62Y90         LUT1 (Prop_lut1_I0_O)        0.124     0.552 f  clock_geni/disp_reg[3]_i_2/O
                         net (fo=28, routed)          0.950     1.503    seven_seg_segi/AR[0]
    SLICE_X59Y91         FDCE                                         f  seven_seg_segi/counter_reg[5]/CLR
  -------------------------------------------------------------------    -------------------

                         (clock clk_10Mhz_clk_mmcm_wiz_1 rise edge)
                                                    100.000   100.000 r  
    W5                                                0.000   100.000 r  clk (IN)
                         net (fo=0)                   0.000   100.000    clock_geni/clk_mmcm_wizi/inst/clk_in1
    W5                   IBUF (Prop_ibuf_I_O)         1.388   101.388 r  clock_geni/clk_mmcm_wizi/inst/clkin1_ibufg/O
                         net (fo=1, routed)           1.162   102.550    clock_geni/clk_mmcm_wizi/inst/clk_in1_clk_mmcm_wiz
    MMCME2_ADV_X1Y0      MMCME2_ADV (Prop_mmcme2_adv_CLKIN1_CLKOUT0)
                                                     -7.217    95.332 r  clock_geni/clk_mmcm_wizi/inst/mmcm_adv_inst/CLKOUT0
                         net (fo=1, routed)           1.581    96.914    clock_geni/clk_mmcm_wizi/inst/clk_10Mhz_clk_mmcm_wiz
    BUFGCTRL_X0Y0        BUFG (Prop_bufg_I_O)         0.091    97.005 r  clock_geni/clk_mmcm_wizi/inst/clkout1_buf/O
                         net (fo=81, routed)          1.507    98.511    seven_seg_segi/CLK
    SLICE_X59Y91         FDCE                                         r  seven_seg_segi/counter_reg[5]/C
                         clock pessimism              0.562    99.073    
                         clock uncertainty           -0.140    98.933    
    SLICE_X59Y91         FDCE (Recov_fdce_C_CLR)     -0.405    98.528    seven_seg_segi/counter_reg[5]
  -------------------------------------------------------------------
                         required time                         98.528    
                         arrival time                          -1.503    
  -------------------------------------------------------------------
                         slack                                 97.026    

Slack (MET) :             97.032ns  (required time - arrival time)
  Source:                 clock_geni/locked_dd_reg/C
                            (rising edge-triggered cell FDRE clocked by clk_10Mhz_clk_mmcm_wiz_1  {rise@0.000ns fall@50.000ns period=100.000ns})
  Destination:            seven_seg_segi/counter_reg[10]/CLR
                            (recovery check against rising-edge clock clk_10Mhz_clk_mmcm_wiz_1  {rise@0.000ns fall@50.000ns period=100.000ns})
  Path Group:             **async_default**
  Path Type:              Recovery (Max at Slow Process Corner)
  Requirement:            100.000ns  (clk_10Mhz_clk_mmcm_wiz_1 rise@100.000ns - clk_10Mhz_clk_mmcm_wiz_1 rise@0.000ns)
  Data Path Delay:        2.385ns  (logic 0.580ns (24.317%)  route 1.805ns (75.683%))
  Logic Levels:           1  (LUT1=1)
  Clock Path Skew:        -0.038ns (DCD - SCD + CPR)
    Destination Clock Delay (DCD):    -1.488ns = ( 98.512 - 100.000 ) 
    Source Clock Delay      (SCD):    -0.888ns
    Clock Pessimism Removal (CPR):    0.562ns
  Clock Uncertainty:      0.140ns  ((TSJ^2 + DJ^2)^1/2) / 2 + PE
    Total System Jitter     (TSJ):    0.071ns
    Discrete Jitter          (DJ):    0.270ns
    Phase Error              (PE):    0.000ns

    Location             Delay type                Incr(ns)  Path(ns)    Netlist Resource(s)
  -------------------------------------------------------------------    -------------------
                         (clock clk_10Mhz_clk_mmcm_wiz_1 rise edge)
                                                      0.000     0.000 r  
    W5                                                0.000     0.000 r  clk (IN)
                         net (fo=0)                   0.000     0.000    clock_geni/clk_mmcm_wizi/inst/clk_in1
    W5                   IBUF (Prop_ibuf_I_O)         1.458     1.458 r  clock_geni/clk_mmcm_wizi/inst/clkin1_ibufg/O
                         net (fo=1, routed)           1.233     2.691    clock_geni/clk_mmcm_wizi/inst/clk_in1_clk_mmcm_wiz
    MMCME2_ADV_X1Y0      MMCME2_ADV (Prop_mmcme2_adv_CLKIN1_CLKOUT0)
                                                     -6.961    -4.269 r  clock_geni/clk_mmcm_wizi/inst/mmcm_adv_inst/CLKOUT0
                         net (fo=1, routed)           1.661    -2.608    clock_geni/clk_mmcm_wizi/inst/clk_10Mhz_clk_mmcm_wiz
    BUFGCTRL_X0Y0        BUFG (Prop_bufg_I_O)         0.096    -2.512 r  clock_geni/clk_mmcm_wizi/inst/clkout1_buf/O
                         net (fo=81, routed)          1.624    -0.888    clock_geni/clk_10Mhz
    SLICE_X62Y90         FDRE                                         r  clock_geni/locked_dd_reg/C
  -------------------------------------------------------------------    -------------------
    SLICE_X62Y90         FDRE (Prop_fdre_C_Q)         0.456    -0.432 r  clock_geni/locked_dd_reg/Q
                         net (fo=11, routed)          0.860     0.428    clock_geni/reset_n
    SLICE_X62Y90         LUT1 (Prop_lut1_I0_O)        0.124     0.552 f  clock_geni/disp_reg[3]_i_2/O
                         net (fo=28, routed)          0.945     1.497    seven_seg_segi/AR[0]
    SLICE_X59Y93         FDCE                                         f  seven_seg_segi/counter_reg[10]/CLR
  -------------------------------------------------------------------    -------------------

                         (clock clk_10Mhz_clk_mmcm_wiz_1 rise edge)
                                                    100.000   100.000 r  
    W5                                                0.000   100.000 r  clk (IN)
                         net (fo=0)                   0.000   100.000    clock_geni/clk_mmcm_wizi/inst/clk_in1
    W5                   IBUF (Prop_ibuf_I_O)         1.388   101.388 r  clock_geni/clk_mmcm_wizi/inst/clkin1_ibufg/O
                         net (fo=1, routed)           1.162   102.550    clock_geni/clk_mmcm_wizi/inst/clk_in1_clk_mmcm_wiz
    MMCME2_ADV_X1Y0      MMCME2_ADV (Prop_mmcme2_adv_CLKIN1_CLKOUT0)
                                                     -7.217    95.332 r  clock_geni/clk_mmcm_wizi/inst/mmcm_adv_inst/CLKOUT0
                         net (fo=1, routed)           1.581    96.914    clock_geni/clk_mmcm_wizi/inst/clk_10Mhz_clk_mmcm_wiz
    BUFGCTRL_X0Y0        BUFG (Prop_bufg_I_O)         0.091    97.005 r  clock_geni/clk_mmcm_wizi/inst/clkout1_buf/O
                         net (fo=81, routed)          1.508    98.512    seven_seg_segi/CLK
    SLICE_X59Y93         FDCE                                         r  seven_seg_segi/counter_reg[10]/C
                         clock pessimism              0.562    99.074    
                         clock uncertainty           -0.140    98.934    
    SLICE_X59Y93         FDCE (Recov_fdce_C_CLR)     -0.405    98.529    seven_seg_segi/counter_reg[10]
  -------------------------------------------------------------------
                         required time                         98.529    
                         arrival time                          -1.497    
  -------------------------------------------------------------------
                         slack                                 97.032    

Slack (MET) :             97.032ns  (required time - arrival time)
  Source:                 clock_geni/locked_dd_reg/C
                            (rising edge-triggered cell FDRE clocked by clk_10Mhz_clk_mmcm_wiz_1  {rise@0.000ns fall@50.000ns period=100.000ns})
  Destination:            seven_seg_segi/counter_reg[11]/CLR
                            (recovery check against rising-edge clock clk_10Mhz_clk_mmcm_wiz_1  {rise@0.000ns fall@50.000ns period=100.000ns})
  Path Group:             **async_default**
  Path Type:              Recovery (Max at Slow Process Corner)
  Requirement:            100.000ns  (clk_10Mhz_clk_mmcm_wiz_1 rise@100.000ns - clk_10Mhz_clk_mmcm_wiz_1 rise@0.000ns)
  Data Path Delay:        2.385ns  (logic 0.580ns (24.317%)  route 1.805ns (75.683%))
  Logic Levels:           1  (LUT1=1)
  Clock Path Skew:        -0.038ns (DCD - SCD + CPR)
    Destination Clock Delay (DCD):    -1.488ns = ( 98.512 - 100.000 ) 
    Source Clock Delay      (SCD):    -0.888ns
    Clock Pessimism Removal (CPR):    0.562ns
  Clock Uncertainty:      0.140ns  ((TSJ^2 + DJ^2)^1/2) / 2 + PE
    Total System Jitter     (TSJ):    0.071ns
    Discrete Jitter          (DJ):    0.270ns
    Phase Error              (PE):    0.000ns

    Location             Delay type                Incr(ns)  Path(ns)    Netlist Resource(s)
  -------------------------------------------------------------------    -------------------
                         (clock clk_10Mhz_clk_mmcm_wiz_1 rise edge)
                                                      0.000     0.000 r  
    W5                                                0.000     0.000 r  clk (IN)
                         net (fo=0)                   0.000     0.000    clock_geni/clk_mmcm_wizi/inst/clk_in1
    W5                   IBUF (Prop_ibuf_I_O)         1.458     1.458 r  clock_geni/clk_mmcm_wizi/inst/clkin1_ibufg/O
                         net (fo=1, routed)           1.233     2.691    clock_geni/clk_mmcm_wizi/inst/clk_in1_clk_mmcm_wiz
    MMCME2_ADV_X1Y0      MMCME2_ADV (Prop_mmcme2_adv_CLKIN1_CLKOUT0)
                                                     -6.961    -4.269 r  clock_geni/clk_mmcm_wizi/inst/mmcm_adv_inst/CLKOUT0
                         net (fo=1, routed)           1.661    -2.608    clock_geni/clk_mmcm_wizi/inst/clk_10Mhz_clk_mmcm_wiz
    BUFGCTRL_X0Y0        BUFG (Prop_bufg_I_O)         0.096    -2.512 r  clock_geni/clk_mmcm_wizi/inst/clkout1_buf/O
                         net (fo=81, routed)          1.624    -0.888    clock_geni/clk_10Mhz
    SLICE_X62Y90         FDRE                                         r  clock_geni/locked_dd_reg/C
  -------------------------------------------------------------------    -------------------
    SLICE_X62Y90         FDRE (Prop_fdre_C_Q)         0.456    -0.432 r  clock_geni/locked_dd_reg/Q
                         net (fo=11, routed)          0.860     0.428    clock_geni/reset_n
    SLICE_X62Y90         LUT1 (Prop_lut1_I0_O)        0.124     0.552 f  clock_geni/disp_reg[3]_i_2/O
                         net (fo=28, routed)          0.945     1.497    seven_seg_segi/AR[0]
    SLICE_X59Y93         FDCE                                         f  seven_seg_segi/counter_reg[11]/CLR
  -------------------------------------------------------------------    -------------------

                         (clock clk_10Mhz_clk_mmcm_wiz_1 rise edge)
                                                    100.000   100.000 r  
    W5                                                0.000   100.000 r  clk (IN)
                         net (fo=0)                   0.000   100.000    clock_geni/clk_mmcm_wizi/inst/clk_in1
    W5                   IBUF (Prop_ibuf_I_O)         1.388   101.388 r  clock_geni/clk_mmcm_wizi/inst/clkin1_ibufg/O
                         net (fo=1, routed)           1.162   102.550    clock_geni/clk_mmcm_wizi/inst/clk_in1_clk_mmcm_wiz
    MMCME2_ADV_X1Y0      MMCME2_ADV (Prop_mmcme2_adv_CLKIN1_CLKOUT0)
                                                     -7.217    95.332 r  clock_geni/clk_mmcm_wizi/inst/mmcm_adv_inst/CLKOUT0
                         net (fo=1, routed)           1.581    96.914    clock_geni/clk_mmcm_wizi/inst/clk_10Mhz_clk_mmcm_wiz
    BUFGCTRL_X0Y0        BUFG (Prop_bufg_I_O)         0.091    97.005 r  clock_geni/clk_mmcm_wizi/inst/clkout1_buf/O
                         net (fo=81, routed)          1.508    98.512    seven_seg_segi/CLK
    SLICE_X59Y93         FDCE                                         r  seven_seg_segi/counter_reg[11]/C
                         clock pessimism              0.562    99.074    
                         clock uncertainty           -0.140    98.934    
    SLICE_X59Y93         FDCE (Recov_fdce_C_CLR)     -0.405    98.529    seven_seg_segi/counter_reg[11]
  -------------------------------------------------------------------
                         required time                         98.529    
                         arrival time                          -1.497    
  -------------------------------------------------------------------
                         slack                                 97.032    





Min Delay Paths
--------------------------------------------------------------------------------------
Slack (MET) :             0.773ns  (arrival time - required time)
  Source:                 clock_geni/locked_dd_reg/C
                            (rising edge-triggered cell FDRE clocked by clk_10Mhz_clk_mmcm_wiz_1  {rise@0.000ns fall@50.000ns period=100.000ns})
  Destination:            seven_seg_segi/select_reg[1]/CLR
                            (removal check against rising-edge clock clk_10Mhz_clk_mmcm_wiz_1  {rise@0.000ns fall@50.000ns period=100.000ns})
  Path Group:             **async_default**
  Path Type:              Removal (Min at Fast Process Corner)
  Requirement:            0.000ns  (clk_10Mhz_clk_mmcm_wiz_1 rise@0.000ns - clk_10Mhz_clk_mmcm_wiz_1 rise@0.000ns)
  Data Path Delay:        0.697ns  (logic 0.186ns (26.669%)  route 0.511ns (73.331%))
  Logic Levels:           1  (LUT1=1)
  Clock Path Skew:        0.016ns (DCD - SCD - CPR)
    Destination Clock Delay (DCD):    -0.827ns
    Source Clock Delay      (SCD):    -0.589ns
    Clock Pessimism Removal (CPR):    -0.254ns

    Location             Delay type                Incr(ns)  Path(ns)    Netlist Resource(s)
  -------------------------------------------------------------------    -------------------
                         (clock clk_10Mhz_clk_mmcm_wiz_1 rise edge)
                                                      0.000     0.000 r  
    W5                                                0.000     0.000 r  clk (IN)
                         net (fo=0)                   0.000     0.000    clock_geni/clk_mmcm_wizi/inst/clk_in1
    W5                   IBUF (Prop_ibuf_I_O)         0.226     0.226 r  clock_geni/clk_mmcm_wizi/inst/clkin1_ibufg/O
                         net (fo=1, routed)           0.440     0.667    clock_geni/clk_mmcm_wizi/inst/clk_in1_clk_mmcm_wiz
    MMCME2_ADV_X1Y0      MMCME2_ADV (Prop_mmcme2_adv_CLKIN1_CLKOUT0)
                                                     -2.360    -1.693 r  clock_geni/clk_mmcm_wizi/inst/mmcm_adv_inst/CLKOUT0
                         net (fo=1, routed)           0.486    -1.207    clock_geni/clk_mmcm_wizi/inst/clk_10Mhz_clk_mmcm_wiz
    BUFGCTRL_X0Y0        BUFG (Prop_bufg_I_O)         0.026    -1.181 r  clock_geni/clk_mmcm_wizi/inst/clkout1_buf/O
                         net (fo=81, routed)          0.592    -0.589    clock_geni/clk_10Mhz
    SLICE_X62Y90         FDRE                                         r  clock_geni/locked_dd_reg/C
  -------------------------------------------------------------------    -------------------
    SLICE_X62Y90         FDRE (Prop_fdre_C_Q)         0.141    -0.448 r  clock_geni/locked_dd_reg/Q
                         net (fo=11, routed)          0.306    -0.142    clock_geni/reset_n
    SLICE_X62Y90         LUT1 (Prop_lut1_I0_O)        0.045    -0.097 f  clock_geni/disp_reg[3]_i_2/O
                         net (fo=28, routed)          0.205     0.108    seven_seg_segi/AR[0]
    SLICE_X62Y92         FDCE                                         f  seven_seg_segi/select_reg[1]/CLR
  -------------------------------------------------------------------    -------------------

                         (clock clk_10Mhz_clk_mmcm_wiz_1 rise edge)
                                                      0.000     0.000 r  
    W5                                                0.000     0.000 r  clk (IN)
                         net (fo=0)                   0.000     0.000    clock_geni/clk_mmcm_wizi/inst/clk_in1
    W5                   IBUF (Prop_ibuf_I_O)         0.414     0.414 r  clock_geni/clk_mmcm_wizi/inst/clkin1_ibufg/O
                         net (fo=1, routed)           0.480     0.894    clock_geni/clk_mmcm_wizi/inst/clk_in1_clk_mmcm_wiz
    MMCME2_ADV_X1Y0      MMCME2_ADV (Prop_mmcme2_adv_CLKIN1_CLKOUT0)
                                                     -3.142    -2.248 r  clock_geni/clk_mmcm_wizi/inst/mmcm_adv_inst/CLKOUT0
                         net (fo=1, routed)           0.530    -1.718    clock_geni/clk_mmcm_wizi/inst/clk_10Mhz_clk_mmcm_wiz
    BUFGCTRL_X0Y0        BUFG (Prop_bufg_I_O)         0.029    -1.689 r  clock_geni/clk_mmcm_wizi/inst/clkout1_buf/O
                         net (fo=81, routed)          0.862    -0.827    seven_seg_segi/CLK
    SLICE_X62Y92         FDCE                                         r  seven_seg_segi/select_reg[1]/C
                         clock pessimism              0.254    -0.573    
    SLICE_X62Y92         FDCE (Remov_fdce_C_CLR)     -0.092    -0.665    seven_seg_segi/select_reg[1]
  -------------------------------------------------------------------
                         required time                          0.665    
                         arrival time                           0.108    
  -------------------------------------------------------------------
                         slack                                  0.773    

Slack (MET) :             0.773ns  (arrival time - required time)
  Source:                 clock_geni/locked_dd_reg/C
                            (rising edge-triggered cell FDRE clocked by clk_10Mhz_clk_mmcm_wiz_1  {rise@0.000ns fall@50.000ns period=100.000ns})
  Destination:            seven_seg_segi/select_reg[2]/CLR
                            (removal check against rising-edge clock clk_10Mhz_clk_mmcm_wiz_1  {rise@0.000ns fall@50.000ns period=100.000ns})
  Path Group:             **async_default**
  Path Type:              Removal (Min at Fast Process Corner)
  Requirement:            0.000ns  (clk_10Mhz_clk_mmcm_wiz_1 rise@0.000ns - clk_10Mhz_clk_mmcm_wiz_1 rise@0.000ns)
  Data Path Delay:        0.697ns  (logic 0.186ns (26.669%)  route 0.511ns (73.331%))
  Logic Levels:           1  (LUT1=1)
  Clock Path Skew:        0.016ns (DCD - SCD - CPR)
    Destination Clock Delay (DCD):    -0.827ns
    Source Clock Delay      (SCD):    -0.589ns
    Clock Pessimism Removal (CPR):    -0.254ns

    Location             Delay type                Incr(ns)  Path(ns)    Netlist Resource(s)
  -------------------------------------------------------------------    -------------------
                         (clock clk_10Mhz_clk_mmcm_wiz_1 rise edge)
                                                      0.000     0.000 r  
    W5                                                0.000     0.000 r  clk (IN)
                         net (fo=0)                   0.000     0.000    clock_geni/clk_mmcm_wizi/inst/clk_in1
    W5                   IBUF (Prop_ibuf_I_O)         0.226     0.226 r  clock_geni/clk_mmcm_wizi/inst/clkin1_ibufg/O
                         net (fo=1, routed)           0.440     0.667    clock_geni/clk_mmcm_wizi/inst/clk_in1_clk_mmcm_wiz
    MMCME2_ADV_X1Y0      MMCME2_ADV (Prop_mmcme2_adv_CLKIN1_CLKOUT0)
                                                     -2.360    -1.693 r  clock_geni/clk_mmcm_wizi/inst/mmcm_adv_inst/CLKOUT0
                         net (fo=1, routed)           0.486    -1.207    clock_geni/clk_mmcm_wizi/inst/clk_10Mhz_clk_mmcm_wiz
    BUFGCTRL_X0Y0        BUFG (Prop_bufg_I_O)         0.026    -1.181 r  clock_geni/clk_mmcm_wizi/inst/clkout1_buf/O
                         net (fo=81, routed)          0.592    -0.589    clock_geni/clk_10Mhz
    SLICE_X62Y90         FDRE                                         r  clock_geni/locked_dd_reg/C
  -------------------------------------------------------------------    -------------------
    SLICE_X62Y90         FDRE (Prop_fdre_C_Q)         0.141    -0.448 r  clock_geni/locked_dd_reg/Q
                         net (fo=11, routed)          0.306    -0.142    clock_geni/reset_n
    SLICE_X62Y90         LUT1 (Prop_lut1_I0_O)        0.045    -0.097 f  clock_geni/disp_reg[3]_i_2/O
                         net (fo=28, routed)          0.205     0.108    seven_seg_segi/AR[0]
    SLICE_X62Y92         FDCE                                         f  seven_seg_segi/select_reg[2]/CLR
  -------------------------------------------------------------------    -------------------

                         (clock clk_10Mhz_clk_mmcm_wiz_1 rise edge)
                                                      0.000     0.000 r  
    W5                                                0.000     0.000 r  clk (IN)
                         net (fo=0)                   0.000     0.000    clock_geni/clk_mmcm_wizi/inst/clk_in1
    W5                   IBUF (Prop_ibuf_I_O)         0.414     0.414 r  clock_geni/clk_mmcm_wizi/inst/clkin1_ibufg/O
                         net (fo=1, routed)           0.480     0.894    clock_geni/clk_mmcm_wizi/inst/clk_in1_clk_mmcm_wiz
    MMCME2_ADV_X1Y0      MMCME2_ADV (Prop_mmcme2_adv_CLKIN1_CLKOUT0)
                                                     -3.142    -2.248 r  clock_geni/clk_mmcm_wizi/inst/mmcm_adv_inst/CLKOUT0
                         net (fo=1, routed)           0.530    -1.718    clock_geni/clk_mmcm_wizi/inst/clk_10Mhz_clk_mmcm_wiz
    BUFGCTRL_X0Y0        BUFG (Prop_bufg_I_O)         0.029    -1.689 r  clock_geni/clk_mmcm_wizi/inst/clkout1_buf/O
                         net (fo=81, routed)          0.862    -0.827    seven_seg_segi/CLK
    SLICE_X62Y92         FDCE                                         r  seven_seg_segi/select_reg[2]/C
                         clock pessimism              0.254    -0.573    
    SLICE_X62Y92         FDCE (Remov_fdce_C_CLR)     -0.092    -0.665    seven_seg_segi/select_reg[2]
  -------------------------------------------------------------------
                         required time                          0.665    
                         arrival time                           0.108    
  -------------------------------------------------------------------
                         slack                                  0.773    

Slack (MET) :             0.773ns  (arrival time - required time)
  Source:                 clock_geni/locked_dd_reg/C
                            (rising edge-triggered cell FDRE clocked by clk_10Mhz_clk_mmcm_wiz_1  {rise@0.000ns fall@50.000ns period=100.000ns})
  Destination:            seven_seg_segi/select_reg[3]/CLR
                            (removal check against rising-edge clock clk_10Mhz_clk_mmcm_wiz_1  {rise@0.000ns fall@50.000ns period=100.000ns})
  Path Group:             **async_default**
  Path Type:              Removal (Min at Fast Process Corner)
  Requirement:            0.000ns  (clk_10Mhz_clk_mmcm_wiz_1 rise@0.000ns - clk_10Mhz_clk_mmcm_wiz_1 rise@0.000ns)
  Data Path Delay:        0.697ns  (logic 0.186ns (26.669%)  route 0.511ns (73.331%))
  Logic Levels:           1  (LUT1=1)
  Clock Path Skew:        0.016ns (DCD - SCD - CPR)
    Destination Clock Delay (DCD):    -0.827ns
    Source Clock Delay      (SCD):    -0.589ns
    Clock Pessimism Removal (CPR):    -0.254ns

    Location             Delay type                Incr(ns)  Path(ns)    Netlist Resource(s)
  -------------------------------------------------------------------    -------------------
                         (clock clk_10Mhz_clk_mmcm_wiz_1 rise edge)
                                                      0.000     0.000 r  
    W5                                                0.000     0.000 r  clk (IN)
                         net (fo=0)                   0.000     0.000    clock_geni/clk_mmcm_wizi/inst/clk_in1
    W5                   IBUF (Prop_ibuf_I_O)         0.226     0.226 r  clock_geni/clk_mmcm_wizi/inst/clkin1_ibufg/O
                         net (fo=1, routed)           0.440     0.667    clock_geni/clk_mmcm_wizi/inst/clk_in1_clk_mmcm_wiz
    MMCME2_ADV_X1Y0      MMCME2_ADV (Prop_mmcme2_adv_CLKIN1_CLKOUT0)
                                                     -2.360    -1.693 r  clock_geni/clk_mmcm_wizi/inst/mmcm_adv_inst/CLKOUT0
                         net (fo=1, routed)           0.486    -1.207    clock_geni/clk_mmcm_wizi/inst/clk_10Mhz_clk_mmcm_wiz
    BUFGCTRL_X0Y0        BUFG (Prop_bufg_I_O)         0.026    -1.181 r  clock_geni/clk_mmcm_wizi/inst/clkout1_buf/O
                         net (fo=81, routed)          0.592    -0.589    clock_geni/clk_10Mhz
    SLICE_X62Y90         FDRE                                         r  clock_geni/locked_dd_reg/C
  -------------------------------------------------------------------    -------------------
    SLICE_X62Y90         FDRE (Prop_fdre_C_Q)         0.141    -0.448 r  clock_geni/locked_dd_reg/Q
                         net (fo=11, routed)          0.306    -0.142    clock_geni/reset_n
    SLICE_X62Y90         LUT1 (Prop_lut1_I0_O)        0.045    -0.097 f  clock_geni/disp_reg[3]_i_2/O
                         net (fo=28, routed)          0.205     0.108    seven_seg_segi/AR[0]
    SLICE_X62Y92         FDCE                                         f  seven_seg_segi/select_reg[3]/CLR
  -------------------------------------------------------------------    -------------------

                         (clock clk_10Mhz_clk_mmcm_wiz_1 rise edge)
                                                      0.000     0.000 r  
    W5                                                0.000     0.000 r  clk (IN)
                         net (fo=0)                   0.000     0.000    clock_geni/clk_mmcm_wizi/inst/clk_in1
    W5                   IBUF (Prop_ibuf_I_O)         0.414     0.414 r  clock_geni/clk_mmcm_wizi/inst/clkin1_ibufg/O
                         net (fo=1, routed)           0.480     0.894    clock_geni/clk_mmcm_wizi/inst/clk_in1_clk_mmcm_wiz
    MMCME2_ADV_X1Y0      MMCME2_ADV (Prop_mmcme2_adv_CLKIN1_CLKOUT0)
                                                     -3.142    -2.248 r  clock_geni/clk_mmcm_wizi/inst/mmcm_adv_inst/CLKOUT0
                         net (fo=1, routed)           0.530    -1.718    clock_geni/clk_mmcm_wizi/inst/clk_10Mhz_clk_mmcm_wiz
    BUFGCTRL_X0Y0        BUFG (Prop_bufg_I_O)         0.029    -1.689 r  clock_geni/clk_mmcm_wizi/inst/clkout1_buf/O
                         net (fo=81, routed)          0.862    -0.827    seven_seg_segi/CLK
    SLICE_X62Y92         FDCE                                         r  seven_seg_segi/select_reg[3]/C
                         clock pessimism              0.254    -0.573    
    SLICE_X62Y92         FDCE (Remov_fdce_C_CLR)     -0.092    -0.665    seven_seg_segi/select_reg[3]
  -------------------------------------------------------------------
                         required time                          0.665    
                         arrival time                           0.108    
  -------------------------------------------------------------------
                         slack                                  0.773    

Slack (MET) :             0.776ns  (arrival time - required time)
  Source:                 clock_geni/locked_dd_reg/C
                            (rising edge-triggered cell FDRE clocked by clk_10Mhz_clk_mmcm_wiz_1  {rise@0.000ns fall@50.000ns period=100.000ns})
  Destination:            seven_seg_segi/select_reg[0]/PRE
                            (removal check against rising-edge clock clk_10Mhz_clk_mmcm_wiz_1  {rise@0.000ns fall@50.000ns period=100.000ns})
  Path Group:             **async_default**
  Path Type:              Removal (Min at Fast Process Corner)
  Requirement:            0.000ns  (clk_10Mhz_clk_mmcm_wiz_1 rise@0.000ns - clk_10Mhz_clk_mmcm_wiz_1 rise@0.000ns)
  Data Path Delay:        0.697ns  (logic 0.186ns (26.669%)  route 0.511ns (73.331%))
  Logic Levels:           1  (LUT1=1)
  Clock Path Skew:        0.016ns (DCD - SCD - CPR)
    Destination Clock Delay (DCD):    -0.827ns
    Source Clock Delay      (SCD):    -0.589ns
    Clock Pessimism Removal (CPR):    -0.254ns

    Location             Delay type                Incr(ns)  Path(ns)    Netlist Resource(s)
  -------------------------------------------------------------------    -------------------
                         (clock clk_10Mhz_clk_mmcm_wiz_1 rise edge)
                                                      0.000     0.000 r  
    W5                                                0.000     0.000 r  clk (IN)
                         net (fo=0)                   0.000     0.000    clock_geni/clk_mmcm_wizi/inst/clk_in1
    W5                   IBUF (Prop_ibuf_I_O)         0.226     0.226 r  clock_geni/clk_mmcm_wizi/inst/clkin1_ibufg/O
                         net (fo=1, routed)           0.440     0.667    clock_geni/clk_mmcm_wizi/inst/clk_in1_clk_mmcm_wiz
    MMCME2_ADV_X1Y0      MMCME2_ADV (Prop_mmcme2_adv_CLKIN1_CLKOUT0)
                                                     -2.360    -1.693 r  clock_geni/clk_mmcm_wizi/inst/mmcm_adv_inst/CLKOUT0
                         net (fo=1, routed)           0.486    -1.207    clock_geni/clk_mmcm_wizi/inst/clk_10Mhz_clk_mmcm_wiz
    BUFGCTRL_X0Y0        BUFG (Prop_bufg_I_O)         0.026    -1.181 r  clock_geni/clk_mmcm_wizi/inst/clkout1_buf/O
                         net (fo=81, routed)          0.592    -0.589    clock_geni/clk_10Mhz
    SLICE_X62Y90         FDRE                                         r  clock_geni/locked_dd_reg/C
  -------------------------------------------------------------------    -------------------
    SLICE_X62Y90         FDRE (Prop_fdre_C_Q)         0.141    -0.448 r  clock_geni/locked_dd_reg/Q
                         net (fo=11, routed)          0.306    -0.142    clock_geni/reset_n
    SLICE_X62Y90         LUT1 (Prop_lut1_I0_O)        0.045    -0.097 f  clock_geni/disp_reg[3]_i_2/O
                         net (fo=28, routed)          0.205     0.108    seven_seg_segi/AR[0]
    SLICE_X62Y92         FDPE                                         f  seven_seg_segi/select_reg[0]/PRE
  -------------------------------------------------------------------    -------------------

                         (clock clk_10Mhz_clk_mmcm_wiz_1 rise edge)
                                                      0.000     0.000 r  
    W5                                                0.000     0.000 r  clk (IN)
                         net (fo=0)                   0.000     0.000    clock_geni/clk_mmcm_wizi/inst/clk_in1
    W5                   IBUF (Prop_ibuf_I_O)         0.414     0.414 r  clock_geni/clk_mmcm_wizi/inst/clkin1_ibufg/O
                         net (fo=1, routed)           0.480     0.894    clock_geni/clk_mmcm_wizi/inst/clk_in1_clk_mmcm_wiz
    MMCME2_ADV_X1Y0      MMCME2_ADV (Prop_mmcme2_adv_CLKIN1_CLKOUT0)
                                                     -3.142    -2.248 r  clock_geni/clk_mmcm_wizi/inst/mmcm_adv_inst/CLKOUT0
                         net (fo=1, routed)           0.530    -1.718    clock_geni/clk_mmcm_wizi/inst/clk_10Mhz_clk_mmcm_wiz
    BUFGCTRL_X0Y0        BUFG (Prop_bufg_I_O)         0.029    -1.689 r  clock_geni/clk_mmcm_wizi/inst/clkout1_buf/O
                         net (fo=81, routed)          0.862    -0.827    seven_seg_segi/CLK
    SLICE_X62Y92         FDPE                                         r  seven_seg_segi/select_reg[0]/C
                         clock pessimism              0.254    -0.573    
    SLICE_X62Y92         FDPE (Remov_fdpe_C_PRE)     -0.095    -0.668    seven_seg_segi/select_reg[0]
  -------------------------------------------------------------------
                         required time                          0.668    
                         arrival time                           0.108    
  -------------------------------------------------------------------
                         slack                                  0.776    

Slack (MET) :             0.877ns  (arrival time - required time)
  Source:                 clock_geni/locked_dd_reg/C
                            (rising edge-triggered cell FDRE clocked by clk_10Mhz_clk_mmcm_wiz_1  {rise@0.000ns fall@50.000ns period=100.000ns})
  Destination:            seven_seg_segi/counter_reg[0]/CLR
                            (removal check against rising-edge clock clk_10Mhz_clk_mmcm_wiz_1  {rise@0.000ns fall@50.000ns period=100.000ns})
  Path Group:             **async_default**
  Path Type:              Removal (Min at Fast Process Corner)
  Requirement:            0.000ns  (clk_10Mhz_clk_mmcm_wiz_1 rise@0.000ns - clk_10Mhz_clk_mmcm_wiz_1 rise@0.000ns)
  Data Path Delay:        0.820ns  (logic 0.186ns (22.676%)  route 0.634ns (77.324%))
  Logic Levels:           1  (LUT1=1)
  Clock Path Skew:        0.035ns (DCD - SCD - CPR)
    Destination Clock Delay (DCD):    -0.829ns
    Source Clock Delay      (SCD):    -0.589ns
    Clock Pessimism Removal (CPR):    -0.275ns

    Location             Delay type                Incr(ns)  Path(ns)    Netlist Resource(s)
  -------------------------------------------------------------------    -------------------
                         (clock clk_10Mhz_clk_mmcm_wiz_1 rise edge)
                                                      0.000     0.000 r  
    W5                                                0.000     0.000 r  clk (IN)
                         net (fo=0)                   0.000     0.000    clock_geni/clk_mmcm_wizi/inst/clk_in1
    W5                   IBUF (Prop_ibuf_I_O)         0.226     0.226 r  clock_geni/clk_mmcm_wizi/inst/clkin1_ibufg/O
                         net (fo=1, routed)           0.440     0.667    clock_geni/clk_mmcm_wizi/inst/clk_in1_clk_mmcm_wiz
    MMCME2_ADV_X1Y0      MMCME2_ADV (Prop_mmcme2_adv_CLKIN1_CLKOUT0)
                                                     -2.360    -1.693 r  clock_geni/clk_mmcm_wizi/inst/mmcm_adv_inst/CLKOUT0
                         net (fo=1, routed)           0.486    -1.207    clock_geni/clk_mmcm_wizi/inst/clk_10Mhz_clk_mmcm_wiz
    BUFGCTRL_X0Y0        BUFG (Prop_bufg_I_O)         0.026    -1.181 r  clock_geni/clk_mmcm_wizi/inst/clkout1_buf/O
                         net (fo=81, routed)          0.592    -0.589    clock_geni/clk_10Mhz
    SLICE_X62Y90         FDRE                                         r  clock_geni/locked_dd_reg/C
  -------------------------------------------------------------------    -------------------
    SLICE_X62Y90         FDRE (Prop_fdre_C_Q)         0.141    -0.448 r  clock_geni/locked_dd_reg/Q
                         net (fo=11, routed)          0.306    -0.142    clock_geni/reset_n
    SLICE_X62Y90         LUT1 (Prop_lut1_I0_O)        0.045    -0.097 f  clock_geni/disp_reg[3]_i_2/O
                         net (fo=28, routed)          0.328     0.231    seven_seg_segi/AR[0]
    SLICE_X59Y90         FDCE                                         f  seven_seg_segi/counter_reg[0]/CLR
  -------------------------------------------------------------------    -------------------

                         (clock clk_10Mhz_clk_mmcm_wiz_1 rise edge)
                                                      0.000     0.000 r  
    W5                                                0.000     0.000 r  clk (IN)
                         net (fo=0)                   0.000     0.000    clock_geni/clk_mmcm_wizi/inst/clk_in1
    W5                   IBUF (Prop_ibuf_I_O)         0.414     0.414 r  clock_geni/clk_mmcm_wizi/inst/clkin1_ibufg/O
                         net (fo=1, routed)           0.480     0.894    clock_geni/clk_mmcm_wizi/inst/clk_in1_clk_mmcm_wiz
    MMCME2_ADV_X1Y0      MMCME2_ADV (Prop_mmcme2_adv_CLKIN1_CLKOUT0)
                                                     -3.142    -2.248 r  clock_geni/clk_mmcm_wizi/inst/mmcm_adv_inst/CLKOUT0
                         net (fo=1, routed)           0.530    -1.718    clock_geni/clk_mmcm_wizi/inst/clk_10Mhz_clk_mmcm_wiz
    BUFGCTRL_X0Y0        BUFG (Prop_bufg_I_O)         0.029    -1.689 r  clock_geni/clk_mmcm_wizi/inst/clkout1_buf/O
                         net (fo=81, routed)          0.860    -0.829    seven_seg_segi/CLK
    SLICE_X59Y90         FDCE                                         r  seven_seg_segi/counter_reg[0]/C
                         clock pessimism              0.275    -0.554    
    SLICE_X59Y90         FDCE (Remov_fdce_C_CLR)     -0.092    -0.646    seven_seg_segi/counter_reg[0]
  -------------------------------------------------------------------
                         required time                          0.646    
                         arrival time                           0.231    
  -------------------------------------------------------------------
                         slack                                  0.877    

Slack (MET) :             0.877ns  (arrival time - required time)
  Source:                 clock_geni/locked_dd_reg/C
                            (rising edge-triggered cell FDRE clocked by clk_10Mhz_clk_mmcm_wiz_1  {rise@0.000ns fall@50.000ns period=100.000ns})
  Destination:            seven_seg_segi/counter_reg[1]/CLR
                            (removal check against rising-edge clock clk_10Mhz_clk_mmcm_wiz_1  {rise@0.000ns fall@50.000ns period=100.000ns})
  Path Group:             **async_default**
  Path Type:              Removal (Min at Fast Process Corner)
  Requirement:            0.000ns  (clk_10Mhz_clk_mmcm_wiz_1 rise@0.000ns - clk_10Mhz_clk_mmcm_wiz_1 rise@0.000ns)
  Data Path Delay:        0.820ns  (logic 0.186ns (22.676%)  route 0.634ns (77.324%))
  Logic Levels:           1  (LUT1=1)
  Clock Path Skew:        0.035ns (DCD - SCD - CPR)
    Destination Clock Delay (DCD):    -0.829ns
    Source Clock Delay      (SCD):    -0.589ns
    Clock Pessimism Removal (CPR):    -0.275ns

    Location             Delay type                Incr(ns)  Path(ns)    Netlist Resource(s)
  -------------------------------------------------------------------    -------------------
                         (clock clk_10Mhz_clk_mmcm_wiz_1 rise edge)
                                                      0.000     0.000 r  
    W5                                                0.000     0.000 r  clk (IN)
                         net (fo=0)                   0.000     0.000    clock_geni/clk_mmcm_wizi/inst/clk_in1
    W5                   IBUF (Prop_ibuf_I_O)         0.226     0.226 r  clock_geni/clk_mmcm_wizi/inst/clkin1_ibufg/O
                         net (fo=1, routed)           0.440     0.667    clock_geni/clk_mmcm_wizi/inst/clk_in1_clk_mmcm_wiz
    MMCME2_ADV_X1Y0      MMCME2_ADV (Prop_mmcme2_adv_CLKIN1_CLKOUT0)
                                                     -2.360    -1.693 r  clock_geni/clk_mmcm_wizi/inst/mmcm_adv_inst/CLKOUT0
                         net (fo=1, routed)           0.486    -1.207    clock_geni/clk_mmcm_wizi/inst/clk_10Mhz_clk_mmcm_wiz
    BUFGCTRL_X0Y0        BUFG (Prop_bufg_I_O)         0.026    -1.181 r  clock_geni/clk_mmcm_wizi/inst/clkout1_buf/O
                         net (fo=81, routed)          0.592    -0.589    clock_geni/clk_10Mhz
    SLICE_X62Y90         FDRE                                         r  clock_geni/locked_dd_reg/C
  -------------------------------------------------------------------    -------------------
    SLICE_X62Y90         FDRE (Prop_fdre_C_Q)         0.141    -0.448 r  clock_geni/locked_dd_reg/Q
                         net (fo=11, routed)          0.306    -0.142    clock_geni/reset_n
    SLICE_X62Y90         LUT1 (Prop_lut1_I0_O)        0.045    -0.097 f  clock_geni/disp_reg[3]_i_2/O
                         net (fo=28, routed)          0.328     0.231    seven_seg_segi/AR[0]
    SLICE_X59Y90         FDCE                                         f  seven_seg_segi/counter_reg[1]/CLR
  -------------------------------------------------------------------    -------------------

                         (clock clk_10Mhz_clk_mmcm_wiz_1 rise edge)
                                                      0.000     0.000 r  
    W5                                                0.000     0.000 r  clk (IN)
                         net (fo=0)                   0.000     0.000    clock_geni/clk_mmcm_wizi/inst/clk_in1
    W5                   IBUF (Prop_ibuf_I_O)         0.414     0.414 r  clock_geni/clk_mmcm_wizi/inst/clkin1_ibufg/O
                         net (fo=1, routed)           0.480     0.894    clock_geni/clk_mmcm_wizi/inst/clk_in1_clk_mmcm_wiz
    MMCME2_ADV_X1Y0      MMCME2_ADV (Prop_mmcme2_adv_CLKIN1_CLKOUT0)
                                                     -3.142    -2.248 r  clock_geni/clk_mmcm_wizi/inst/mmcm_adv_inst/CLKOUT0
                         net (fo=1, routed)           0.530    -1.718    clock_geni/clk_mmcm_wizi/inst/clk_10Mhz_clk_mmcm_wiz
    BUFGCTRL_X0Y0        BUFG (Prop_bufg_I_O)         0.029    -1.689 r  clock_geni/clk_mmcm_wizi/inst/clkout1_buf/O
                         net (fo=81, routed)          0.860    -0.829    seven_seg_segi/CLK
    SLICE_X59Y90         FDCE                                         r  seven_seg_segi/counter_reg[1]/C
                         clock pessimism              0.275    -0.554    
    SLICE_X59Y90         FDCE (Remov_fdce_C_CLR)     -0.092    -0.646    seven_seg_segi/counter_reg[1]
  -------------------------------------------------------------------
                         required time                          0.646    
                         arrival time                           0.231    
  -------------------------------------------------------------------
                         slack                                  0.877    

Slack (MET) :             0.877ns  (arrival time - required time)
  Source:                 clock_geni/locked_dd_reg/C
                            (rising edge-triggered cell FDRE clocked by clk_10Mhz_clk_mmcm_wiz_1  {rise@0.000ns fall@50.000ns period=100.000ns})
  Destination:            seven_seg_segi/counter_reg[2]/CLR
                            (removal check against rising-edge clock clk_10Mhz_clk_mmcm_wiz_1  {rise@0.000ns fall@50.000ns period=100.000ns})
  Path Group:             **async_default**
  Path Type:              Removal (Min at Fast Process Corner)
  Requirement:            0.000ns  (clk_10Mhz_clk_mmcm_wiz_1 rise@0.000ns - clk_10Mhz_clk_mmcm_wiz_1 rise@0.000ns)
  Data Path Delay:        0.820ns  (logic 0.186ns (22.676%)  route 0.634ns (77.324%))
  Logic Levels:           1  (LUT1=1)
  Clock Path Skew:        0.035ns (DCD - SCD - CPR)
    Destination Clock Delay (DCD):    -0.829ns
    Source Clock Delay      (SCD):    -0.589ns
    Clock Pessimism Removal (CPR):    -0.275ns

    Location             Delay type                Incr(ns)  Path(ns)    Netlist Resource(s)
  -------------------------------------------------------------------    -------------------
                         (clock clk_10Mhz_clk_mmcm_wiz_1 rise edge)
                                                      0.000     0.000 r  
    W5                                                0.000     0.000 r  clk (IN)
                         net (fo=0)                   0.000     0.000    clock_geni/clk_mmcm_wizi/inst/clk_in1
    W5                   IBUF (Prop_ibuf_I_O)         0.226     0.226 r  clock_geni/clk_mmcm_wizi/inst/clkin1_ibufg/O
                         net (fo=1, routed)           0.440     0.667    clock_geni/clk_mmcm_wizi/inst/clk_in1_clk_mmcm_wiz
    MMCME2_ADV_X1Y0      MMCME2_ADV (Prop_mmcme2_adv_CLKIN1_CLKOUT0)
                                                     -2.360    -1.693 r  clock_geni/clk_mmcm_wizi/inst/mmcm_adv_inst/CLKOUT0
                         net (fo=1, routed)           0.486    -1.207    clock_geni/clk_mmcm_wizi/inst/clk_10Mhz_clk_mmcm_wiz
    BUFGCTRL_X0Y0        BUFG (Prop_bufg_I_O)         0.026    -1.181 r  clock_geni/clk_mmcm_wizi/inst/clkout1_buf/O
                         net (fo=81, routed)          0.592    -0.589    clock_geni/clk_10Mhz
    SLICE_X62Y90         FDRE                                         r  clock_geni/locked_dd_reg/C
  -------------------------------------------------------------------    -------------------
    SLICE_X62Y90         FDRE (Prop_fdre_C_Q)         0.141    -0.448 r  clock_geni/locked_dd_reg/Q
                         net (fo=11, routed)          0.306    -0.142    clock_geni/reset_n
    SLICE_X62Y90         LUT1 (Prop_lut1_I0_O)        0.045    -0.097 f  clock_geni/disp_reg[3]_i_2/O
                         net (fo=28, routed)          0.328     0.231    seven_seg_segi/AR[0]
    SLICE_X59Y90         FDCE                                         f  seven_seg_segi/counter_reg[2]/CLR
  -------------------------------------------------------------------    -------------------

                         (clock clk_10Mhz_clk_mmcm_wiz_1 rise edge)
                                                      0.000     0.000 r  
    W5                                                0.000     0.000 r  clk (IN)
                         net (fo=0)                   0.000     0.000    clock_geni/clk_mmcm_wizi/inst/clk_in1
    W5                   IBUF (Prop_ibuf_I_O)         0.414     0.414 r  clock_geni/clk_mmcm_wizi/inst/clkin1_ibufg/O
                         net (fo=1, routed)           0.480     0.894    clock_geni/clk_mmcm_wizi/inst/clk_in1_clk_mmcm_wiz
    MMCME2_ADV_X1Y0      MMCME2_ADV (Prop_mmcme2_adv_CLKIN1_CLKOUT0)
                                                     -3.142    -2.248 r  clock_geni/clk_mmcm_wizi/inst/mmcm_adv_inst/CLKOUT0
                         net (fo=1, routed)           0.530    -1.718    clock_geni/clk_mmcm_wizi/inst/clk_10Mhz_clk_mmcm_wiz
    BUFGCTRL_X0Y0        BUFG (Prop_bufg_I_O)         0.029    -1.689 r  clock_geni/clk_mmcm_wizi/inst/clkout1_buf/O
                         net (fo=81, routed)          0.860    -0.829    seven_seg_segi/CLK
    SLICE_X59Y90         FDCE                                         r  seven_seg_segi/counter_reg[2]/C
                         clock pessimism              0.275    -0.554    
    SLICE_X59Y90         FDCE (Remov_fdce_C_CLR)     -0.092    -0.646    seven_seg_segi/counter_reg[2]
  -------------------------------------------------------------------
                         required time                          0.646    
                         arrival time                           0.231    
  -------------------------------------------------------------------
                         slack                                  0.877    

Slack (MET) :             0.877ns  (arrival time - required time)
  Source:                 clock_geni/locked_dd_reg/C
                            (rising edge-triggered cell FDRE clocked by clk_10Mhz_clk_mmcm_wiz_1  {rise@0.000ns fall@50.000ns period=100.000ns})
  Destination:            seven_seg_segi/counter_reg[3]/CLR
                            (removal check against rising-edge clock clk_10Mhz_clk_mmcm_wiz_1  {rise@0.000ns fall@50.000ns period=100.000ns})
  Path Group:             **async_default**
  Path Type:              Removal (Min at Fast Process Corner)
  Requirement:            0.000ns  (clk_10Mhz_clk_mmcm_wiz_1 rise@0.000ns - clk_10Mhz_clk_mmcm_wiz_1 rise@0.000ns)
  Data Path Delay:        0.820ns  (logic 0.186ns (22.676%)  route 0.634ns (77.324%))
  Logic Levels:           1  (LUT1=1)
  Clock Path Skew:        0.035ns (DCD - SCD - CPR)
    Destination Clock Delay (DCD):    -0.829ns
    Source Clock Delay      (SCD):    -0.589ns
    Clock Pessimism Removal (CPR):    -0.275ns

    Location             Delay type                Incr(ns)  Path(ns)    Netlist Resource(s)
  -------------------------------------------------------------------    -------------------
                         (clock clk_10Mhz_clk_mmcm_wiz_1 rise edge)
                                                      0.000     0.000 r  
    W5                                                0.000     0.000 r  clk (IN)
                         net (fo=0)                   0.000     0.000    clock_geni/clk_mmcm_wizi/inst/clk_in1
    W5                   IBUF (Prop_ibuf_I_O)         0.226     0.226 r  clock_geni/clk_mmcm_wizi/inst/clkin1_ibufg/O
                         net (fo=1, routed)           0.440     0.667    clock_geni/clk_mmcm_wizi/inst/clk_in1_clk_mmcm_wiz
    MMCME2_ADV_X1Y0      MMCME2_ADV (Prop_mmcme2_adv_CLKIN1_CLKOUT0)
                                                     -2.360    -1.693 r  clock_geni/clk_mmcm_wizi/inst/mmcm_adv_inst/CLKOUT0
                         net (fo=1, routed)           0.486    -1.207    clock_geni/clk_mmcm_wizi/inst/clk_10Mhz_clk_mmcm_wiz
    BUFGCTRL_X0Y0        BUFG (Prop_bufg_I_O)         0.026    -1.181 r  clock_geni/clk_mmcm_wizi/inst/clkout1_buf/O
                         net (fo=81, routed)          0.592    -0.589    clock_geni/clk_10Mhz
    SLICE_X62Y90         FDRE                                         r  clock_geni/locked_dd_reg/C
  -------------------------------------------------------------------    -------------------
    SLICE_X62Y90         FDRE (Prop_fdre_C_Q)         0.141    -0.448 r  clock_geni/locked_dd_reg/Q
                         net (fo=11, routed)          0.306    -0.142    clock_geni/reset_n
    SLICE_X62Y90         LUT1 (Prop_lut1_I0_O)        0.045    -0.097 f  clock_geni/disp_reg[3]_i_2/O
                         net (fo=28, routed)          0.328     0.231    seven_seg_segi/AR[0]
    SLICE_X59Y90         FDCE                                         f  seven_seg_segi/counter_reg[3]/CLR
  -------------------------------------------------------------------    -------------------

                         (clock clk_10Mhz_clk_mmcm_wiz_1 rise edge)
                                                      0.000     0.000 r  
    W5                                                0.000     0.000 r  clk (IN)
                         net (fo=0)                   0.000     0.000    clock_geni/clk_mmcm_wizi/inst/clk_in1
    W5                   IBUF (Prop_ibuf_I_O)         0.414     0.414 r  clock_geni/clk_mmcm_wizi/inst/clkin1_ibufg/O
                         net (fo=1, routed)           0.480     0.894    clock_geni/clk_mmcm_wizi/inst/clk_in1_clk_mmcm_wiz
    MMCME2_ADV_X1Y0      MMCME2_ADV (Prop_mmcme2_adv_CLKIN1_CLKOUT0)
                                                     -3.142    -2.248 r  clock_geni/clk_mmcm_wizi/inst/mmcm_adv_inst/CLKOUT0
                         net (fo=1, routed)           0.530    -1.718    clock_geni/clk_mmcm_wizi/inst/clk_10Mhz_clk_mmcm_wiz
    BUFGCTRL_X0Y0        BUFG (Prop_bufg_I_O)         0.029    -1.689 r  clock_geni/clk_mmcm_wizi/inst/clkout1_buf/O
                         net (fo=81, routed)          0.860    -0.829    seven_seg_segi/CLK
    SLICE_X59Y90         FDCE                                         r  seven_seg_segi/counter_reg[3]/C
                         clock pessimism              0.275    -0.554    
    SLICE_X59Y90         FDCE (Remov_fdce_C_CLR)     -0.092    -0.646    seven_seg_segi/counter_reg[3]
  -------------------------------------------------------------------
                         required time                          0.646    
                         arrival time                           0.231    
  -------------------------------------------------------------------
                         slack                                  0.877    

Slack (MET) :             0.918ns  (arrival time - required time)
  Source:                 clock_geni/locked_dd_reg/C
                            (rising edge-triggered cell FDRE clocked by clk_10Mhz_clk_mmcm_wiz_1  {rise@0.000ns fall@50.000ns period=100.000ns})
  Destination:            seven_seg_segi/counter_reg[10]/CLR
                            (removal check against rising-edge clock clk_10Mhz_clk_mmcm_wiz_1  {rise@0.000ns fall@50.000ns period=100.000ns})
  Path Group:             **async_default**
  Path Type:              Removal (Min at Fast Process Corner)
  Requirement:            0.000ns  (clk_10Mhz_clk_mmcm_wiz_1 rise@0.000ns - clk_10Mhz_clk_mmcm_wiz_1 rise@0.000ns)
  Data Path Delay:        0.862ns  (logic 0.186ns (21.573%)  route 0.676ns (78.427%))
  Logic Levels:           1  (LUT1=1)
  Clock Path Skew:        0.036ns (DCD - SCD - CPR)
    Destination Clock Delay (DCD):    -0.828ns
    Source Clock Delay      (SCD):    -0.589ns
    Clock Pessimism Removal (CPR):    -0.275ns

    Location             Delay type                Incr(ns)  Path(ns)    Netlist Resource(s)
  -------------------------------------------------------------------    -------------------
                         (clock clk_10Mhz_clk_mmcm_wiz_1 rise edge)
                                                      0.000     0.000 r  
    W5                                                0.000     0.000 r  clk (IN)
                         net (fo=0)                   0.000     0.000    clock_geni/clk_mmcm_wizi/inst/clk_in1
    W5                   IBUF (Prop_ibuf_I_O)         0.226     0.226 r  clock_geni/clk_mmcm_wizi/inst/clkin1_ibufg/O
                         net (fo=1, routed)           0.440     0.667    clock_geni/clk_mmcm_wizi/inst/clk_in1_clk_mmcm_wiz
    MMCME2_ADV_X1Y0      MMCME2_ADV (Prop_mmcme2_adv_CLKIN1_CLKOUT0)
                                                     -2.360    -1.693 r  clock_geni/clk_mmcm_wizi/inst/mmcm_adv_inst/CLKOUT0
                         net (fo=1, routed)           0.486    -1.207    clock_geni/clk_mmcm_wizi/inst/clk_10Mhz_clk_mmcm_wiz
    BUFGCTRL_X0Y0        BUFG (Prop_bufg_I_O)         0.026    -1.181 r  clock_geni/clk_mmcm_wizi/inst/clkout1_buf/O
                         net (fo=81, routed)          0.592    -0.589    clock_geni/clk_10Mhz
    SLICE_X62Y90         FDRE                                         r  clock_geni/locked_dd_reg/C
  -------------------------------------------------------------------    -------------------
    SLICE_X62Y90         FDRE (Prop_fdre_C_Q)         0.141    -0.448 r  clock_geni/locked_dd_reg/Q
                         net (fo=11, routed)          0.306    -0.142    clock_geni/reset_n
    SLICE_X62Y90         LUT1 (Prop_lut1_I0_O)        0.045    -0.097 f  clock_geni/disp_reg[3]_i_2/O
                         net (fo=28, routed)          0.370     0.273    seven_seg_segi/AR[0]
    SLICE_X59Y93         FDCE                                         f  seven_seg_segi/counter_reg[10]/CLR
  -------------------------------------------------------------------    -------------------

                         (clock clk_10Mhz_clk_mmcm_wiz_1 rise edge)
                                                      0.000     0.000 r  
    W5                                                0.000     0.000 r  clk (IN)
                         net (fo=0)                   0.000     0.000    clock_geni/clk_mmcm_wizi/inst/clk_in1
    W5                   IBUF (Prop_ibuf_I_O)         0.414     0.414 r  clock_geni/clk_mmcm_wizi/inst/clkin1_ibufg/O
                         net (fo=1, routed)           0.480     0.894    clock_geni/clk_mmcm_wizi/inst/clk_in1_clk_mmcm_wiz
    MMCME2_ADV_X1Y0      MMCME2_ADV (Prop_mmcme2_adv_CLKIN1_CLKOUT0)
                                                     -3.142    -2.248 r  clock_geni/clk_mmcm_wizi/inst/mmcm_adv_inst/CLKOUT0
                         net (fo=1, routed)           0.530    -1.718    clock_geni/clk_mmcm_wizi/inst/clk_10Mhz_clk_mmcm_wiz
    BUFGCTRL_X0Y0        BUFG (Prop_bufg_I_O)         0.029    -1.689 r  clock_geni/clk_mmcm_wizi/inst/clkout1_buf/O
                         net (fo=81, routed)          0.861    -0.828    seven_seg_segi/CLK
    SLICE_X59Y93         FDCE                                         r  seven_seg_segi/counter_reg[10]/C
                         clock pessimism              0.275    -0.553    
    SLICE_X59Y93         FDCE (Remov_fdce_C_CLR)     -0.092    -0.645    seven_seg_segi/counter_reg[10]
  -------------------------------------------------------------------
                         required time                          0.645    
                         arrival time                           0.273    
  -------------------------------------------------------------------
                         slack                                  0.918    

Slack (MET) :             0.918ns  (arrival time - required time)
  Source:                 clock_geni/locked_dd_reg/C
                            (rising edge-triggered cell FDRE clocked by clk_10Mhz_clk_mmcm_wiz_1  {rise@0.000ns fall@50.000ns period=100.000ns})
  Destination:            seven_seg_segi/counter_reg[11]/CLR
                            (removal check against rising-edge clock clk_10Mhz_clk_mmcm_wiz_1  {rise@0.000ns fall@50.000ns period=100.000ns})
  Path Group:             **async_default**
  Path Type:              Removal (Min at Fast Process Corner)
  Requirement:            0.000ns  (clk_10Mhz_clk_mmcm_wiz_1 rise@0.000ns - clk_10Mhz_clk_mmcm_wiz_1 rise@0.000ns)
  Data Path Delay:        0.862ns  (logic 0.186ns (21.573%)  route 0.676ns (78.427%))
  Logic Levels:           1  (LUT1=1)
  Clock Path Skew:        0.036ns (DCD - SCD - CPR)
    Destination Clock Delay (DCD):    -0.828ns
    Source Clock Delay      (SCD):    -0.589ns
    Clock Pessimism Removal (CPR):    -0.275ns

    Location             Delay type                Incr(ns)  Path(ns)    Netlist Resource(s)
  -------------------------------------------------------------------    -------------------
                         (clock clk_10Mhz_clk_mmcm_wiz_1 rise edge)
                                                      0.000     0.000 r  
    W5                                                0.000     0.000 r  clk (IN)
                         net (fo=0)                   0.000     0.000    clock_geni/clk_mmcm_wizi/inst/clk_in1
    W5                   IBUF (Prop_ibuf_I_O)         0.226     0.226 r  clock_geni/clk_mmcm_wizi/inst/clkin1_ibufg/O
                         net (fo=1, routed)           0.440     0.667    clock_geni/clk_mmcm_wizi/inst/clk_in1_clk_mmcm_wiz
    MMCME2_ADV_X1Y0      MMCME2_ADV (Prop_mmcme2_adv_CLKIN1_CLKOUT0)
                                                     -2.360    -1.693 r  clock_geni/clk_mmcm_wizi/inst/mmcm_adv_inst/CLKOUT0
                         net (fo=1, routed)           0.486    -1.207    clock_geni/clk_mmcm_wizi/inst/clk_10Mhz_clk_mmcm_wiz
    BUFGCTRL_X0Y0        BUFG (Prop_bufg_I_O)         0.026    -1.181 r  clock_geni/clk_mmcm_wizi/inst/clkout1_buf/O
                         net (fo=81, routed)          0.592    -0.589    clock_geni/clk_10Mhz
    SLICE_X62Y90         FDRE                                         r  clock_geni/locked_dd_reg/C
  -------------------------------------------------------------------    -------------------
    SLICE_X62Y90         FDRE (Prop_fdre_C_Q)         0.141    -0.448 r  clock_geni/locked_dd_reg/Q
                         net (fo=11, routed)          0.306    -0.142    clock_geni/reset_n
    SLICE_X62Y90         LUT1 (Prop_lut1_I0_O)        0.045    -0.097 f  clock_geni/disp_reg[3]_i_2/O
                         net (fo=28, routed)          0.370     0.273    seven_seg_segi/AR[0]
    SLICE_X59Y93         FDCE                                         f  seven_seg_segi/counter_reg[11]/CLR
  -------------------------------------------------------------------    -------------------

                         (clock clk_10Mhz_clk_mmcm_wiz_1 rise edge)
                                                      0.000     0.000 r  
    W5                                                0.000     0.000 r  clk (IN)
                         net (fo=0)                   0.000     0.000    clock_geni/clk_mmcm_wizi/inst/clk_in1
    W5                   IBUF (Prop_ibuf_I_O)         0.414     0.414 r  clock_geni/clk_mmcm_wizi/inst/clkin1_ibufg/O
                         net (fo=1, routed)           0.480     0.894    clock_geni/clk_mmcm_wizi/inst/clk_in1_clk_mmcm_wiz
    MMCME2_ADV_X1Y0      MMCME2_ADV (Prop_mmcme2_adv_CLKIN1_CLKOUT0)
                                                     -3.142    -2.248 r  clock_geni/clk_mmcm_wizi/inst/mmcm_adv_inst/CLKOUT0
                         net (fo=1, routed)           0.530    -1.718    clock_geni/clk_mmcm_wizi/inst/clk_10Mhz_clk_mmcm_wiz
    BUFGCTRL_X0Y0        BUFG (Prop_bufg_I_O)         0.029    -1.689 r  clock_geni/clk_mmcm_wizi/inst/clkout1_buf/O
                         net (fo=81, routed)          0.861    -0.828    seven_seg_segi/CLK
    SLICE_X59Y93         FDCE                                         r  seven_seg_segi/counter_reg[11]/C
                         clock pessimism              0.275    -0.553    
    SLICE_X59Y93         FDCE (Remov_fdce_C_CLR)     -0.092    -0.645    seven_seg_segi/counter_reg[11]
  -------------------------------------------------------------------
                         required time                          0.645    
                         arrival time                           0.273    
  -------------------------------------------------------------------
                         slack                                  0.918    





